dataset,fold,L0,L1,L2,L3,L4,L5,L6,L7,L8,L9,L10,L11,L12,L13,L14,L15,L16,L17,L18,L19,L20,L21,L22,L23,fusion4,fusion24
oral_diseases,0,0.48758522179574815,0.5153284580916161,0.5507915330283751,0.5909747416326363,0.5788994631099894,0.5740650431439905,0.5386672537988327,0.5926658867448341,0.6145537211326685,0.6384743180795812,0.6184764066343014,0.6807153372942846,0.6762351683404315,0.6489000035052667,0.6499683795736427,0.6351428542218016,0.6511379702169177,0.6306251497040971,0.6100569021621653,0.6203952480268269,0.6483296674086148,0.6527710593500069,0.6627929088455404,0.6901489592279066,0.6634644595170912,0.6778473719263192
oral_diseases,1,0.49060340244550776,0.5316121743753323,0.5968690666059088,0.6229930887825625,0.564127173995595,0.6344136857294751,0.6275594288752184,0.6185197843092579,0.680385623148781,0.6198669021037441,0.6397081719450141,0.6716108452950558,0.6766613503455609,0.645333029543556,0.6975848712690818,0.6523467760309866,0.6683308650413914,0.665198032961191,0.658977937267411,0.705277398040556,0.7335602263233844,0.733977937267411,0.7583618136249716,0.7713488266119846,0.7586086428191693,0.6867528670160249
oral_diseases,2,0.49799308878256243,0.572533606744133,0.5571447558289664,0.6235437077542342,0.6804254955570744,0.7276268322320953,0.7083599149388623,0.7219421660211134,0.681574200653148,0.6831406166932482,0.6771217817270448,0.7034204830257461,0.7412992709045341,0.7410524417103365,0.7331159337738286,0.6963193969772918,0.6901866408445356,0.7354940381256171,0.7235892762208552,0.7121924128503077,0.7071419077998026,0.7320336826915774,0.7345921622237412,0.7490791372370321,0.7550077846130477,0.7435207336523126
oral_diseases,3,0.4049395049395049,0.5033522033522034,0.5394938394938394,0.6231879231879233,0.6382395382395382,0.6279720279720279,0.6714507714507715,0.7051171051171051,0.6602175602175603,0.6890775890775892,0.6740925740925742,0.6850815850815851,0.7021756021756022,0.6931845931845932,0.6832500832500833,0.7165834165834166,0.7151626151626151,0.7405594405594406,0.7484959484959485,0.7149961149961149,0.757897657897658,0.7898101898101898,0.7593628593628594,0.7514263514263515,0.775935175935176,0.727983127983128
oral_diseases,4,0.4386358524516419,0.4873481781376518,0.5267102049996787,0.6072031039136302,0.5949778291883555,0.6388655934708566,0.645336899942163,0.6442436218752008,0.6031513077565709,0.6565243236295869,0.6609102885418675,0.6702565709144656,0.6144054045369833,0.6777753679069469,0.6802535184114131,0.6923358074673863,0.6637852644431591,0.6633675534991326,0.6952356853672643,0.705135434740698,0.7228913630229419,0.7457851359167148,0.7771134567187198,0.771756313861577,0.7291184692500481,0.6696958743011374
oral_diseases,5,0.5308824216718954,0.5374936467041731,0.5473698815804079,0.5954022585601534,0.6172929409771515,0.6259465680518311,0.647137803716751,0.6642181648760597,0.7021842923158712,0.7544570195885986,0.7954408895198369,0.7266416332205806,0.7145802297118086,0.7013004539320329,0.7001557652873441,0.7225416396469029,0.6851083127398916,0.7100000876316666,0.7120506686296161,0.7193989490042121,0.7323859619912252,0.7518095208884681,0.7771953193005824,0.756682498787762,0.7793320714373345,0.7799202989992464
oral_diseases,6,0.38616617300827827,0.48690001518948883,0.5628920786815523,0.5760955418850155,0.5391034404192299,0.6226627173995595,0.6450624667729931,0.6502904989747096,0.6443172324751273,0.6576773372826005,0.6775186071238704,0.6735503531556163,0.6938093339409128,0.694891585023164,0.7207963089542037,0.6428201184780132,0.7128598010176957,0.6886325662641452,0.7257566264145211,0.7380790992633097,0.7398828510670616,0.7146635528214477,0.7341108452950558,0.7286426293005241,0.7685719981772614,0.7191188197767145
oral_diseases,7,0.4011164274322168,0.561900015189489,0.5866417938786359,0.5460507328928382,0.5994066605908711,0.5998243715348979,0.6029116351484772,0.6571684894053315,0.6617110959216221,0.6807169438748385,0.6858576365155313,0.7066909698488646,0.7056989063568011,0.7100848712690818,0.6870205817574239,0.6795017847649427,0.6618012835118099,0.6732009949115213,0.7095769727348674,0.6987544619123567,0.6906404268246373,0.7116512873091819,0.7195004556846661,0.7354608111187059,0.7120689982532087,0.6860949722791828
oral_diseases,8,0.4673770673770673,0.5924963924963925,0.5524808524808524,0.6970584970584971,0.7285603285603287,0.7198135198135198,0.7178155178155178,0.6983571983571984,0.7093462093462094,0.7346209346209346,0.7584304584304584,0.7030747030747031,0.7127650127650129,0.7302253302253303,0.7471528471528471,0.7312798312798313,0.7473193473193473,0.7487845487845488,0.7712953712953713,0.7618936618936619,0.7604284604284605,0.7714174714174714,0.8049173049173051,0.8063825063825065,0.7872904872904873,0.7855810855810856
oral_diseases,9,0.35252634792108467,0.5088683246577983,0.6100475547843969,0.6484769616348564,0.563348274532485,0.6466703618019407,0.616059379217274,0.6551257952573742,0.6803450935029883,0.609038622196517,0.64830345093503,0.6754859906175695,0.630543506201401,0.639294550478761,0.6295514427093375,0.6485990617569566,0.66209112524902,0.6758024869866975,0.6980247092089199,0.6933182314761261,0.6790325171904119,0.6943102949681897,0.6863946725788831,0.6994441231283337,0.6658818520660627,0.6962944219523167
oral_diseases,10,0.4913606860975282,0.5562207529312793,0.572677979914822,0.6212543304648568,0.6539326170905119,0.6706380607696396,0.7157636953689586,0.6718562139614771,0.685427438059017,0.7221337872653661,0.7634590555643186,0.7654431825484457,0.7167766444082233,0.6576606872659505,0.6958392484708273,0.6980037506353296,0.7163450584503216,0.7582822878875509,0.7655681306997096,0.7849916895969528,0.8133398034713825,0.7893637794953584,0.8122575523891313,0.7929143225195857,0.8357395528448162,0.8069697115749748
oral_diseases,11,0.449083883952305,0.4919410268094478,0.5818912812333865,0.582396331738437,0.5681799194957089,0.5872066529961266,0.5639714817346396,0.6177688539530645,0.615607199817726,0.6264505961874384,0.6310833902939167,0.6106468823574087,0.6483661806030228,0.6633582061213641,0.6459852282220703,0.6550039872408293,0.6495357712462975,0.6466497683602946,0.6596367813473076,0.6699542416647679,0.6649037366142629,0.682941254651781,0.682454241664768,0.6849462671831094,0.6675732892838155,0.6669087491455913
oral_diseases,12,0.46685748462064247,0.5009483937115516,0.5371316548948128,0.5730415052783473,0.5844801397432977,0.5921318447634238,0.7126224652540442,0.6504262550315182,0.6118857750436698,0.6538894584947216,0.7323735475051264,0.7036037062352852,0.7598238019290652,0.7320460241512874,0.7435330751120225,0.7107047922837396,0.6906166932482722,0.6628389154704944,0.6759132680185311,0.6871772233614338,0.698664274322169,0.7494161540214173,0.7252696134275082,0.7739709121288069,0.768662185767449,0.7323735475051264
oral_diseases,13,0.5257853257853258,0.5999777999778001,0.6110889110889112,0.6600510600510601,0.6812631812631812,0.702952602952603,0.6938394938394937,0.7014097014097015,0.7011211011211012,0.6915972915972917,0.6852480852480853,0.6817848817848818,0.6853701853701855,0.705883005883006,0.7438561438561438,0.7436896436896436,0.7263514263514264,0.7247641247641248,0.7247641247641248,0.7408036408036408,0.7296481296481296,0.7342879342879343,0.7312798312798314,0.7233433233433233,0.7247641247641248,0.7292818292818294
oral_diseases,14,0.49739492963177173,0.5240031167662746,0.5780725853094274,0.5806310648415911,0.6447488914594178,0.7092980849559797,0.621631803868646,0.6935511856564488,0.705700147805411,0.6735323886639676,0.6373658505237453,0.6699055330634278,0.6587944219523167,0.6734978471820577,0.6531625538204487,0.6670056551635499,0.7037120043698992,0.7121979628558576,0.7260105391684339,0.7469201850780799,0.7350571942677206,0.7317604909710173,0.7615015101857207,0.7837237324079428,0.7723170104749052,0.708626534284429
aptos2019,0,0.5199464318175525,0.5421566664737236,0.6065490950433905,0.5882159012277327,0.6207747394398411,0.612641478520346,0.6254681138501974,0.6481711410421209,0.6607260158199639,0.671222862079522,0.6629001623487281,0.637689545190273,0.6414738031974991,0.6221965126307584,0.6414792679434682,0.6727613038030898,0.6685356594066393,0.6629095905289624,0.6844591753158352,0.6686486735718156,0.6367044270865108,0.661115063038205,0.656115372104996,0.6513815944755426,0.6622170992967275,
aptos2019,1,0.46356571603005703,0.5284381657043753,0.5535172324339422,0.5966512311898012,0.6295196117178838,0.6224838649337452,0.622802425043657,0.6391768303894225,0.6501411584723946,0.6492180419195301,0.6363112681314005,0.6486439282789347,0.6500956744412305,0.6483572998215,0.6409476813597196,0.6549272752728313,0.6327114429905171,0.6403463813595275,0.6124644609143411,0.6120948022930744,0.6267364460676823,0.6235514545124385,0.6203505041263622,0.6358481336761537,0.6341412179170759,
aptos2019,2,0.4766670304277703,0.5313149075644967,0.5256460524095156,0.5593777984755026,0.6453810748633041,0.6205820232646375,0.627209858856462,0.6114649387168285,0.6476770321662101,0.6320224043001638,0.6389565136289865,0.6695367159732153,0.6568210612603307,0.6397691808903603,0.6598772889984683,0.6474638804258035,0.6519086557800582,0.6492370280041063,0.6359220646065099,0.6692457823803426,0.6763694653853816,0.6614441078949271,0.651636069705087,0.6509276047727148,0.6798703936106631,
aptos2019,3,0.45974677151446014,0.5299378691805097,0.5229138495272586,0.5681758019346169,0.6419103053943657,0.6147556375568958,0.6356058931836668,0.6261989231825374,0.6387771193419816,0.6499124714648448,0.6768374622333494,0.6724229205025487,0.6498602243729245,0.6610794301978395,0.6851805680510316,0.6749568549722548,0.6692799966500139,0.657239034188891,0.6770035047959363,0.6502921225841081,0.6734934402452596,0.6692769321742043,0.6566800966420198,0.6622186132326984,0.6734131078352872,
aptos2019,4,0.5090285346361492,0.5017947017060382,0.557702756990878,0.5727091682970896,0.6060530306767833,0.5915863097563421,0.5810687172224187,0.6071563363739536,0.6378327398326216,0.6273045825599901,0.6342067186388092,0.6321614959905714,0.6420186148418134,0.6182949127602202,0.6515009071767699,0.6409105816008162,0.6326888292539355,0.6468132171996818,0.6321971237061501,0.6580419178756186,0.646509119411261,0.6376732578394203,0.6176272519009491,0.6332944915897002,0.6638440763765731,
aptos2019,5,0.48339242622701944,0.5346758789328863,0.5494926132906788,0.5987601071657132,0.6061911492042953,0.6252592380272084,0.6193264436719998,0.6056636105202704,0.613904061945848,0.6404182090153732,0.6445221040671061,0.6398500189217594,0.6502547313264718,0.6167924492044873,0.6413465561145264,0.629125817775144,0.6217253184268069,0.61268995557657,0.6203160244542469,0.6143877522222045,0.6195565353245056,0.6227006244164326,0.6167412023905287,0.6166850495195018,0.6206695494896819,
aptos2019,6,0.48730814437359343,0.49803663344369486,0.5425370049648185,0.5527941236443514,0.6180877129535751,0.6129901988182189,0.6078168187256406,0.6427095827656888,0.6635980603138685,0.6552024670225995,0.6704846636464084,0.6775877908303375,0.6748293191905098,0.6549525279721063,0.6590846216674658,0.6698286107673872,0.6496484504021007,0.685674784428435,0.6712959318266141,0.6483049606505168,0.6400585262332762,0.675316028846711,0.661689650902243,0.671669553882146,0.678598843604102,
aptos2019,7,0.4972870722264592,0.5269550188246372,0.5538356108585226,0.5705405544988154,0.633331210829591,0.6178424085384037,0.6528623904434037,0.6082567256678718,0.6143777109190509,0.6187895548959919,0.633692824050869,0.6434504715993518,0.6362776808453131,0.6334702441302281,0.6529954267615661,0.6283857140863104,0.6384296661561322,0.6643678259225468,0.6478976630040999,0.6515048428869266,0.6547362495130465,0.6444245104769543,0.6334335719352386,0.6459351765023863,0.676444933971015,
aptos2019,8,0.4955016540555768,0.5136037499540012,0.5396231405357186,0.5448202009230226,0.5850332625691093,0.6043107873355302,0.5752206422582967,0.6056127885714722,0.602192117889052,0.5932417573214325,0.6113596780968018,0.6127351417335923,0.6283066645686957,0.641058549887509,0.6161424035895607,0.6065547043827714,0.6453592961476431,0.6362072359697131,0.6138985614094306,0.6379569552180472,0.62288882360928,0.6164958537578848,0.6236665533085552,0.6304553506508997,0.6199653403344657,
aptos2019,9,0.456585922994684,0.5208459217917751,0.538471878565723,0.5421189157016044,0.6156884570808503,0.5836988858969507,0.5860433067863478,0.6073925984439866,0.6085310765381384,0.5965146062472452,0.6218273103754787,0.6375298944646457,0.651730151850029,0.6431413582514407,0.6146674831166117,0.6154987000143106,0.6151451749788757,0.6223707330232255,0.6186167835065641,0.6233703048878744,0.6061955977835672,0.6144719180892346,0.6123695250800565,0.5945294469694252,0.6281589272814708,
aptos2019,10,0.4902847020528133,0.5140850091804128,0.5181930424214098,0.5717270677337817,0.5839544366116506,0.5939138586375546,0.6119869283846466,0.5823397449969591,0.6334069814866096,0.644422955739872,0.6377003902167524,0.6347770240417783,0.6277260862946106,0.6295770911456156,0.6277458742479165,0.6623211705350773,0.6499006476021358,0.6461269101321687,0.6335368222383106,0.6512395403634429,0.6686602115989881,0.6614034174086759,0.6424899367833309,0.6603215530373612,0.6404492105066311,
aptos2019,11,0.4619538954926063,0.5237750983529659,0.5441267089247745,0.5715368016099975,0.5868411882467942,0.5921375429212887,0.5761757930846151,0.5751146592894093,0.6059285063341122,0.6259041368129588,0.6166421869434687,0.5987444574016714,0.607129132230968,0.5905749658762476,0.6149129314371814,0.6203805615631992,0.6175649195624311,0.6176577618403994,0.6171196291836228,0.638674045160453,0.6279200956437916,0.6141556255898714,0.6289353614739314,0.6144889787380985,0.6178626007936304,
aptos2019,12,0.48695790184287296,0.5011578515930835,0.5529901340375071,0.5576806359390049,0.6000825200523308,0.5776854997633437,0.6089542726913966,0.6127305596126198,0.6149103206215747,0.5883539133292642,0.6218541677505478,0.6095882372348403,0.5930149048997353,0.6217574369054251,0.6327232975028646,0.6449743294635073,0.6266099588484677,0.6086285233540973,0.6023259206434004,0.6147255638191363,0.6105607013652461,0.6121367314542111,0.6254924225601253,0.6162698426394844,0.6254927892820753,
aptos2019,13,0.4965837680490012,0.5611671972926022,0.6057006178440048,0.5822930463681203,0.6394954718087259,0.6185398058277066,0.6142219847905561,0.6268029637224435,0.6378671197607299,0.6519443128277815,0.6369842893271223,0.6463774939313227,0.6487233723699755,0.6547111715687706,0.6524233024517075,0.6470426082686284,0.6227240461739735,0.641881411765303,0.6509428700497295,0.6441909847309162,0.6491006924573288,0.6496183287376771,0.6351048900912744,0.6481723453581757,0.6370953870439292,
aptos2019,14,0.5138335881973786,0.5355683003440548,0.5786797823837333,0.6293566958096941,0.6428998149238632,0.6351308763824178,0.6192430086894192,0.658571782156441,0.676982138275388,0.6866085910869668,0.6864075014139153,0.6675623981776558,0.6842592706503086,0.6500701776873943,0.6690025835885421,0.626976745599839,0.6443718665543079,0.6848492989202877,0.6857835953180509,0.6984599833542892,0.6820647760477196,0.6428285302586618,0.6643412351853378,0.6738019848749326,0.682510302057826,
