dataset,arm,source,family,frontier_base,axis,primary,target_class,target_idx,target_is_minority,recall_mean,recall_ci_lo,recall_ci_hi,bacc_mean,bacc_ci_lo,bacc_ci_hi,frontier_mean,frontier_ci_lo,frontier_ci_hi,n_folds_total,n_folds_unreachable,comparable,gap_n_folds,gap_mean,gap_sd,gap_n_above,gap_ci_lo,gap_ci_hi,gap_ttest_p_nb,gap_se_nb,gap_mde_post,gap_tost_p,gap_equivalent,gap_zero_var,gap_noise_flag,above_band,note,mde_floor,exploratory,holm_p,holm_sig
aptos2019,B0,w11_preds_panderm,panderm,B0,tau,False,severe,3,True,0.3595141700404858,0.2826493034505388,0.4363790366304328,0.6457036359493563,0.6170010380524037,0.6744062338463089,0.677511946122941,0.6482420554466429,0.706781836799239,15,0,True,15,-0.03180831017358459,0.015969790185636316,0,-0.05108287098565799,-0.012533749361511196,0.003268469200030701,0.008986702929784348,0.02707551126070878,0.8950108709356978,False,False,False,False,,0.019,탐색적/exploratory,0.09151713760085964,False
aptos2019,B0,w11_preds_panderm,panderm,B0,offset,False,severe,3,True,0.3595141700404858,0.2826493034505388,0.4363790366304328,0.6457036359493563,0.6170010380524037,0.6744062338463089,0.6677919954391639,0.6425845054614722,0.6929994854168556,15,0,True,15,-0.02208835948980763,0.01430867229165292,0,-0.03935805251768161,-0.004818666461933654,0.015854160928102302,0.008051939675474065,0.024259217763981145,0.6004342173108369,False,False,False,False,,0.019,탐색적/exploratory,0.4280623450587622,False
aptos2019,B0,w11_preds_panderm,panderm,B0,union,True,severe,3,True,0.3595141700404858,0.2826493034505388,0.4363790366304328,0.6457036359493563,0.6170010380524037,0.6744062338463089,0.6791185683565064,0.6493731510838109,0.7088639856292019,15,0,True,15,-0.03341493240715012,0.015776550864763768,0,-0.052456265168125404,-0.014373599646174833,0.0020954032838399767,0.008877961089669454,0.026747889335343587,0.923491037086157,False,False,False,False,,0.019,탐색적/exploratory,0.05867129194751935,False
aptos2019,B0,w11_preds_panderm,dinov2,B0d,tau,False,severe,3,True,0.3595141700404858,0.2826493034505388,0.4363790366304328,0.6457036359493563,0.6170010380524037,0.6744062338463089,0.6582057241990561,0.6337745259739108,0.6826369224242014,15,0,True,15,-0.012502088249699813,0.021074750581078716,4,-0.03793802428595623,0.012933847786556605,0.3096503481959698,0.01185942461296702,0.035730566278062204,0.26871199949972796,False,False,True,False,잡음 수준 — 부호 해석 금지,0.019,탐색적/exploratory,1.0,False
aptos2019,B0,w11_preds_panderm,dinov2,B0d,offset,False,severe,3,True,0.3595141700404858,0.2826493034505388,0.4363790366304328,0.6457036359493563,0.6170010380524037,0.6744062338463089,0.6490874113006009,0.6248155980871664,0.6733592245140354,15,0,True,15,-0.003383775351244611,0.024900395943448415,7,-0.03343703154795893,0.026669480845469707,0.8126786559757198,0.014012235513215787,0.04221664423426998,0.12771176712678634,False,False,True,False,잡음 수준 — 부호 해석 금지,0.019,탐색적/exploratory,1.0,False
aptos2019,B0,w11_preds_panderm,dinov2,B0d,union,False,severe,3,True,0.3595141700404858,0.2826493034505388,0.4363790366304328,0.6457036359493563,0.6170010380524037,0.6744062338463089,0.6601894755446925,0.6365606400406512,0.6838183110487339,15,0,True,15,-0.01448583959533627,0.02246263357677037,4,-0.04159686559141958,0.012625186400747033,0.27100947046943347,0.012640430001177953,0.0380836116995477,0.33466013315765664,False,False,True,False,잡음 수준 — 부호 해석 금지,0.019,탐색적/exploratory,1.0,False
aptos2019,B0d,w11_preds_dinov2,panderm,B0,tau,False,severe,3,True,0.3526765632028791,0.25744877659206494,0.44790434981369326,0.6282280398333026,0.6055179158561758,0.6509381638104293,0.677511946122941,0.6482420554466429,0.706781836799239,15,0,True,15,-0.049283906289638406,0.024007827938932302,0,-0.0782598874513037,-0.020307925127973105,0.0026354497847812072,0.013509959440206935,0.04070336605238375,0.9760399172672782,False,False,False,False,,0.019,탐색적/exploratory,0.07642804375865501,False
aptos2019,B0d,w11_preds_dinov2,panderm,B0,offset,False,severe,3,True,0.3526765632028791,0.25744877659206494,0.44790434981369326,0.6282280398333026,0.6055179158561758,0.6509381638104293,0.6677919954391639,0.6425845054614722,0.6929994854168556,15,0,True,15,-0.03956395560586144,0.014826751706663472,0,-0.05745893882690814,-0.021668972384814744,0.0003152282718079495,0.008343479247542075,0.025137580276700707,0.9828498297476417,False,False,False,False,,0.019,탐색적/exploratory,0.009456848154238485,False
aptos2019,B0d,w11_preds_dinov2,panderm,B0,union,False,severe,3,True,0.3526765632028791,0.25744877659206494,0.44790434981369326,0.6282280398333026,0.6055179158561758,0.6509381638104293,0.6791185683565064,0.6493731510838109,0.7088639856292019,15,0,True,15,-0.050890528523203936,0.02249059819344511,0,-0.07803530610264671,-0.023745750943761166,0.0012629599320547278,0.012656166570016988,0.0381310234867332,0.9857263977455393,False,False,False,False,,0.019,탐색적/exploratory,0.03788879796164184,False
aptos2019,B0d,w11_preds_dinov2,dinov2,B0d,tau,False,severe,3,True,0.3526765632028791,0.25744877659206494,0.44790434981369326,0.6282280398333026,0.6055179158561758,0.6509381638104293,0.6582057241990561,0.6337745259739108,0.6826369224242014,15,0,True,15,-0.029977684365753623,0.013547260417878482,0,-0.04632839979320176,-0.013626968938305482,0.0015031822631092868,0.0076234692799784665,0.022968304387989556,0.8941621020911714,False,False,False,False,,0.019,탐색적/exploratory,0.03757955657773217,False
aptos2019,B0d,w11_preds_dinov2,dinov2,B0d,offset,False,severe,3,True,0.3526765632028791,0.25744877659206494,0.44790434981369326,0.6282280398333026,0.6055179158561758,0.6509381638104293,0.6490874113006009,0.6248155980871664,0.6733592245140354,15,0,True,15,-0.020859371467298424,0.010771787516863435,0,-0.03386026071725601,-0.007858482217340838,0.003973425463639389,0.006061623434719783,0.01826271045646661,0.5553601782722855,False,False,False,False,,0.019,탐색적/exploratory,0.11920276390918168,False
aptos2019,B0d,w11_preds_dinov2,dinov2,B0d,union,True,severe,3,True,0.3526765632028791,0.25744877659206494,0.44790434981369326,0.6282280398333026,0.6055179158561758,0.6509381638104293,0.6601894755446925,0.6365606400406512,0.6838183110487339,15,0,True,15,-0.03196143571139008,0.012998483121973641,0,-0.04764981047942764,-0.016273060943352527,0.0006414012797019325,0.00731465504537801,0.02203789605562105,0.9378656983740207,False,False,False,False,,0.019,탐색적/exploratory,0.019242038391057974,False
aptos2019,B1,w11_preds_panderm,panderm,B0,tau,False,severe,3,True,0.4285650022492128,0.33298405717596047,0.5241459473224651,0.6554548011915637,0.6232301015575482,0.6876795008255793,0.6767422856492474,0.6457734075601224,0.7077111637383725,15,0,True,15,-0.02128748445768367,0.015517495122496424,0,-0.04001615276909469,-0.0025588161462726487,0.028708411261790755,0.0087321822803708,0.02630868089331788,0.5575569868559113,False,False,False,False,,0.019,탐색적/exploratory,0.6397479520784572,False
aptos2019,B1,w11_preds_panderm,panderm,B0,offset,False,severe,3,True,0.4285650022492128,0.33298405717596047,0.5241459473224651,0.6554548011915637,0.6232301015575482,0.6876795008255793,0.6677919954391639,0.6425845054614722,0.6929994854168556,15,0,True,15,-0.012337194247600233,0.015730155037164465,4,-0.03132253007999385,0.006648141584793385,0.1851261714253636,0.00885185269907886,0.026669228893470984,0.20063073609002816,False,False,True,False,잡음 수준 — 부호 해석 금지,0.019,탐색적/exploratory,1.0,False
aptos2019,B1,w11_preds_panderm,panderm,B0,union,True,severe,3,True,0.4285650022492128,0.33298405717596047,0.5241459473224651,0.6554548011915637,0.6232301015575482,0.6876795008255793,0.6789844196213154,0.6489604608927001,0.7090083783499307,15,0,True,15,-0.02352961842975169,0.01539113138095086,0,-0.0421057734274279,-0.004953463432075481,0.01670087024682215,0.008661073430901542,0.02609444120279023,0.6551077862515435,False,False,False,False,,0.019,탐색적/exploratory,0.38412001567690945,False
aptos2019,B1,w11_preds_panderm,dinov2,B0d,tau,False,severe,3,True,0.4285650022492128,0.33298405717596047,0.5241459473224651,0.6554548011915637,0.6232301015575482,0.6876795008255793,0.6573310862099525,0.6338271427774719,0.6808350296424331,15,0,True,15,-0.0018762850183889604,0.029154555816325072,7,-0.03706405220246704,0.03331148216568912,0.9105728343726551,0.016406184998396727,0.049429234519051984,0.14395967327470213,False,False,True,False,잡음 수준 — 부호 해석 금지,0.019,탐색적/exploratory,1.0,False
aptos2019,B1,w11_preds_panderm,dinov2,B0d,offset,False,severe,3,True,0.4285650022492128,0.33298405717596047,0.5241459473224651,0.6554548011915637,0.6232301015575482,0.6876795008255793,0.64902829741419,0.6246718386462364,0.6733847561821436,15,0,True,15,0.006426503777373719,0.028656604928578692,9,-0.028160267115849763,0.041013274670597205,0.6962594013873806,0.0161259723813378,0.04858499832610667,0.20704699378441394,False,False,True,False,잡음 수준 — 부호 해석 금지,0.019,탐색적/exploratory,1.0,False
aptos2019,B1,w11_preds_panderm,dinov2,B0d,union,False,severe,3,True,0.4285650022492128,0.33298405717596047,0.5241459473224651,0.6554548011915637,0.6232301015575482,0.6876795008255793,0.6601894755446925,0.6365606400406512,0.6838183110487339,15,0,True,15,-0.004734674353128872,0.028314402513896553,6,-0.03890842784442295,0.029439079138165205,0.7707123239661008,0.015933404325849554,0.048004821302835475,0.17714053360405538,False,False,True,False,잡음 수준 — 부호 해석 금지,0.019,탐색적/exploratory,1.0,False
aptos2019,B1d,w11_preds_dinov2,panderm,B0,tau,False,severe,3,True,0.38209626630679266,0.28033158462552243,0.4838609479880629,0.632086311758716,0.607668551925878,0.656504071591554,0.6767422856492474,0.6457734075601224,0.7077111637383725,15,0,True,15,-0.04465597389053135,0.02805661724378166,0,-0.07851859631450839,-0.010793351466554323,0.013408571931815917,0.015788340451166942,0.04756776684546894,0.9296577644016899,False,False,False,False,,0.019,탐색적/exploratory,0.34862287022721383,False
aptos2019,B1d,w11_preds_dinov2,panderm,B0,offset,False,severe,3,True,0.38209626630679266,0.28033158462552243,0.4838609479880629,0.632086311758716,0.607668551925878,0.656504071591554,0.6677919954391639,0.6425845054614722,0.6929994854168556,15,0,True,15,-0.035705683680447915,0.018260575833440422,0,-0.05774508277547749,-0.01366628458541834,0.003717268315261429,0.010275800022064574,0.03095935643851058,0.9256576887171244,False,False,False,False,,0.019,탐색적/exploratory,0.10780078114258144,False
aptos2019,B1d,w11_preds_dinov2,panderm,B0,union,False,severe,3,True,0.38209626630679266,0.28033158462552243,0.4838609479880629,0.632086311758716,0.607668551925878,0.656504071591554,0.6789844196213154,0.6489604608927001,0.7090083783499307,15,0,True,15,-0.046898107862599375,0.025803510513371177,0,-0.07804136815428936,-0.015754847570909388,0.006051064433049073,0.01452044647009834,0.04374780328040742,0.9574184816584244,False,False,False,False,,0.019,탐색적/exploratory,0.16337873969232497,False
aptos2019,B1d,w11_preds_dinov2,dinov2,B0d,tau,False,severe,3,True,0.38209626630679266,0.28033158462552243,0.4838609479880629,0.632086311758716,0.607668551925878,0.656504071591554,0.6582057241990561,0.6337745259739108,0.6826369224242014,15,0,True,15,-0.0261194124403401,0.012346027393597924,0,-0.04102031301694624,-0.011218511863733963,0.0021131419141580073,0.0069474976978117055,0.02093170917305076,0.8033541005808494,False,False,False,False,,0.019,탐색적/exploratory,0.05071540593979218,False
aptos2019,B1d,w11_preds_dinov2,dinov2,B0d,offset,False,severe,3,True,0.38209626630679266,0.28033158462552243,0.4838609479880629,0.632086311758716,0.607668551925878,0.656504071591554,0.6490874113006009,0.6248155980871664,0.6733592245140354,15,0,True,15,-0.017001099541884897,0.013760671066306218,2,-0.03360938858008493,-0.0003928105036848685,0.045481015943474326,0.0077435621601715755,0.023330125197624077,0.35218752752814764,False,False,False,False,,0.019,탐색적/exploratory,1.0,False
aptos2019,B1d,w11_preds_dinov2,dinov2,B0d,union,True,severe,3,True,0.38209626630679266,0.28033158462552243,0.4838609479880629,0.632086311758716,0.607668551925878,0.656504071591554,0.6601894755446925,0.6365606400406512,0.6838183110487339,15,0,True,15,-0.028103163785976555,0.012290061206739554,0,-0.04293651659523683,-0.013269810976716277,0.0011621544624605003,0.006916003765232595,0.02083682294693956,0.8695547703893898,False,False,False,False,,0.019,탐색적/exploratory,0.033702479411354506,False
aptos2019,B2,w11_preds_panderm,panderm,B0,tau,False,severe,3,True,0.32991452991452985,0.2345466542858337,0.425282405543226,0.646060137363265,0.6170123094874742,0.6751079652390557,0.677511946122941,0.6482420554466429,0.706781836799239,15,0,True,15,-0.031451808759675896,0.02372629818161282,2,-0.060088000709035624,-0.0028156168103161683,0.0335982551302655,0.01335153379619315,0.0402260547022707,0.7972527493612886,False,False,False,False,,0.019,탐색적/exploratory,0.67196510260531,False
aptos2019,B2,w11_preds_panderm,panderm,B0,offset,False,severe,3,True,0.32991452991452985,0.2345466542858337,0.425282405543226,0.646060137363265,0.6170123094874742,0.6751079652390557,0.6677919954391639,0.6425845054614722,0.6929994854168556,15,0,True,15,-0.021731858075898933,0.02193997464189582,4,-0.04821206667819619,0.004748350526398326,0.10019583183226348,0.012346313389330435,0.03719748497451195,0.5547788836278648,False,False,False,False,,0.019,탐색적/exploratory,1.0,False
aptos2019,B2,w11_preds_panderm,panderm,B0,union,True,severe,3,True,0.32991452991452985,0.2345466542858337,0.425282405543226,0.646060137363265,0.6170123094874742,0.6751079652390557,0.6791185683565064,0.6493731510838109,0.7088639856292019,15,0,True,15,-0.033058430993241426,0.02427389857696166,2,-0.06235554315496311,-0.0037613188315197416,0.029699485365552974,0.013659685751856204,0.04115446769319223,0.8223509150790929,False,False,False,False,,0.019,탐색적/exploratory,0.5642902219455065,False
aptos2019,B2,w11_preds_panderm,dinov2,B0d,tau,False,severe,3,True,0.32991452991452985,0.2345466542858337,0.425282405543226,0.646060137363265,0.6170123094874742,0.6751079652390557,0.6582057241990561,0.6337745259739108,0.6826369224242014,15,0,True,15,-0.012145586835791115,0.021158783378522044,3,-0.03768294532316945,0.013391771651587224,0.32500359741894846,0.011906712509564505,0.035873037213935366,0.2600876390833315,False,False,True,False,잡음 수준 — 부호 해석 금지,0.019,탐색적/exploratory,1.0,False
aptos2019,B2,w11_preds_panderm,dinov2,B0d,offset,False,severe,3,True,0.32991452991452985,0.2345466542858337,0.425282405543226,0.646060137363265,0.6170123094874742,0.6751079652390557,0.6490874113006009,0.6248155980871664,0.6733592245140354,15,0,True,15,-0.0030272739373359133,0.026707333979114567,6,-0.03526139391793519,0.02920684604326336,0.8432611627212545,0.015029056344942497,0.0452801642031225,0.1388696006597233,False,False,True,False,잡음 수준 — 부호 해석 금지,0.019,탐색적/exploratory,1.0,False
aptos2019,B2,w11_preds_panderm,dinov2,B0d,union,False,severe,3,True,0.32991452991452985,0.2345466542858337,0.425282405543226,0.646060137363265,0.6170123094874742,0.6751079652390557,0.6601894755446925,0.6365606400406512,0.6838183110487339,15,0,True,15,-0.01412933818142757,0.021969887264887508,3,-0.04064564949166275,0.012386973128807611,0.2722651738066761,0.012363146162557395,0.03724819945173641,0.32110752564878986,False,False,True,False,잡음 수준 — 부호 해석 금지,0.019,탐색적/exploratory,1.0,False
aptos2019,B3,w11_preds_panderm,panderm,B0,tau,False,severe,3,True,0.5789023841655421,0.511242516131358,0.6465622521997262,0.6636538848253793,0.6363193417099946,0.6909884279407641,0.6713319991685615,0.6319892237699859,0.710674774567137,15,0,True,15,-0.007678114343181908,0.024936738528121748,5,-0.037775233818637614,0.022419005132273802,0.5928848852046203,0.014032686627999596,0.04227826020098764,0.19735899620651579,False,False,True,False,잡음 수준 — 부호 해석 금지,0.019,탐색적/exploratory,1.0,False
aptos2019,B3,w11_preds_panderm,panderm,B0,offset,False,severe,3,True,0.5789023841655421,0.511242516131358,0.6465622521997262,0.6636538848253793,0.6363193417099946,0.6909884279407641,0.6656740394870428,0.6397652457182184,0.6915828332558673,15,0,True,15,-0.002020154661663409,0.01979580098860322,8,-0.025912476698662812,0.021872167375335996,0.8586945085281165,0.011139719474944375,0.03356220879243319,0.06441323191404205,False,False,True,False,잡음 수준 — 부호 해석 금지,0.019,탐색적/exploratory,1.0,False
aptos2019,B3,w11_preds_panderm,panderm,B0,union,True,severe,3,True,0.5789023841655421,0.511242516131358,0.6465622521997262,0.6636538848253793,0.6363193417099946,0.6909884279407641,0.6766307048805458,0.6440904340368335,0.709170975724258,15,0,True,15,-0.012976820055166228,0.020578795807647134,5,-0.03781416898855995,0.011860528878227495,0.28131724360244603,0.01158033527217863,0.03488971433844644,0.27695366015046,False,False,True,False,잡음 수준 — 부호 해석 금지,0.019,탐색적/exploratory,1.0,False
aptos2019,B3,w11_preds_panderm,dinov2,B0d,tau,False,severe,3,True,0.5789023841655421,0.511242516131358,0.6465622521997262,0.6636538848253793,0.6363193417099946,0.6909884279407641,0.650426816784037,0.6169204529694603,0.6839331805986137,15,2,False,13,0.010483963906805411,0.028675841395290686,8,-0.02523993752685842,0.04620786534046924,0.5345657688665262,0.016396039598830507,0.05003123793285038,0.2861959981179503,False,False,True,False,이 축의 recall 범위 밖 — 비교 불가 · 잡음 수준 — 부호 해석 금지,0.019,탐색적/exploratory,,False
aptos2019,B3,w11_preds_panderm,dinov2,B0d,offset,False,severe,3,True,0.5789023841655421,0.511242516131358,0.6465622521997262,0.6636538848253793,0.6363193417099946,0.6909884279407641,0.6472255919512845,0.6215855499799151,0.6728656339226539,15,0,True,15,0.016428292874094974,0.027286261513271456,10,-0.01650455726095098,0.04936114300914093,0.3027598621330389,0.015354837066346086,0.046261689870522794,0.40971475776145916,False,False,True,False,잡음 수준 — 부호 해석 금지,0.019,탐색적/exploratory,1.0,False
aptos2019,B3,w11_preds_panderm,dinov2,B0d,union,False,severe,3,True,0.5789023841655421,0.511242516131358,0.6465622521997262,0.6636538848253793,0.6363193417099946,0.6909884279407641,0.6561197934806822,0.6298901036828974,0.6823494832784669,15,0,True,15,0.007534091344697321,0.025127778058260983,9,-0.022793601168874474,0.03786178385826912,0.6025177295541609,0.014140190576720916,0.04260215255582757,0.19644043278923298,False,False,True,False,잡음 수준 — 부호 해석 금지,0.019,탐색적/exploratory,1.0,False
aptos2019,B3d,w11_preds_dinov2,panderm,B0,tau,False,severe,3,True,0.5491677912730545,0.45075550095947503,0.6475800815866339,0.635644061077903,0.6144063525240753,0.6568817696317308,0.6715241948235053,0.6306181051320153,0.7124302845149953,15,0,True,15,-0.03588013374560216,0.03437056373732789,2,-0.07736330373090491,0.005603036239700598,0.0847603245433409,0.019341396614865853,0.058272561798835575,0.7873089898248363,False,False,False,False,,0.019,탐색적/exploratory,1.0,False
aptos2019,B3d,w11_preds_dinov2,panderm,B0,offset,False,severe,3,True,0.5491677912730545,0.45075550095947503,0.6475800815866339,0.635644061077903,0.6144063525240753,0.6568817696317308,0.6663714738162062,0.640357315522948,0.6923856321094645,15,0,True,15,-0.03072741273830323,0.020550044291733783,1,-0.055530060349045285,-0.005924765127561172,0.018766154584476558,0.01156415589040274,0.03484096842608157,0.8153450270567311,False,False,False,False,,0.019,탐색적/exploratory,0.4879200191963905,False
aptos2019,B3d,w11_preds_dinov2,panderm,B0,union,False,severe,3,True,0.5491677912730545,0.45075550095947503,0.6475800815866339,0.635644061077903,0.6144063525240753,0.6568817696317308,0.6777772730271702,0.6452399178360736,0.7103146282182667,15,0,True,15,-0.04213321194926701,0.026099291944096964,1,-0.07363346235211912,-0.010632961546414896,0.012382898280067117,0.014686891978723117,0.04424927721120005,0.9229806266330057,False,False,False,False,,0.019,탐색적/exploratory,0.2971895587216108,False
aptos2019,B3d,w11_preds_dinov2,dinov2,B0d,tau,False,severe,3,True,0.5491677912730545,0.45075550095947503,0.6475800815866339,0.635644061077903,0.6144063525240753,0.6568817696317308,0.6507573249410974,0.6198123846921282,0.6817022651900666,15,0,True,15,-0.015113263863194271,0.02868783848975094,3,-0.04973773175601476,0.019511204029626212,0.3650497273757845,0.01614354848800116,0.04863795234913396,0.3832827388758984,False,False,True,False,잡음 수준 — 부호 해석 금지,0.019,탐색적/exploratory,1.0,False
aptos2019,B3d,w11_preds_dinov2,dinov2,B0d,offset,False,severe,3,True,0.5491677912730545,0.45075550095947503,0.6475800815866339,0.635644061077903,0.6144063525240753,0.6568817696317308,0.6474089022836356,0.6230011740136991,0.671816630553572,15,0,True,15,-0.011764841205732512,0.022052737725121143,6,-0.03838114795833223,0.014851465546867205,0.3591920584376949,0.012409768720841553,0.03738866582874795,0.2588618860797125,False,False,True,False,잡음 수준 — 부호 해석 금지,0.019,탐색적/exploratory,1.0,False
aptos2019,B3d,w11_preds_dinov2,dinov2,B0d,union,True,severe,3,True,0.5491677912730545,0.45075550095947503,0.6475800815866339,0.635644061077903,0.6144063525240753,0.6568817696317308,0.6575607946052343,0.6327923394838245,0.6823292497266441,15,0,True,15,-0.02191673352733104,0.02296807882925577,3,-0.04963780105451512,0.0058043339998530355,0.1120564150762929,0.012924859932852422,0.03894055399285655,0.557888882894809,False,False,False,False,,0.019,탐색적/exploratory,1.0,False
aptos2019,B4,w11_preds_panderm,panderm,B0,tau,False,severe,3,True,0.4737741790373369,0.35092567788619,0.5966226801884837,0.6649790345496154,0.6346638159298256,0.6952942531694052,0.6749250310610722,0.6399526089997859,0.7098974531223584,15,0,True,15,-0.009945996511456742,0.02325945596248667,3,-0.03801873843188099,0.018126745408967512,0.4599292528143057,0.013088827004832708,0.03943456078694718,0.22758416175594973,False,False,True,False,잡음 수준 — 부호 해석 금지,0.019,탐색적/exploratory,1.0,False
aptos2019,B4,w11_preds_panderm,panderm,B0,offset,False,severe,3,True,0.4737741790373369,0.35092567788619,0.5966226801884837,0.6649790345496154,0.6346638159298256,0.6952942531694052,0.6675670652355267,0.6418032725051348,0.6933308579659185,15,0,True,15,-0.002588030685911269,0.02476344241426421,5,-0.032475992342371494,0.027299930970548957,0.855328757690833,0.013935167457364247,0.04198445039962863,0.11598467355670654,False,False,True,False,잡음 수준 — 부호 해석 금지,0.019,탐색적/exploratory,1.0,False
aptos2019,B4,w11_preds_panderm,panderm,B0,union,True,severe,3,True,0.4737741790373369,0.35092567788619,0.5966226801884837,0.6649790345496154,0.6346638159298256,0.6952942531694052,0.677829992910915,0.6452645879942369,0.710395397827593,15,0,True,15,-0.012850958361299628,0.02290805309945053,3,-0.040499578500886785,0.014797661778287532,0.33573823683200754,0.012891081567849957,0.03883878513400605,0.2939688219446723,False,False,True,False,잡음 수준 — 부호 해석 금지,0.019,탐색적/exploratory,1.0,False
aptos2019,B4,w11_preds_panderm,dinov2,B0d,tau,False,severe,3,True,0.4737741790373369,0.35092567788619,0.5966226801884837,0.6649790345496154,0.6346638159298256,0.6952942531694052,0.6549567855742177,0.6255856878349634,0.6843278833134719,15,1,False,14,0.00785215632909476,0.02926913958088196,8,-0.027997092703344738,0.04370140536153425,0.6439236268500632,0.016594042375682346,0.05028858046037237,0.23856135397880004,False,False,True,False,이 축의 recall 범위 밖 — 비교 불가 · 잡음 수준 — 부호 해석 금지,0.019,탐색적/exploratory,,False
aptos2019,B4,w11_preds_panderm,dinov2,B0d,offset,False,severe,3,True,0.4737741790373369,0.35092567788619,0.5966226801884837,0.6649790345496154,0.6346638159298256,0.6952942531694052,0.6480893696888684,0.6225775736678142,0.6736011657099227,15,0,True,15,0.016889664860746847,0.030243624242274267,11,-0.01961254135856333,0.053391871080057024,0.3378466558364859,0.0170190380353149,0.05127566356337289,0.42880470269074034,False,False,True,False,잡음 수준 — 부호 해석 금지,0.019,탐색적/exploratory,1.0,False
aptos2019,B4,w11_preds_panderm,dinov2,B0d,union,False,severe,3,True,0.4737741790373369,0.35092567788619,0.5966226801884837,0.6649790345496154,0.6346638159298256,0.6952942531694052,0.6581956734178701,0.6325093319889981,0.6838820148467422,15,0,True,15,0.00678336113174524,0.029456042113009603,9,-0.028768281588072764,0.042335003851563247,0.6885615700692078,0.01657584081442251,0.04994038059711212,0.21928312932696012,False,False,True,False,잡음 수준 — 부호 해석 금지,0.019,탐색적/exploratory,1.0,False
aptos2019,B4d,w11_preds_dinov2,panderm,B0,tau,False,severe,3,True,0.4008097165991903,0.3179929355582175,0.4836264976401631,0.6370332824458066,0.620132154290831,0.6539344106007822,0.6763748747318566,0.6447393416650036,0.7080104077987097,15,0,True,15,-0.039341592286050026,0.02590681914752822,0,-0.07060953978579507,-0.008073644786304977,0.01730441434248173,0.0145785814859288,0.043922954866930035,0.8970808923699719,False,False,False,False,,0.019,탐색적/exploratory,0.4326103585620433,False
aptos2019,B4d,w11_preds_dinov2,panderm,B0,offset,False,severe,3,True,0.4008097165991903,0.3179929355582175,0.4836264976401631,0.6370332824458066,0.620132154290831,0.6539344106007822,0.6675670652355267,0.6418032725051348,0.6933308579659185,15,0,True,15,-0.03053378278972003,0.021456603816719044,2,-0.056430592345670924,-0.0046369732337691386,0.024085805522351046,0.012074305431787235,0.03637796811999854,0.8011505136395856,False,False,False,False,,0.019,탐색적/exploratory,0.5780593325364252,False
aptos2019,B4d,w11_preds_dinov2,panderm,B0,union,False,severe,3,True,0.4008097165991903,0.3179929355582175,0.4836264976401631,0.6370332824458066,0.620132154290831,0.6539344106007822,0.6786170087039246,0.6478640399693388,0.7093699774385104,15,0,True,15,-0.04158372625811804,0.025027628634050395,0,-0.07179054453697527,-0.01137690797926082,0.010492052268241736,0.014083833347633523,0.04243235715892836,0.9261616398652635,False,False,False,False,,0.019,탐색적/exploratory,0.2623013067060434,False
aptos2019,B4d,w11_preds_dinov2,dinov2,B0d,tau,False,severe,3,True,0.4008097165991903,0.3179929355582175,0.4836264976401631,0.6370332824458066,0.620132154290831,0.6539344106007822,0.6582057241990561,0.6337745259739108,0.6826369224242014,15,0,True,15,-0.02117244175324951,0.01602235774520087,1,-0.040510448397221226,-0.0018344351092777975,0.034077242211515806,0.009016284347953216,0.027164635384093836,0.5508060849101846,False,False,False,False,,0.019,탐색적/exploratory,0.7156220864418319,False
aptos2019,B4d,w11_preds_dinov2,dinov2,B0d,offset,False,severe,3,True,0.4008097165991903,0.3179929355582175,0.4836264976401631,0.6370332824458066,0.620132154290831,0.6539344106007822,0.64902829741419,0.6246718386462364,0.6733847561821436,15,0,True,15,-0.011995014968383377,0.01684130847780613,4,-0.03232144509908878,0.008331415162322027,0.2262861757703729,0.009477133667981991,0.02855310132665599,0.20625057871259547,False,False,True,False,잡음 수준 — 부호 해석 금지,0.019,탐색적/exploratory,1.0,False
aptos2019,B4d,w11_preds_dinov2,dinov2,B0d,union,True,severe,3,True,0.4008097165991903,0.3179929355582175,0.4836264976401631,0.6370332824458066,0.620132154290831,0.6539344106007822,0.6601894755446925,0.6365606400406512,0.6838183110487339,15,0,True,15,-0.023156193098885967,0.015347036132821772,0,-0.041679127826808604,-0.004633258370963334,0.017900807459698742,0.008636259648694957,0.026019681210743703,0.6398841176155964,False,False,False,False,,0.019,탐색적/exploratory,0.5012226088715648,False
aptos2019,B5,w11_preds_panderm,panderm,B0,tau,False,severe,3,True,0.34480431848852894,0.18798384644378766,0.5016247905332702,0.644048393316875,0.6119585302429621,0.676138256390788,0.677511946122941,0.6482420554466429,0.706781836799239,15,0,True,15,-0.03346355280606586,0.024229871516593997,2,-0.06270752699649494,-0.004219578615636783,0.02781512835123727,0.013634910341046379,0.04107982330808111,0.8299050314865184,False,False,False,False,,0.019,탐색적/exploratory,0.6397479520784572,False
aptos2019,B5,w11_preds_panderm,panderm,B0,offset,False,severe,3,True,0.34480431848852894,0.18798384644378766,0.5016247905332702,0.644048393316875,0.6119585302429621,0.676138256390788,0.6677919954391639,0.6425845054614722,0.6929994854168556,15,0,True,15,-0.023743602122288897,0.024071656646085803,3,-0.052796620632803826,0.0053094163882260285,0.10149134818116427,0.013545877860105566,0.04081158255737237,0.6068470101359245,False,False,False,False,,0.019,탐색적/exploratory,1.0,False
aptos2019,B5,w11_preds_panderm,panderm,B0,union,True,severe,3,True,0.34480431848852894,0.18798384644378766,0.5016247905332702,0.644048393316875,0.6119585302429621,0.676138256390788,0.6791185683565064,0.6493731510838109,0.7088639856292019,15,0,True,15,-0.03507017503963139,0.024816400147701874,2,-0.06502205344401057,-0.005118296635252213,0.024916659225754027,0.01396496843863619,0.04207423603183579,0.8506167360204354,False,False,False,False,,0.019,탐색적/exploratory,0.5232498437408346,False
aptos2019,B5,w11_preds_panderm,dinov2,B0d,tau,False,severe,3,True,0.34480431848852894,0.18798384644378766,0.5016247905332702,0.644048393316875,0.6119585302429621,0.676138256390788,0.6582057241990561,0.6337745259739108,0.6826369224242014,15,0,True,15,-0.014157330882181081,0.027669430903435606,5,-0.04755264305499924,0.019237981290637078,0.3786091756289481,0.015570458526688688,0.04691132314795179,0.3565526349109506,False,False,True,False,잡음 수준 — 부호 해석 금지,0.019,탐색적/exploratory,1.0,False
aptos2019,B5,w11_preds_panderm,dinov2,B0d,offset,False,severe,3,True,0.34480431848852894,0.18798384644378766,0.5016247905332702,0.644048393316875,0.6119585302429621,0.676138256390788,0.64902829741419,0.6246718386462364,0.6733847561821436,15,0,True,15,-0.004979904097314946,0.032847321565395125,7,-0.04462461386910533,0.034664805674475434,0.7915413814207977,0.018484220363321143,0.055690025641532345,0.21502749105539562,False,False,True,False,잡음 수준 — 부호 해석 금지,0.019,탐색적/exploratory,1.0,False
aptos2019,B5,w11_preds_panderm,dinov2,B0d,union,False,severe,3,True,0.34480431848852894,0.18798384644378766,0.5016247905332702,0.644048393316875,0.6119585302429621,0.676138256390788,0.6601894755446925,0.6365606400406512,0.6838183110487339,15,0,True,15,-0.016141082227817537,0.028266171826972542,5,-0.050256624227456505,0.01797445977182143,0.32743626336298975,0.015906263402240214,0.0479230500026654,0.40591528639126234,False,False,True,False,잡음 수준 — 부호 해석 금지,0.019,탐색적/exploratory,1.0,False
aptos2019,B5s,w11_preds_panderm,panderm,B0,tau,False,severe,3,True,0.34430949167791275,0.22259474393900466,0.4660242394168208,0.6462757317609816,0.6150309092525046,0.6775205542694587,0.677511946122941,0.6482420554466429,0.706781836799239,15,0,True,15,-0.031236214361959256,0.022866738094281077,1,-0.05883496981513958,-0.0036374589087789302,0.02928515118916874,0.012867832315750559,0.0387687388231467,0.8013582275876874,False,False,False,False,,0.019,탐색적/exploratory,0.6397479520784572,False
aptos2019,B5s,w11_preds_panderm,panderm,B0,offset,False,severe,3,True,0.34430949167791275,0.22259474393900466,0.4660242394168208,0.6462757317609816,0.6150309092525046,0.6775205542694587,0.6677919954391639,0.6425845054614722,0.6929994854168556,15,0,True,15,-0.02151626367818229,0.022355782310851342,3,-0.04849832672617027,0.005465799369805697,0.10926634804245254,0.012580301435096392,0.03790245386215709,0.5471107458609645,False,False,False,False,,0.019,탐색적/exploratory,1.0,False
aptos2019,B5s,w11_preds_panderm,panderm,B0,union,True,severe,3,True,0.34430949167791275,0.22259474393900466,0.4660242394168208,0.6462757317609816,0.6150309092525046,0.6775205542694587,0.6791185683565064,0.6493731510838109,0.7088639856292019,15,0,True,15,-0.03284283659552478,0.02355434369807187,1,-0.06127148999169176,-0.004414183199357803,0.026580986096092902,0.01325476960310958,0.03993451952858821,0.825486841338598,False,False,False,False,,0.019,탐색적/exploratory,0.531619721921858,False
aptos2019,B5s,w11_preds_panderm,dinov2,B0d,tau,False,severe,3,True,0.34430949167791275,0.22259474393900466,0.4660242394168208,0.6462757317609816,0.6150309092525046,0.6775205542694587,0.6582057241990561,0.6337745259739108,0.6826369224242014,15,0,True,15,-0.011929992438074473,0.024502683275319737,5,-0.041503233749278716,0.01764324887312977,0.4015026726764929,0.013788430093211021,0.041542353983786307,0.28383907747578496,False,False,True,False,잡음 수준 — 부호 해석 금지,0.019,탐색적/exploratory,1.0,False
aptos2019,B5s,w11_preds_panderm,dinov2,B0d,offset,False,severe,3,True,0.34430949167791275,0.22259474393900466,0.4660242394168208,0.6462757317609816,0.6150309092525046,0.6775205542694587,0.6489698650200361,0.624737043176926,0.6732026868631461,15,0,True,15,-0.0026941332590545135,0.028110226021163105,6,-0.036621458201204195,0.031233191683095164,0.8671989915045379,0.01581850779533088,0.04765865627098999,0.14620496344611122,False,False,True,False,잡음 수준 — 부호 해석 금지,0.019,탐색적/exploratory,1.0,False
aptos2019,B5s,w11_preds_panderm,dinov2,B0d,union,False,severe,3,True,0.34430949167791275,0.22259474393900466,0.4660242394168208,0.6462757317609816,0.6150309092525046,0.6775205542694587,0.6601894755446925,0.6365606400406512,0.6838183110487339,15,0,True,15,-0.01391374378371093,0.025318437557634254,4,-0.04447155066148864,0.016644063094066783,0.34535315253830373,0.01424748067018439,0.0429254005986782,0.3378721131236475,False,False,True,False,잡음 수준 — 부호 해석 금지,0.019,탐색적/exploratory,1.0,False
aptos2019,B0cp,w10_cp,panderm,B0,tau,False,severe,3,True,0.3632928475033738,0.24707757207238312,0.4795081229343645,0.6195775960813175,0.5849093054557046,0.6542458867069303,0.682245376249136,0.623645216564707,0.740845535933565,5,0,True,5,-0.0626677801678184,0.01639854194046144,0,-0.0932099988935766,-0.032125561442060205,0.004691227658975901,0.011000476353225928,0.040893277306857045,0.9910696721980025,False,False,False,False,,0.019,탐색적/exploratory,0.12666314679234933,False
aptos2019,B0cp,w10_cp,panderm,B0,offset,False,severe,3,True,0.3632928475033738,0.24707757207238312,0.4795081229343645,0.6195775960813175,0.5849093054557046,0.6542458867069303,0.6698679219717989,0.6179841591644131,0.7217516847791847,5,0,True,5,-0.050290325890481345,0.025425116092019546,0,-0.09764450284289913,-0.002936148938063557,0.04202800955339128,0.017055686375273854,0.06340297367198319,0.9248051590836565,False,False,False,False,,0.019,탐색적/exploratory,0.9666442197279995,False
aptos2019,B0cp,w10_cp,panderm,B0,union,True,severe,3,True,0.3632928475033738,0.24707757207238312,0.4795081229343645,0.6195775960813175,0.5849093054557046,0.6542458867069303,0.6862550353168072,0.626006026480917,0.7465040441526974,5,0,True,5,-0.06667743923548956,0.01872812496194793,0,-0.10155849701415753,-0.031796381456821586,0.006056994286317393,0.01256320815180787,0.04670259162595145,0.9897216347855357,False,False,False,False,,0.019,탐색적/exploratory,0.16337873969232497,False
aptos2019,B0cp,w10_cp,dinov2,B0d,tau,False,severe,3,True,0.3632928475033738,0.24707757207238312,0.4795081229343645,0.6195775960813175,0.5849093054557046,0.6542458867069303,0.6634970050920749,0.6225744327831859,0.7044195774009638,5,0,True,5,-0.043919409010757325,0.02819641715912427,1,-0.09643512310798652,0.00859630508647187,0.08096169862630521,0.018914731646923012,0.07031380656489301,0.8626600037218671,False,False,False,False,,0.019,탐색적/exploratory,1.0,False
aptos2019,B0cp,w10_cp,dinov2,B0d,offset,False,severe,3,True,0.3632928475033738,0.24707757207238312,0.4795081229343645,0.6195775960813175,0.5849093054557046,0.6542458867069303,0.6560396795027763,0.6118469236366453,0.7002324353689073,5,0,True,5,-0.036462083421458805,0.0333791793232611,1,-0.09863067130438,0.025706504461462387,0.17877233637869347,0.022391434199990175,0.08323813429860433,0.7485005501103066,False,False,True,False,잡음 수준 — 부호 해석 금지,0.019,탐색적/exploratory,1.0,False
aptos2019,B0cp,w10_cp,dinov2,B0d,union,False,severe,3,True,0.3632928475033738,0.24707757207238312,0.4795081229343645,0.6195775960813175,0.5849093054557046,0.6542458867069303,0.6652258894559895,0.6283542941904665,0.7020974847215125,5,0,True,5,-0.04564829337467187,0.02829964371092817,1,-0.09835626651145149,0.007059679762107744,0.07398885096402148,0.018983978122997937,0.07057122408552831,0.8759783630957291,False,False,False,False,,0.019,탐색적/exploratory,1.0,False
aptos2019,B1cp,w10_cp,panderm,B0,tau,False,severe,3,True,0.3786774628879892,0.29638513647661485,0.46096978929936355,0.6226717714202384,0.6048225834077998,0.6405209594326771,0.682245376249136,0.623645216564707,0.740845535933565,5,0,True,5,-0.05957360482889758,0.030268557138654142,0,-0.11594867134385817,-0.0031985383139369952,0.04264455576433486,0.020304765402860157,0.07548113150812244,0.9384494659503729,False,False,False,False,,0.019,탐색적/exploratory,0.8102465595223624,False
aptos2019,B1cp,w10_cp,panderm,B0,offset,False,severe,3,True,0.3786774628879892,0.29638513647661485,0.46096978929936355,0.6226717714202384,0.6048225834077998,0.6405209594326771,0.6698679219717989,0.6179841591644131,0.7217516847791847,5,0,True,5,-0.047196150551560526,0.030806158920109003,0,-0.10457249823262518,0.010180197129504125,0.0844297033354207,0.020665399641307574,0.07682175671794371,0.8707412712857313,False,False,False,False,,0.019,탐색적/exploratory,1.0,False
aptos2019,B1cp,w10_cp,panderm,B0,union,True,severe,3,True,0.3786774628879892,0.29638513647661485,0.46096978929936355,0.6226717714202384,0.6048225834077998,0.6405209594326771,0.6862550353168072,0.626006026480917,0.7465040441526974,5,0,True,5,-0.06358326389656874,0.03208464547681218,0,-0.12334078767210213,-0.0038257401210353356,0.04179466860794439,0.02152303449603996,0.08000993683091787,0.9435707627570399,False,False,False,False,,0.019,탐색적/exploratory,0.752304034942999,False
aptos2019,B1cp,w10_cp,dinov2,B0d,tau,False,severe,3,True,0.3786774628879892,0.29638513647661485,0.46096978929936355,0.6226717714202384,0.6048225834077998,0.6405209594326771,0.6634970050920749,0.6225744327831859,0.7044195774009638,5,0,True,5,-0.040825233671836506,0.026691583511473636,0,-0.09053820112370553,0.00888773378003252,0.08478006765133786,0.017905258547630275,0.06656118149142658,0.8452736608327109,False,False,False,False,,0.019,탐색적/exploratory,1.0,False
aptos2019,B1cp,w10_cp,dinov2,B0d,offset,False,severe,3,True,0.3786774628879892,0.29638513647661485,0.46096978929936355,0.6226717714202384,0.6048225834077998,0.6405209594326771,0.6560396795027763,0.6118469236366453,0.7002324353689073,5,0,True,5,-0.03336790808253798,0.031667924980008325,0,-0.09234929160077897,0.025613475435703012,0.19133626062220102,0.021243489888498685,0.07897075500017202,0.718338833277853,False,False,True,False,잡음 수준 — 부호 해석 금지,0.019,탐색적/exploratory,1.0,False
aptos2019,B1cp,w10_cp,dinov2,B0d,union,False,severe,3,True,0.3786774628879892,0.29638513647661485,0.46096978929936355,0.6226717714202384,0.6048225834077998,0.6405209594326771,0.6652258894559895,0.6283542941904665,0.7020974847215125,5,0,True,5,-0.04255411803575104,0.02553296991179055,0,-0.09010917229578644,0.0050009362242843455,0.06788509154490026,0.01712803691706614,0.06367193027657111,0.8708589656697792,False,False,False,False,,0.019,탐색적/exploratory,1.0,False
aptos2019,B2cp,w10_cp,panderm,B0,tau,False,severe,3,True,0.37314439946018896,0.21922007722665882,0.5270687216937191,0.619220895395326,0.5820541601325867,0.6563876306580653,0.682245376249136,0.623645216564707,0.740845535933565,5,0,True,5,-0.06302448085380993,0.033654914850502156,0,-0.12570662505253255,-0.00034233665508731637,0.049231140109738065,0.022576403214806997,0.08392573990523447,0.9353092809920786,False,False,False,False,,0.019,탐색적/exploratory,0.8861605219752852,False
aptos2019,B2cp,w10_cp,panderm,B0,offset,False,severe,3,True,0.37314439946018896,0.21922007722665882,0.5270687216937191,0.619220895395326,0.5820541601325867,0.6563876306580653,0.6698679219717989,0.6179841591644131,0.7217516847791847,5,0,True,5,-0.05064702657647289,0.03103885710648828,0,-0.10845677369824921,0.007162720545303446,0.07179166254497661,0.020821498330203067,0.0774020394954589,0.8924874670501727,False,False,False,False,,0.019,탐색적/exploratory,1.0,False
aptos2019,B2cp,w10_cp,panderm,B0,union,True,severe,3,True,0.37314439946018896,0.21922007722665882,0.5270687216937191,0.619220895395326,0.5820541601325867,0.6563876306580653,0.6862550353168072,0.626006026480917,0.7465040441526974,5,0,True,5,-0.0670341399214811,0.03533273640637812,0,-0.13284122005221582,-0.0012270597907463737,0.04743083453678497,0.023701920130722934,0.08810974738620247,0.9408975873624208,False,False,False,False,,0.019,탐색적/exploratory,0.8063241871253445,False
aptos2019,B2cp,w10_cp,dinov2,B0d,tau,False,severe,3,True,0.37314439946018896,0.21922007722665882,0.5270687216937191,0.619220895395326,0.5820541601325867,0.6563876306580653,0.6634970050920749,0.6225744327831859,0.7044195774009638,5,0,True,5,-0.04427610969674887,0.023038412955301856,0,-0.08718506161027312,-0.001367157783224618,0.045702624026733835,0.015454637238530033,0.05745121810900076,0.9043388714565463,False,False,False,False,,0.019,탐색적/exploratory,0.9140524805346767,False
aptos2019,B2cp,w10_cp,dinov2,B0d,offset,False,severe,3,True,0.37314439946018896,0.21922007722665882,0.5270687216937191,0.619220895395326,0.5820541601325867,0.6563876306580653,0.6560396795027763,0.6118469236366453,0.7002324353689073,5,0,True,5,-0.03681878410745034,0.03168571820109279,0,-0.09583330742874033,0.02219573921383964,0.1582736285377056,0.02125542594406375,0.07901512620869963,0.7634690544008328,False,False,True,False,잡음 수준 — 부호 해석 금지,0.019,탐색적/exploratory,1.0,False
aptos2019,B2cp,w10_cp,dinov2,B0d,union,False,severe,3,True,0.37314439946018896,0.21922007722665882,0.5270687216937191,0.619220895395326,0.5820541601325867,0.6563876306580653,0.6652258894559895,0.6283542941904665,0.7020974847215125,5,0,True,5,-0.046004994060663405,0.023208583264684626,0,-0.08923088749427333,-0.002779100627053485,0.04176338345852409,0.015568790952389645,0.057875574230188166,0.9149122212285928,False,False,False,False,,0.019,탐색적/exploratory,1.0,False
aptos2019,B3cp,w10_cp,panderm,B0,tau,False,severe,3,True,0.49284750337381916,0.3401501490153226,0.6455448577323157,0.5824384534458471,0.542343958610003,0.6225329482816913,0.6811431434969637,0.6192487050495074,0.74303758194442,5,0,True,5,-0.09870469005111664,0.021723217881559155,0,-0.139164096404119,-0.05824528369811427,0.002479189839939773,0.014572377561961574,0.05417149744490499,0.9971556973394974,False,False,False,False,,0.019,탐색적/exploratory,0.07437569519819319,False
aptos2019,B3cp,w10_cp,panderm,B0,offset,False,severe,3,True,0.49284750337381916,0.3401501490153226,0.6455448577323157,0.5824384534458471,0.542343958610003,0.6225329482816913,0.6691931313608871,0.6149797559215546,0.7234065068002196,5,0,True,5,-0.08675467791503992,0.023199376752595348,0,-0.1299634242567344,-0.04354593157334542,0.005075107950605551,0.015562615036329455,0.057852615820028125,0.993624020704264,False,False,False,False,,0.019,탐색적/exploratory,0.14210302261695543,False
aptos2019,B3cp,w10_cp,panderm,B0,union,True,severe,3,True,0.49284750337381916,0.3401501490153226,0.6455448577323157,0.5824384534458471,0.542343958610003,0.6225329482816913,0.685152802564635,0.6213937761674924,0.7489118289617775,5,0,True,5,-0.10271434911878781,0.020811380261637934,0,-0.1414754615544942,-0.06395323668308142,0.0018179242142899164,0.013960698291185934,0.051897635001180074,0.9979669840673477,False,False,False,False,,0.019,탐색적/exploratory,0.05271980221440758,False
aptos2019,B3cp,w10_cp,dinov2,B0d,tau,False,severe,3,True,0.49284750337381916,0.3401501490153226,0.6455448577323157,0.5824384534458471,0.542343958610003,0.6225329482816913,0.6618497489716886,0.6176129117621678,0.7060865861812093,5,0,True,5,-0.07941129552584147,0.03254412492739603,0,-0.1400245979389315,-0.01879799311275146,0.02201320131471821,0.02183126268177088,0.08115574727295274,0.9735444572985276,False,False,False,False,,0.019,탐색적/exploratory,0.5063036302385188,False
aptos2019,B3cp,w10_cp,dinov2,B0d,offset,False,severe,3,True,0.49284750337381916,0.3401501490153226,0.6455448577323157,0.5824384534458471,0.542343958610003,0.6225329482816913,0.6556156326943359,0.6105453999301058,0.7006858654585659,5,0,True,5,-0.07317717924848881,0.03285341626687287,0,-0.13436653554335573,-0.011987822953621885,0.029367880658928824,0.02203874161974753,0.08192703148588806,0.9633377249079118,False,False,False,False,,0.019,탐색적/exploratory,0.8516685391089359,False
aptos2019,B3cp,w10_cp,dinov2,B0d,union,False,severe,3,True,0.49284750337381916,0.3401501490153226,0.6455448577323157,0.5824384534458471,0.542343958610003,0.6225329482816913,0.6635786333356031,0.6227564193879792,0.7044008472832269,5,0,True,5,-0.08114017988975601,0.03240720915617658,0,-0.14149847722698178,-0.020781882552530245,0.02025453178682071,0.02173941679027933,0.08081431846663037,0.9759007282436628,False,False,False,False,,0.019,탐색적/exploratory,0.5468723582441591,False
aptos2019,B4cp,w10_cp,panderm,B0,tau,False,severe,3,True,0.3840755735492577,0.24264178639963394,0.5255093606988814,0.629829494658571,0.5997204774541173,0.6599385118630247,0.682245376249136,0.623645216564707,0.740845535933565,5,0,True,5,-0.052415881590565025,0.022661006719950975,0,-0.09462191590139007,-0.010209847279739982,0.02610018534683566,0.015201465439316976,0.05651007481128716,0.9500321164192413,False,False,False,False,,0.019,탐색적/exploratory,0.6264044483240558,False
aptos2019,B4cp,w10_cp,panderm,B0,offset,False,severe,3,True,0.3840755735492577,0.24264178639963394,0.5255093606988814,0.629829494658571,0.5997204774541173,0.6599385118630247,0.6698679219717989,0.6179841591644131,0.7217516847791847,5,0,True,5,-0.04003842731322797,0.016576491750755002,0,-0.07091207684837923,-0.009164777778076717,0.02274544080030403,0.011119848714945806,0.041337033280129415,0.9270542711544655,False,False,False,False,,0.019,탐색적/exploratory,0.5686360200076007,False
aptos2019,B4cp,w10_cp,panderm,B0,union,True,severe,3,True,0.3840755735492577,0.24264178639963394,0.5255093606988814,0.629829494658571,0.5997204774541173,0.6599385118630247,0.6862550353168072,0.626006026480917,0.7465040441526974,5,0,True,5,-0.0564255406582362,0.022354964700751514,0,-0.0980615729332949,-0.014789508383177496,0.019729307587960345,0.014996166211646587,0.05574689347454925,0.9639702452698792,False,False,False,False,,0.019,탐색적/exploratory,0.4340447669351276,False
aptos2019,B4cp,w10_cp,dinov2,B0d,tau,False,severe,3,True,0.3840755735492577,0.24264178639963394,0.5255093606988814,0.629829494658571,0.5997204774541173,0.6599385118630247,0.6634970050920749,0.6225744327831859,0.7044195774009638,5,0,True,5,-0.03366751043350395,0.01453904491672251,0,-0.06074642339554663,-0.006588597471461274,0.02600728160140841,0.00975308782851429,0.03625622312733822,0.8831366426887484,False,False,False,False,,0.019,탐색적/exploratory,0.572160195230985,False
aptos2019,B4cp,w10_cp,dinov2,B0d,offset,False,severe,3,True,0.3840755735492577,0.24264178639963394,0.5255093606988814,0.629829494658571,0.5997204774541173,0.6599385118630247,0.6560396795027763,0.6118469236366453,0.7002324353689073,5,0,True,5,-0.026210184844205432,0.022951786520484026,1,-0.06895779536962061,0.01653742568120975,0.16390412681125652,0.015396526459459695,0.057235196536230964,0.6463392785088741,False,False,True,False,잡음 수준 — 부호 해석 금지,0.019,탐색적/exploratory,1.0,False
aptos2019,B4cp,w10_cp,dinov2,B0d,union,False,severe,3,True,0.3840755735492577,0.24264178639963394,0.5255093606988814,0.629829494658571,0.5997204774541173,0.6599385118630247,0.6652258894559895,0.6283542941904665,0.7020974847215125,5,0,True,5,-0.0353963947974185,0.015328177308306748,0,-0.06394506368013106,-0.006847725914705942,0.026235904389108,0.010282453929763093,0.03822409379767232,0.8956733990808821,False,False,False,False,,0.019,탐색적/exploratory,0.682133514116808,False
aptos2019,S1_ce_e2e,w10_decouple,panderm,B0,tau,False,severe,3,True,0.435357624831309,0.16482973927721928,0.7058855103853987,0.6681761515362736,0.6011082920343773,0.7352440110381699,0.682245376249136,0.623645216564707,0.740845535933565,5,0,True,5,-0.014069224712862339,0.026714330594032148,2,-0.06382455851494698,0.035686109089222304,0.47629258296246635,0.017920517754497465,0.0666179062147809,0.378646938376944,False,False,True,False,잡음 수준 — 부호 해석 금지,0.019,탐색적/exploratory,1.0,False
aptos2019,S1_ce_e2e,w10_decouple,panderm,B0,offset,False,severe,3,True,0.435357624831309,0.16482973927721928,0.7058855103853987,0.6681761515362736,0.6011082920343773,0.7352440110381699,0.6675006973808455,0.6152347715035097,0.7197666232581813,5,0,True,5,0.0006754541554281346,0.019108022921502498,3,-0.034913162052294805,0.036264070363151074,0.960501191058323,0.012818051450431113,0.04764994857175666,0.10306987059536127,False,False,True,False,잡음 수준 — 부호 해석 금지,0.019,탐색적/exploratory,1.0,False
aptos2019,S1_ce_e2e,w10_decouple,panderm,B0,union,True,severe,3,True,0.435357624831309,0.16482973927721928,0.7058855103853987,0.6681761515362736,0.6011082920343773,0.7352440110381699,0.6862550353168072,0.626006026480917,0.7465040441526974,5,0,True,5,-0.018078883780533506,0.02350142727492103,1,-0.06185019801104366,0.025692430449976645,0.3154149814253328,0.015765236686497316,0.058605843504232674,0.4544441635743039,False,False,True,False,잡음 수준 — 부호 해석 금지,0.019,탐색적/exploratory,1.0,False
aptos2019,S1_ce_e2e,w10_decouple,dinov2,B0d,tau,False,severe,3,True,0.435357624831309,0.16482973927721928,0.7058855103853987,0.6681761515362736,0.6011082920343773,0.7352440110381699,0.6634970050920749,0.6225744327831859,0.7044195774009638,5,0,True,5,0.004679146444198734,0.021856017497157834,4,-0.036027598661299905,0.045385891549697376,0.7655874532870027,0.014661462252320921,0.054502661735403364,0.17751189017876415,False,False,True,False,잡음 수준 — 부호 해석 금지,0.019,탐색적/exploratory,1.0,False
aptos2019,S1_ce_e2e,w10_decouple,dinov2,B0d,offset,False,severe,3,True,0.435357624831309,0.16482973927721928,0.7058855103853987,0.6681761515362736,0.6011082920343773,0.7352440110381699,0.6548723930984647,0.6122574832578933,0.697487302939036,5,0,True,5,0.013303758437808866,0.03200863134732204,4,-0.04631218932581047,0.07291970620142821,0.5690794007985728,0.02147204266780283,0.07982037931490421,0.38536359645024015,False,False,True,False,잡음 수준 — 부호 해석 금지,0.019,탐색적/exploratory,1.0,False
aptos2019,S1_ce_e2e,w10_decouple,dinov2,B0d,union,False,severe,3,True,0.435357624831309,0.16482973927721928,0.7058855103853987,0.6681761515362736,0.6011082920343773,0.7352440110381699,0.6652258894559895,0.6283542941904665,0.7020974847215125,5,0,True,5,0.0029502620802841937,0.025190993623784196,4,-0.04396786271216593,0.04986838687273431,0.8698854845844095,0.016898632249063565,0.06281913914254302,0.18503956656233872,False,False,True,False,잡음 수준 — 부호 해석 금지,0.019,탐색적/exploratory,1.0,False
aptos2019,S1_ce__B0,w10_decouple,panderm,B0,tau,False,severe,3,True,0.40944669365722,0.3442447605797059,0.47464862673473407,0.6796260987245566,0.6366928046580658,0.7225593927910474,0.682245376249136,0.623645216564707,0.740845535933565,5,0,True,5,-0.0026192775245793554,0.016931454005513394,2,-0.0341540428384127,0.028915487789253992,0.8289312794364548,0.011357964634271715,0.042222207704172975,0.10034760175893044,False,False,True,False,잡음 수준 — 부호 해석 금지,0.019,탐색적/exploratory,1.0,False
aptos2019,S1_ce__B0,w10_decouple,panderm,B0,offset,False,severe,3,True,0.40944669365722,0.3442447605797059,0.47464862673473407,0.6796260987245566,0.6366928046580658,0.7225593927910474,0.6692105717701169,0.6150579810382388,0.723363162501995,5,0,True,5,0.010415526954439725,0.033395953095701,4,-0.0517843020125105,0.07261535592138994,0.6661677758160308,0.022402686388614593,0.08327996329354531,0.3454024790049017,False,False,True,False,잡음 수준 — 부호 해석 금지,0.019,탐색적/exploratory,1.0,False
aptos2019,S1_ce__B0,w10_decouple,panderm,B0,union,True,severe,3,True,0.40944669365722,0.3442447605797059,0.47464862673473407,0.6796260987245566,0.6366928046580658,0.7225593927910474,0.6862550353168072,0.626006026480917,0.7465040441526974,5,0,True,5,-0.006628936592250523,0.02169622780279112,2,-0.04703807403158046,0.03378020084707942,0.6724041197818457,0.014554272066708554,0.05410419190154616,0.20511811549089679,False,False,True,False,잡음 수준 — 부호 해석 금지,0.019,탐색적/exploratory,1.0,False
aptos2019,S1_ce__B0,w10_decouple,dinov2,B0d,tau,False,severe,3,True,0.40944669365722,0.3442447605797059,0.47464862673473407,0.6796260987245566,0.6366928046580658,0.7225593927910474,0.6634970050920749,0.6225744327831859,0.7044195774009638,5,0,True,5,0.016129093632481717,0.03462922008577323,4,-0.04836769016708721,0.08062587743205064,0.5256971587626791,0.023229987035877014,0.0863553787299617,0.4378711006667198,False,False,True,False,잡음 수준 — 부호 해석 금지,0.019,탐색적/exploratory,1.0,False
aptos2019,S1_ce__B0,w10_decouple,dinov2,B0d,offset,False,severe,3,True,0.40944669365722,0.3442447605797059,0.47464862673473407,0.6796260987245566,0.6366928046580658,0.7225593927910474,0.6560396795027763,0.6118469236366453,0.7002324353689073,5,0,True,5,0.02358641922178024,0.03835756102217695,4,-0.047854384648431406,0.0950272230919919,0.4111903547810343,0.025731034169005195,0.09565279555887363,0.5520574322353318,False,False,True,False,잡음 수준 — 부호 해석 금지,0.019,탐색적/exploratory,1.0,False
aptos2019,S1_ce__B0,w10_decouple,dinov2,B0d,union,False,severe,3,True,0.40944669365722,0.3442447605797059,0.47464862673473407,0.6796260987245566,0.6366928046580658,0.7225593927910474,0.6652258894559895,0.6283542941904665,0.7020974847215125,5,0,True,5,0.014400209268567176,0.034521551391197634,4,-0.04989604201831957,0.07869646055545393,0.5677410594300173,0.023157760679841103,0.08608688377470695,0.4104089793833957,False,False,True,False,잡음 수준 — 부호 해석 금지,0.019,탐색적/exploratory,1.0,False
aptos2019,S1_ce__B1,w10_decouple,panderm,B0,tau,False,severe,3,True,0.4769230769230769,0.4251564730319634,0.5286896808141903,0.6862809481912603,0.6485625910801093,0.7239993053024113,0.6815291517913556,0.6217521548827176,0.7413061486999937,5,0,True,5,0.004751796399904773,0.0174066293630875,3,-0.027667981115428633,0.037171573915238176,0.7048821734381832,0.011676721954502258,0.04340715925274438,0.13081778100033473,False,False,True,False,잡음 수준 — 부호 해석 금지,0.019,탐색적/exploratory,1.0,False
aptos2019,S1_ce__B1,w10_decouple,panderm,B0,offset,False,severe,3,True,0.4769230769230769,0.4251564730319634,0.5286896808141903,0.6862809481912603,0.6485625910801093,0.7239993053024113,0.6692105717701169,0.6150579810382388,0.723363162501995,5,0,True,5,0.017070376421143462,0.021860325935549995,4,-0.023644393133615212,0.05778514597590213,0.3090930730384273,0.014664352440657443,0.05451340574950961,0.42569949997674494,False,False,True,False,잡음 수준 — 부호 해석 금지,0.019,탐색적/exploratory,1.0,False
aptos2019,S1_ce__B1,w10_decouple,panderm,B0,union,True,severe,3,True,0.4769230769230769,0.4251564730319634,0.5286896808141903,0.6862809481912603,0.6485625910801093,0.7239993053024113,0.6862550353168072,0.626006026480917,0.7465040441526974,5,0,True,5,2.5912874453215552e-05,0.017495151554519035,3,-0.03255873686809414,0.03261056261700057,0.9983440300662775,0.011736104445769703,0.043627908300748974,0.08199134774139638,False,False,True,False,잡음 수준 — 부호 해석 금지,0.019,탐색적/exploratory,1.0,False
aptos2019,S1_ce__B1,w10_decouple,dinov2,B0d,tau,False,severe,3,True,0.4769230769230769,0.4251564730319634,0.5286896808141903,0.6862809481912603,0.6485625910801093,0.7239993053024113,0.6634970050920749,0.6225744327831859,0.7044195774009638,5,0,True,5,0.022783943099185456,0.024119241448026445,4,-0.022138047555812234,0.06770593375418314,0.23184689507702533,0.016179679033055276,0.06014649549613748,0.564129153513441,False,False,True,False,잡음 수준 — 부호 해석 금지,0.019,탐색적/exploratory,1.0,False
aptos2019,S1_ce__B1,w10_decouple,dinov2,B0d,offset,False,severe,3,True,0.4769230769230769,0.4251564730319634,0.5286896808141903,0.6862809481912603,0.6485625910801093,0.7239993053024113,0.6560396795027763,0.6118469236366453,0.7002324353689073,5,0,True,5,0.03024126868848398,0.031266317785783856,4,-0.027992123038024792,0.08847466041499275,0.22280206624997825,0.020974083592537024,0.07796926142705574,0.6745458180830107,False,False,True,False,잡음 수준 — 부호 해석 금지,0.019,탐색적/exploratory,1.0,False
aptos2019,S1_ce__B1,w10_decouple,dinov2,B0d,union,False,severe,3,True,0.4769230769230769,0.4251564730319634,0.5286896808141903,0.6862809481912603,0.6485625910801093,0.7239993053024113,0.6652258894559895,0.6283542941904665,0.7020974847215125,5,0,True,5,0.021055058735270915,0.02496544273084462,4,-0.025442978421890534,0.06755309589243236,0.2770750835734686,0.016747328110363967,0.06225667967234895,0.5236049731136041,False,False,True,False,잡음 수준 — 부호 해석 금지,0.019,탐색적/exploratory,1.0,False
aptos2019,S1_ce__B3,w10_decouple,panderm,B0,tau,False,severe,3,True,0.559919028340081,0.3877440545793649,0.7320940021007971,0.6861839572629161,0.6393231749935951,0.7330447395322371,0.6766354528333758,0.6005311180211055,0.7527397876456461,5,0,True,5,0.00954850442954045,0.01883495446379472,3,-0.025531522868711326,0.04462853172779223,0.4918758708907953,0.012634871560247427,0.04696899387436081,0.2273094096923068,False,False,True,False,잡음 수준 — 부호 해석 금지,0.019,탐색적/exploratory,1.0,False
aptos2019,S1_ce__B3,w10_decouple,panderm,B0,offset,False,severe,3,True,0.559919028340081,0.3877440545793649,0.7320940021007971,0.6861839572629161,0.6393231749935951,0.7330447395322371,0.6661735816938797,0.6113433529693815,0.721003810418378,5,0,True,5,0.020010375569036464,0.026266408737504444,4,-0.028910705568159615,0.06893145670623255,0.31952857672125123,0.01762004263855631,0.06550091710945109,0.50022081888151,False,False,True,False,잡음 수준 — 부호 해석 금지,0.019,탐색적/exploratory,1.0,False
aptos2019,S1_ce__B3,w10_decouple,panderm,B0,union,True,severe,3,True,0.559919028340081,0.3877440545793649,0.7320940021007971,0.6861839572629161,0.6393231749935951,0.7330447395322371,0.6826335955343715,0.6110031100522862,0.7542640810164568,5,0,True,5,0.003550361728544682,0.01905778309250332,3,-0.03194468299876197,0.03904540645585134,0.7949965310989189,0.012784349548585077,0.0475246647955178,0.13380794119055342,False,False,True,False,잡음 수준 — 부호 해석 금지,0.019,탐색적/exploratory,1.0,False
aptos2019,S1_ce__B3,w10_decouple,dinov2,B0d,tau,False,severe,3,True,0.559919028340081,0.3877440545793649,0.7320940021007971,0.6861839572629161,0.6393231749935951,0.7330447395322371,0.6676127069217115,0.6157691491256873,0.7194562647177357,5,1,False,4,0.012511792186363446,0.011333218470764218,3,-0.012991682118277278,0.038015266491004174,0.2163783264370769,0.008013795633346012,0.033344751448807754,0.20951004402375872,False,False,True,False,이 축의 recall 범위 밖 — 비교 불가 · 잡음 수준 — 부호 해석 금지,0.019,탐색적/exploratory,,False
aptos2019,S1_ce__B3,w10_decouple,dinov2,B0d,offset,False,severe,3,True,0.559919028340081,0.3877440545793649,0.7320940021007971,0.6861839572629161,0.6393231749935951,0.7330447395322371,0.652712208443177,0.6051914582304124,0.7002329586559416,5,0,True,5,0.03347174881973913,0.03509201965968984,4,-0.03188699733380425,0.09883049497328251,0.22812176479142204,0.023540442428047658,0.08750946861078038,0.7011200840310137,False,False,True,False,잡음 수준 — 부호 해석 금지,0.019,탐색적/exploratory,1.0,False
aptos2019,S1_ce__B3,w10_decouple,dinov2,B0d,union,False,severe,3,True,0.559919028340081,0.3877440545793649,0.7320940021007971,0.6861839572629161,0.6393231749935951,0.7330447395322371,0.6607765865449278,0.6117377885082587,0.7098153845815969,5,0,True,5,0.02540737071798842,0.03533829068523824,4,-0.040410054234891205,0.09122479567086804,0.3441764426064438,0.0237056460542521,0.0881235981704058,0.5846245337632006,False,False,True,False,잡음 수준 — 부호 해석 금지,0.019,탐색적/exploratory,1.0,False
aptos2019,S1_ce__B4,w10_decouple,panderm,B0,tau,False,severe,3,True,0.5187584345479082,0.3900957382070543,0.6474211308887621,0.6923077089305488,0.6378042706593027,0.746811147201795,0.6767936124846101,0.6005795479187412,0.753007677050479,5,0,True,5,0.015514096445938753,0.013883972731826498,4,-0.010344747193788837,0.041372940085666346,0.1710953606265053,0.009313652047835252,0.03462266030143447,0.3276107620216764,False,False,True,False,잡음 수준 — 부호 해석 금지,0.019,탐색적/exploratory,1.0,False
aptos2019,S1_ce__B4,w10_decouple,panderm,B0,offset,False,severe,3,True,0.5187584345479082,0.3900957382070543,0.6474211308887621,0.6923077089305488,0.6378042706593027,0.746811147201795,0.6691931313608871,0.6149797559215546,0.7234065068002196,5,0,True,5,0.02311457756966191,0.015826268729590205,5,-0.006361784591483361,0.05259093973080718,0.09504002664937942,0.01061658381286288,0.03946619146029766,0.6080843974383362,False,False,False,False,,0.019,탐색적/exploratory,1.0,False
aptos2019,S1_ce__B4,w10_decouple,panderm,B0,union,True,severe,3,True,0.5187584345479082,0.3900957382070543,0.6474211308887621,0.6923077089305488,0.6378042706593027,0.746811147201795,0.6827917551856061,0.6111020538427422,0.75448145652847,5,0,True,5,0.009515953744942985,0.010006521348762771,4,-0.009121152214081172,0.028153059703967143,0.22927163551087976,0.006712578586240931,0.024953404630584288,0.09667595595890155,False,False,True,False,잡음 수준 — 부호 해석 금지,0.019,탐색적/exploratory,1.0,False
aptos2019,S1_ce__B4,w10_decouple,dinov2,B0d,tau,False,severe,3,True,0.5187584345479082,0.3900957382070543,0.6474211308887621,0.6923077089305488,0.6378042706593027,0.746811147201795,0.6618497489716886,0.6176129117621678,0.7060865861812093,5,0,True,5,0.03045795995886036,0.030013453220782596,5,-0.025441976530167484,0.0863578964478882,0.2048807949046364,0.020133636492353967,0.07484497523926252,0.6845596478384564,False,False,True,False,잡음 수준 — 부호 해석 금지,0.019,탐색적/exploratory,1.0,False
aptos2019,S1_ce__B4,w10_decouple,dinov2,B0d,offset,False,severe,3,True,0.5187584345479082,0.3900957382070543,0.6474211308887621,0.6923077089305488,0.6378042706593027,0.746811147201795,0.6556156326943359,0.6105453999301058,0.7006858654585659,5,0,True,5,0.036692076236213025,0.03318469185839776,5,-0.025114279521874068,0.09849843199430011,0.1746426040763545,0.022260968042328366,0.08275313814088249,0.752476031853899,False,False,True,False,잡음 수준 — 부호 해석 금지,0.019,탐색적/exploratory,1.0,False
aptos2019,S1_ce__B4,w10_decouple,dinov2,B0d,union,False,severe,3,True,0.5187584345479082,0.3900957382070543,0.6474211308887621,0.6923077089305488,0.6378042706593027,0.746811147201795,0.6635786333356031,0.6227564193879792,0.7044008472832269,5,0,True,5,0.028729075594945818,0.03159468430828301,5,-0.0301158974653668,0.08757404865525843,0.2467408158487067,0.02119435855229002,0.07878811369523905,0.649221378669707,False,False,True,False,잡음 수준 — 부호 해석 금지,0.019,탐색적/exploratory,1.0,False
aptos2019,S1_ce__ldam,w10_decouple,panderm,B0,tau,False,severe,3,True,0.4245614035087719,0.2789703365817322,0.5701524704358116,0.6729039911226817,0.6436367072924862,0.7021712749528772,0.682245376249136,0.623645216564707,0.740845535933565,5,0,True,5,-0.009341385126454261,0.0176771551516646,2,-0.04226501584018047,0.023582245587271945,0.4748960462746972,0.011858196170379797,0.04408177325995948,0.2097773637497774,False,False,True,False,잡음 수준 — 부호 해석 금지,0.019,탐색적/exploratory,1.0,False
aptos2019,S1_ce__ldam,w10_decouple,panderm,B0,offset,False,severe,3,True,0.4245614035087719,0.2789703365817322,0.5701524704358116,0.6729039911226817,0.6436367072924862,0.7021712749528772,0.6698679219717989,0.6179841591644131,0.7217516847791847,5,0,True,5,0.003036069150882792,0.023949504648878208,3,-0.04156978739510584,0.04764192569687143,0.8593119856135073,0.016065816126701674,0.059723220425588634,0.1752831470718557,False,False,True,False,잡음 수준 — 부호 해석 금지,0.019,탐색적/exploratory,1.0,False
aptos2019,S1_ce__ldam,w10_decouple,panderm,B0,union,True,severe,3,True,0.4245614035087719,0.2789703365817322,0.5701524704358116,0.6729039911226817,0.6436367072924862,0.7021712749528772,0.6862550353168072,0.626006026480917,0.7465040441526974,5,0,True,5,-0.013351044194125427,0.020127409403274208,1,-0.05083826364385566,0.024136175255604807,0.37872388138482455,0.013501876691006881,0.050192007142165075,0.32410448520436574,False,False,True,False,잡음 수준 — 부호 해석 금지,0.019,탐색적/exploratory,1.0,False
aptos2019,S1_ce__ldam,w10_decouple,dinov2,B0d,tau,False,severe,3,True,0.4245614035087719,0.2789703365817322,0.5701524704358116,0.6729039911226817,0.6436367072924862,0.7021712749528772,0.6634970050920749,0.6225744327831859,0.7044195774009638,5,0,True,5,0.009406986030606811,0.023064404275211264,3,-0.0335503746122134,0.05236434667342703,0.5760187253489518,0.015472072745972747,0.057516033033186434,0.26558669386215566,False,False,True,False,잡음 수준 — 부호 해석 금지,0.019,탐색적/exploratory,1.0,False
aptos2019,S1_ce__ldam,w10_decouple,dinov2,B0d,offset,False,severe,3,True,0.4245614035087719,0.2789703365817322,0.5701524704358116,0.6729039911226817,0.6436367072924862,0.7021712749528772,0.6560396795027763,0.6118469236366453,0.7002324353689073,5,0,True,5,0.016864311619905335,0.02671459470021012,4,-0.032891514078878636,0.06662013731868931,0.39996008144613515,0.01792069492230763,0.06661856482011383,0.4347992569886677,False,False,True,False,잡음 수준 — 부호 해석 금지,0.019,탐색적/exploratory,1.0,False
aptos2019,S1_ce__ldam,w10_decouple,dinov2,B0d,union,False,severe,3,True,0.4245614035087719,0.2789703365817322,0.5701524704358116,0.6729039911226817,0.6436367072924862,0.7021712749528772,0.6652258894559895,0.6283542941904665,0.7020974847215125,5,0,True,5,0.007678101666692272,0.022845573721708156,3,-0.03487168794614023,0.05022789127952477,0.6426798280832872,0.01532527674801669,0.05697033216904218,0.233224014670675,False,False,True,False,잡음 수준 — 부호 해석 금지,0.019,탐색적/exploratory,1.0,False
aptos2019,S1_ce__la,w10_decouple,panderm,B0,tau,False,severe,3,True,0.5080971659919029,0.41338994815214614,0.6028043838316597,0.693250336288501,0.6561934954889381,0.7303071770880638,0.6815291517913556,0.6217521548827176,0.7413061486999937,5,0,True,5,0.011721184497145386,0.018918124196688854,4,-0.023513746095718695,0.046956115090009465,0.40796287042516405,0.012690663513173963,0.04717639542037176,0.27488109334260935,False,False,True,False,잡음 수준 — 부호 해석 금지,0.019,탐색적/exploratory,1.0,False
aptos2019,S1_ce__la,w10_decouple,panderm,B0,offset,False,severe,3,True,0.5080971659919029,0.41338994815214614,0.6028043838316597,0.693250336288501,0.6561934954889381,0.7303071770880638,0.6691931313608871,0.6149797559215546,0.7234065068002196,5,0,True,5,0.02405720492761394,0.013991795097913132,5,-0.0020024574373700317,0.050116867292597914,0.062432871156865306,0.009385981489854627,0.03489153846952227,0.6560830300932392,False,False,False,False,,0.019,탐색적/exploratory,1.0,False
aptos2019,S1_ce__la,w10_decouple,panderm,B0,union,True,severe,3,True,0.5080971659919029,0.41338994815214614,0.6028043838316597,0.693250336288501,0.6561934954889381,0.7303071770880638,0.6862550353168072,0.626006026480917,0.7465040441526974,5,0,True,5,0.00699530097169383,0.016252328432313282,4,-0.02327459568038641,0.03726519762377407,0.5560340293274414,0.010902393350191527,0.04052866260169486,0.14942721056150562,False,False,True,False,잡음 수준 — 부호 해석 금지,0.019,탐색적/exploratory,1.0,False
aptos2019,S1_ce__la,w10_decouple,dinov2,B0d,tau,False,severe,3,True,0.5080971659919029,0.41338994815214614,0.6028043838316597,0.693250336288501,0.6561934954889381,0.7303071770880638,0.6634970050920749,0.6225744327831859,0.7044195774009638,5,0,True,5,0.02975333119642607,0.01867211638928191,5,-0.005023410839836644,0.06453007323268878,0.07637099802877224,0.012525636459066684,0.04656292225156997,0.7601663672420615,False,False,False,False,,0.019,탐색적/exploratory,1.0,False
aptos2019,S1_ce__la,w10_decouple,dinov2,B0d,offset,False,severe,3,True,0.5080971659919029,0.41338994815214614,0.6028043838316597,0.693250336288501,0.6561934954889381,0.7303071770880638,0.6560396795027763,0.6118469236366453,0.7002324353689073,5,0,True,5,0.03721065678572459,0.025832705632844302,5,-0.010902654055022942,0.08532396762647212,0.0982797627652056,0.017329105751334475,0.06441938550791573,0.8115772232588698,False,False,False,False,,0.019,탐색적/exploratory,1.0,False
aptos2019,S1_ce__la,w10_decouple,dinov2,B0d,union,False,severe,3,True,0.5080971659919029,0.41338994815214614,0.6028043838316597,0.693250336288501,0.6561934954889381,0.7303071770880638,0.6652258894559895,0.6283542941904665,0.7020974847215125,5,0,True,5,0.02802444683251153,0.01975784228588667,5,-0.008774455340348635,0.06482334900537169,0.10198109393102718,0.01325396353198873,0.04927041236442845,0.7112202065545115,False,False,False,False,,0.019,탐색적/exploratory,1.0,False
aptos2019,S1_la_e2e,w10_decouple,panderm,B0,tau,False,severe,3,True,0.4611336032388664,0.33814712844923944,0.5841200780284933,0.673789763964139,0.6496899062694235,0.6978896216588546,0.6811431434969637,0.6192487050495074,0.74303758194442,5,0,True,5,-0.007353379532824755,0.02724399815879594,2,-0.05809521705418459,0.04338845798853508,0.7079965813582383,0.01827582955858405,0.06793874575557511,0.26350827617225975,False,False,True,False,잡음 수준 — 부호 해석 금지,0.019,탐색적/exploratory,1.0,False
aptos2019,S1_la_e2e,w10_decouple,panderm,B0,offset,False,severe,3,True,0.4611336032388664,0.33814712844923944,0.5841200780284933,0.673789763964139,0.6496899062694235,0.6978896216588546,0.6691931313608871,0.6149797559215546,0.7234065068002196,5,0,True,5,0.00459663260325196,0.019761402891211272,4,-0.03220890118277326,0.04140216638927718,0.7462530291815075,0.013256352058652787,0.04927929149657617,0.15492883782001643,False,False,True,False,잡음 수준 — 부호 해석 금지,0.019,탐색적/exploratory,1.0,False
aptos2019,S1_la_e2e,w10_decouple,panderm,B0,union,True,severe,3,True,0.4611336032388664,0.33814712844923944,0.5841200780284933,0.673789763964139,0.6496899062694235,0.6978896216588546,0.685152802564635,0.6213937761674924,0.7489118289617775,5,0,True,5,-0.011363038600495923,0.027206151924347645,2,-0.06203438766168272,0.03930831046069087,0.5672729157281132,0.018250441532708415,0.06784436806236717,0.33035365861436106,False,False,True,False,잡음 수준 — 부호 해석 금지,0.019,탐색적/exploratory,1.0,False
aptos2019,S1_la_e2e,w10_decouple,dinov2,B0d,tau,False,severe,3,True,0.4611336032388664,0.33814712844923944,0.5841200780284933,0.673789763964139,0.6496899062694235,0.6978896216588546,0.6634970050920749,0.6225744327831859,0.7044195774009638,5,0,True,5,0.01029275887206409,0.015183051309601214,3,-0.01798561341895442,0.0385711311630826,0.36938686981585617,0.010185100450240656,0.03786219103027707,0.1972595754928106,False,False,True,False,잡음 수준 — 부호 해석 금지,0.019,탐색적/exploratory,1.0,False
aptos2019,S1_la_e2e,w10_decouple,dinov2,B0d,offset,False,severe,3,True,0.4611336032388664,0.33814712844923944,0.5841200780284933,0.673789763964139,0.6496899062694235,0.6978896216588546,0.6560396795027763,0.6118469236366453,0.7002324353689073,5,0,True,5,0.017750084461362614,0.023461669674416603,4,-0.02594718139734558,0.06144735032007081,0.3224690719815986,0.015738566477292267,0.058506699410301316,0.446618689086924,False,False,True,False,잡음 수준 — 부호 해석 금지,0.019,탐색적/exploratory,1.0,False
aptos2019,S1_la_e2e,w10_decouple,dinov2,B0d,union,False,severe,3,True,0.4611336032388664,0.33814712844923944,0.5841200780284933,0.673789763964139,0.6496899062694235,0.6978896216588546,0.6652258894559895,0.6283542941904665,0.7020974847215125,5,0,True,5,0.00856387450814955,0.015213457017640824,3,-0.019771128292387977,0.03689887730868707,0.4486120615291552,0.01020549721926483,0.03793801417693788,0.16259808061992026,False,False,True,False,잡음 수준 — 부호 해석 금지,0.019,탐색적/exploratory,1.0,False
aptos2019,S1_la__B0,w10_decouple,panderm,B0,tau,False,severe,3,True,0.4145748987854251,0.32455475807093065,0.5045950394999195,0.6786546892312472,0.6456137359098056,0.7116956425526887,0.682245376249136,0.623645216564707,0.740845535933565,5,0,True,5,-0.003590687017888694,0.021818650521792715,2,-0.04422783628133837,0.037046462245560983,0.8182767166931407,0.01463639572321193,0.054409479177388614,0.16249466706237287,False,False,True,False,잡음 수준 — 부호 해석 금지,0.019,탐색적/exploratory,1.0,False
aptos2019,S1_la__B0,w10_decouple,panderm,B0,offset,False,severe,3,True,0.4145748987854251,0.32455475807093065,0.5045950394999195,0.6786546892312472,0.6456137359098056,0.7116956425526887,0.6691931313608871,0.6149797559215546,0.7234065068002196,5,0,True,5,0.009461557870360248,0.028360046543024073,3,-0.043358915299423914,0.06228203104014442,0.6450486459607885,0.01902449757457792,0.07072185148715861,0.30456331492900024,False,False,True,False,잡음 수준 — 부호 해석 금지,0.019,탐색적/exploratory,1.0,False
aptos2019,S1_la__B0,w10_decouple,panderm,B0,union,True,severe,3,True,0.4145748987854251,0.32455475807093065,0.5045950394999195,0.6786546892312472,0.6456137359098056,0.7116956425526887,0.6862550353168072,0.626006026480917,0.7465040441526974,5,0,True,5,-0.007600346085559861,0.02449178671624743,2,-0.0532162008114343,0.03801550864031458,0.6676955820287122,0.016429589996386683,0.0610755169309718,0.24620975610002638,False,False,True,False,잡음 수준 — 부호 해석 금지,0.019,탐색적/exploratory,1.0,False
aptos2019,S1_la__B0,w10_decouple,dinov2,B0d,tau,False,severe,3,True,0.4145748987854251,0.32455475807093065,0.5045950394999195,0.6786546892312472,0.6456137359098056,0.7116956425526887,0.6634970050920749,0.6225744327831859,0.7044195774009638,5,0,True,5,0.015157684139172378,0.023908038595213506,3,-0.02937094204784168,0.05968631032618644,0.39811754335957533,0.016037999852275792,0.05961981593770865,0.38887719462812514,False,False,True,False,잡음 수준 — 부호 해석 금지,0.019,탐색적/exploratory,1.0,False
aptos2019,S1_la__B0,w10_decouple,dinov2,B0d,offset,False,severe,3,True,0.4145748987854251,0.32455475807093065,0.5045950394999195,0.6786546892312472,0.6456137359098056,0.7116956425526887,0.6560396795027763,0.6118469236366453,0.7002324353689073,5,0,True,5,0.022615009728470904,0.024469377197661155,4,-0.02295910735873505,0.06818912681567686,0.24034197729997858,0.016414557234316098,0.0610196339956969,0.5594276111556451,False,False,True,False,잡음 수준 — 부호 해석 금지,0.019,탐색적/exploratory,1.0,False
aptos2019,S1_la__B0,w10_decouple,dinov2,B0d,union,False,severe,3,True,0.4145748987854251,0.32455475807093065,0.5045950394999195,0.6786546892312472,0.6456137359098056,0.7116956425526887,0.6652258894559895,0.6283542941904665,0.7020974847215125,5,0,True,5,0.013428799775257839,0.023147552642961977,3,-0.02968342436968058,0.05654102392019626,0.43591944773645175,0.015527850366725372,0.05772338130063532,0.3469598210712834,False,False,True,False,잡음 수준 — 부호 해석 금지,0.019,탐색적/exploratory,1.0,False
aptos2019,S1_la__B1,w10_decouple,panderm,B0,tau,False,severe,3,True,0.4511470985155196,0.38508963887383174,0.5172045581572075,0.680577756503231,0.6401938544097443,0.7209616585967178,0.682245376249136,0.623645216564707,0.740845535933565,5,0,True,5,-0.001667619745904858,0.011569519414487368,3,-0.023215803346137546,0.01988056385432783,0.8403791190749111,0.007761069563339196,0.02885107514079299,0.03874284943690056,True,False,True,False,잡음 수준 — 부호 해석 금지,0.019,탐색적/exploratory,1.0,False
aptos2019,S1_la__B1,w10_decouple,panderm,B0,offset,False,severe,3,True,0.4511470985155196,0.38508963887383174,0.5172045581572075,0.680577756503231,0.6401938544097443,0.7209616585967178,0.6692105717701169,0.6150579810382388,0.723363162501995,5,0,True,5,0.011367184733114221,0.024038046832293793,3,-0.03340358127507864,0.05613795074130708,0.5197343753255392,0.016125212028999723,0.059944019327888245,0.3103894792957766,False,False,True,False,잡음 수준 — 부호 해석 금지,0.019,탐색적/exploratory,1.0,False
aptos2019,S1_la__B1,w10_decouple,panderm,B0,union,True,severe,3,True,0.4511470985155196,0.38508963887383174,0.5172045581572075,0.680577756503231,0.6401938544097443,0.7209616585967178,0.6862550353168072,0.626006026480917,0.7465040441526974,5,0,True,5,-0.005677278813576025,0.01473643025030175,2,-0.033123821169336876,0.02176926354218483,0.596514553013826,0.009885497935607687,0.0367484457414992,0.11047999849996862,False,False,True,False,잡음 수준 — 부호 해석 금지,0.019,탐색적/exploratory,1.0,False
aptos2019,S1_la__B1,w10_decouple,dinov2,B0d,tau,False,severe,3,True,0.4511470985155196,0.38508963887383174,0.5172045581572075,0.680577756503231,0.6401938544097443,0.7209616585967178,0.6634970050920749,0.6225744327831859,0.7044195774009638,5,0,True,5,0.017080751411156215,0.025993303116416854,4,-0.03133167159992256,0.06549317442223498,0.38275818925996785,0.017436837818419565,0.06481986973720637,0.4375820055302918,False,False,True,False,잡음 수준 — 부호 해석 금지,0.019,탐색적/exploratory,1.0,False
aptos2019,S1_la__B1,w10_decouple,dinov2,B0d,offset,False,severe,3,True,0.4511470985155196,0.38508963887383174,0.5172045581572075,0.680577756503231,0.6401938544097443,0.7209616585967178,0.6560396795027763,0.6118469236366453,0.7002324353689073,5,0,True,5,0.02453807700045474,0.029824775351788575,4,-0.031010447712791572,0.08008660171370105,0.287280930605561,0.020007067530077836,0.07437446655340173,0.5841593244779999,False,False,True,False,잡음 수준 — 부호 해석 금지,0.019,탐색적/exploratory,1.0,False
aptos2019,S1_la__B1,w10_decouple,dinov2,B0d,union,False,severe,3,True,0.4511470985155196,0.38508963887383174,0.5172045581572075,0.680577756503231,0.6401938544097443,0.7209616585967178,0.6652258894559895,0.6283542941904665,0.7020974847215125,5,0,True,5,0.015351867047241674,0.026424947638291705,4,-0.03386449215808792,0.06456822625257128,0.43532103813673745,0.017726393766327835,0.06589626782156663,0.40305279760084295,False,False,True,False,잡음 수준 — 부호 해석 금지,0.019,탐색적/exploratory,1.0,False
aptos2019,S1_la__B3,w10_decouple,panderm,B0,tau,False,severe,3,True,0.5497975708502024,0.4025560768095451,0.6970390648908598,0.6781303616848016,0.6235690236476885,0.7326916997219146,0.6815291517913556,0.6217521548827176,0.7413061486999937,5,0,True,5,-0.0033987901065539727,0.013315288702726738,1,-0.028198462018351612,0.021400881805243667,0.7229100002947785,0.008932167203799593,0.03320452484851488,0.06831189055345915,False,False,True,False,잡음 수준 — 부호 해석 금지,0.019,탐색적/exploratory,1.0,False
aptos2019,S1_la__B3,w10_decouple,panderm,B0,offset,False,severe,3,True,0.5497975708502024,0.4025560768095451,0.6970390648908598,0.6781303616848016,0.6235690236476885,0.7326916997219146,0.6691931313608871,0.6149797559215546,0.7234065068002196,5,0,True,5,0.00893723032391458,0.024992463878920734,4,-0.03761113361338124,0.0554855942612104,0.6222228690383541,0.016765454447542454,0.0623240626936833,0.27270273295939135,False,False,True,False,잡음 수준 — 부호 해석 금지,0.019,탐색적/exploratory,1.0,False
aptos2019,S1_la__B3,w10_decouple,panderm,B0,union,True,severe,3,True,0.5497975708502024,0.4025560768095451,0.6970390648908598,0.6781303616848016,0.6235690236476885,0.7326916997219146,0.6862550353168072,0.626006026480917,0.7465040441526974,5,0,True,5,-0.00812467363200553,0.013555307763265476,1,-0.03337138008333364,0.017122032819322574,0.4220934639928398,0.00909317688437767,0.03380306379406126,0.13080285075166162,False,False,True,False,잡음 수준 — 부호 해석 금지,0.019,탐색적/exploratory,1.0,False
aptos2019,S1_la__B3,w10_decouple,dinov2,B0d,tau,False,severe,3,True,0.5497975708502024,0.4025560768095451,0.6970390648908598,0.6781303616848016,0.6235690236476885,0.7326916997219146,0.6676127069217115,0.6157691491256873,0.7194562647177357,5,1,False,4,0.0009392943466036141,0.009485371425175578,2,-0.020405915492594552,0.02228450418580178,0.8974994794656757,0.006707170456814758,0.027907990425492545,0.032773626298631925,True,False,True,False,이 축의 recall 범위 밖 — 비교 불가 · 잡음 수준 — 부호 해석 금지,0.019,탐색적/exploratory,,False
aptos2019,S1_la__B3,w10_decouple,dinov2,B0d,offset,False,severe,3,True,0.5497975708502024,0.4025560768095451,0.6970390648908598,0.6781303616848016,0.6235690236476885,0.7326916997219146,0.6491778588107758,0.5860379836884869,0.7123177339330647,5,0,True,5,0.028952502874025777,0.05234568558369569,3,-0.06854112700182732,0.12644613274987887,0.45597414914678125,0.0351145533881923,0.13053518075957568,0.5943337909525693,False,False,True,False,잡음 수준 — 부호 해석 금지,0.019,탐색적/exploratory,1.0,False
aptos2019,S1_la__B3,w10_decouple,dinov2,B0d,union,False,severe,3,True,0.5497975708502024,0.4025560768095451,0.6970390648908598,0.6781303616848016,0.6235690236476885,0.7326916997219146,0.656074950508215,0.5908399223437371,0.7213099786726929,5,0,True,5,0.02205541117658667,0.052964994541050595,3,-0.07659167915343545,0.1207025015066088,0.5683821586921712,0.03552999846650832,0.13207956031622678,0.5216786461708615,False,False,True,False,잡음 수준 — 부호 해석 금지,0.019,탐색적/exploratory,1.0,False
aptos2019,S1_la__B4,w10_decouple,panderm,B0,tau,False,severe,3,True,0.5237516869095817,0.3912488061608569,0.6562545676583066,0.6970476667507255,0.6270196196473418,0.7670757138541092,0.6815291517913556,0.6217521548827176,0.7413061486999937,5,0,True,5,0.015518514959369956,0.02030622290295957,4,-0.022301743917788483,0.053338773836528394,0.3181964627587999,0.013621828433184215,0.0506379169099598,0.37933279532904807,False,False,True,False,잡음 수준 — 부호 해석 금지,0.019,탐색적/exploratory,1.0,False
aptos2019,S1_la__B4,w10_decouple,panderm,B0,offset,False,severe,3,True,0.5237516869095817,0.3912488061608569,0.6562545676583066,0.6970476667507255,0.6270196196473418,0.7670757138541092,0.6692105717701169,0.6150579810382388,0.723363162501995,5,0,True,5,0.027837094980608646,0.03077289397405067,4,-0.029477296871571763,0.08515148683278906,0.24879293550983525,0.020643084837111282,0.07673880344876281,0.6382485760070855,False,False,True,False,잡음 수준 — 부호 해석 금지,0.019,탐색적/exploratory,1.0,False
aptos2019,S1_la__B4,w10_decouple,panderm,B0,union,True,severe,3,True,0.5237516869095817,0.3912488061608569,0.6562545676583066,0.6970476667507255,0.6270196196473418,0.7670757138541092,0.6862550353168072,0.626006026480917,0.7465040441526974,5,0,True,5,0.010792631433918398,0.020378806108512473,3,-0.02716281337305393,0.048748076240890725,0.4739948343912581,0.013670518727676552,0.05081891868214613,0.26876505957273966,False,False,True,False,잡음 수준 — 부호 해석 금지,0.019,탐색적/exploratory,1.0,False
aptos2019,S1_la__B4,w10_decouple,dinov2,B0d,tau,False,severe,3,True,0.5237516869095817,0.3912488061608569,0.6562545676583066,0.6970476667507255,0.6270196196473418,0.7670757138541092,0.6676127069217115,0.6157691491256873,0.7194562647177357,5,1,False,4,0.018069363868594895,0.01835353983758978,4,-0.02323214574711161,0.0593708734843014,0.25808254103806844,0.01297791247793718,0.05400003764764229,0.4455888188253219,False,False,True,False,이 축의 recall 범위 밖 — 비교 불가 · 잡음 수준 — 부호 해석 금지,0.019,탐색적/exploratory,,False
aptos2019,S1_la__B4,w10_decouple,dinov2,B0d,offset,False,severe,3,True,0.5237516869095817,0.3912488061608569,0.6562545676583066,0.6970476667507255,0.6270196196473418,0.7670757138541092,0.6538794948474885,0.6047159074606454,0.7030430822343317,5,0,True,5,0.04316817190323687,0.050519948004766675,4,-0.05092502903973043,0.13726137284620418,0.2717226634818618,0.03388981138752395,0.12598231298780882,0.7341228288322965,False,False,True,False,잡음 수준 — 부호 해석 금지,0.019,탐색적/exploratory,1.0,False
aptos2019,S1_la__B4,w10_decouple,dinov2,B0d,union,False,severe,3,True,0.5237516869095817,0.3912488061608569,0.6562545676583066,0.6970476667507255,0.6270196196473418,0.7670757138541092,0.6607765865449278,0.6117377885082587,0.7098153845815969,5,0,True,5,0.036271080205797765,0.04906710424449313,4,-0.05511620504894957,0.1276583654605451,0.3323271923965155,0.03291521416492653,0.1223593358360529,0.6765057590315426,False,False,True,False,잡음 수준 — 부호 해석 금지,0.019,탐색적/exploratory,1.0,False
aptos2019,S1_la__ldam,w10_decouple,panderm,B0,tau,False,severe,3,True,0.38906882591093117,0.22216382430283002,0.5559738275190323,0.6637062894687398,0.6213661369220373,0.7060464420154422,0.682245376249136,0.623645216564707,0.740845535933565,5,0,True,5,-0.018539086780396265,0.030525049341175513,1,-0.07539186899589301,0.03831369543510048,0.4164723472144013,0.020476825603021085,0.07612074976216203,0.47327406629748553,False,False,True,False,잡음 수준 — 부호 해석 금지,0.019,탐색적/exploratory,1.0,False
aptos2019,S1_la__ldam,w10_decouple,panderm,B0,offset,False,severe,3,True,0.38906882591093117,0.22216382430283002,0.5559738275190323,0.6637062894687398,0.6213661369220373,0.7060464420154422,0.6692105717701169,0.6150579810382388,0.723363162501995,5,0,True,5,-0.005504282301377184,0.033197451947791855,2,-0.06733440367488604,0.05632583907213167,0.8169471951697093,0.022269527770513615,0.08278495815731733,0.2752987184422999,False,False,True,False,잡음 수준 — 부호 해석 금지,0.019,탐색적/exploratory,1.0,False
aptos2019,S1_la__ldam,w10_decouple,panderm,B0,union,True,severe,3,True,0.38906882591093117,0.22216382430283002,0.5559738275190323,0.6637062894687398,0.6213661369220373,0.7060464420154422,0.6862550353168072,0.626006026480917,0.7465040441526974,5,0,True,5,-0.02254874584806743,0.030787688286825377,1,-0.07989069204857363,0.03479320035243876,0.3362777511531877,0.020653009163824676,0.07677569623697882,0.5461317401505071,False,False,True,False,잡음 수준 — 부호 해석 금지,0.019,탐색적/exploratory,1.0,False
aptos2019,S1_la__ldam,w10_decouple,dinov2,B0d,tau,False,severe,3,True,0.38906882591093117,0.22216382430283002,0.5559738275190323,0.6637062894687398,0.6213661369220373,0.7060464420154422,0.6634970050920749,0.6225744327831859,0.7044195774009638,5,0,True,5,0.00020928437666480892,0.031787681910163186,2,-0.058995145944639234,0.05941371469796885,0.9926392131526122,0.021323825279479576,0.07926939456044642,0.2029436861098551,False,False,True,False,잡음 수준 — 부호 해석 금지,0.019,탐색적/exploratory,1.0,False
aptos2019,S1_la__ldam,w10_decouple,dinov2,B0d,offset,False,severe,3,True,0.38906882591093117,0.22216382430283002,0.5559738275190323,0.6637062894687398,0.6213661369220373,0.7060464420154422,0.6560396795027763,0.6118469236366453,0.7002324353689073,5,0,True,5,0.007666609965963333,0.02465566063516867,2,-0.0382544592779647,0.05358767920989137,0.667082317166475,0.016539519963120836,0.06148417165369888,0.24864438861214627,False,False,True,False,잡음 수준 — 부호 해석 금지,0.019,탐색적/exploratory,1.0,False
aptos2019,S1_la__ldam,w10_decouple,dinov2,B0d,union,False,severe,3,True,0.38906882591093117,0.22216382430283002,0.5559738275190323,0.6637062894687398,0.6213661369220373,0.7060464420154422,0.6652258894559895,0.6283542941904665,0.7020974847215125,5,0,True,5,-0.0015195999872497311,0.029642641298334105,2,-0.05672890075496404,0.05368970078046458,0.9427547460674498,0.019884888292715303,0.07392027627343797,0.20265239652796946,False,False,True,False,잡음 수준 — 부호 해석 금지,0.019,탐색적/exploratory,1.0,False
aptos2019,S1_la__la,w10_decouple,panderm,B0,tau,False,severe,3,True,0.49784075573549263,0.4224025537340377,0.5732789577369476,0.6881311043398123,0.6594527564355718,0.7168094522440528,0.6815291517913556,0.6217521548827176,0.7413061486999937,5,0,True,5,0.006601952548456702,0.017802999445786158,3,-0.026556062659354656,0.03975996775626806,0.6098341172334439,0.01194261508925068,0.04439559296635062,0.16235493771553064,False,False,True,False,잡음 수준 — 부호 해석 금지,0.019,탐색적/exploratory,1.0,False
aptos2019,S1_la__la,w10_decouple,panderm,B0,offset,False,severe,3,True,0.49784075573549263,0.4224025537340377,0.5732789577369476,0.6881311043398123,0.6594527564355718,0.7168094522440528,0.6691931313608871,0.6149797559215546,0.7234065068002196,5,0,True,5,0.018937972978925254,0.02377529042917688,4,-0.025343410280195922,0.06321935623804643,0.30075883699119677,0.015948949675331895,0.05928877994771504,0.4750521089869426,False,False,True,False,잡음 수준 — 부호 해석 금지,0.019,탐색적/exploratory,1.0,False
aptos2019,S1_la__la,w10_decouple,panderm,B0,union,True,severe,3,True,0.49784075573549263,0.4224025537340377,0.5732789577369476,0.6881311043398123,0.6594527564355718,0.7168094522440528,0.6862550353168072,0.626006026480917,0.7465040441526974,5,0,True,5,0.0018760690230051446,0.019265019425702492,3,-0.034004952545381266,0.03775709059139156,0.8915988288451943,0.012923367907117421,0.04804145298756187,0.11671654171388164,False,False,True,False,잡음 수준 — 부호 해석 금지,0.019,탐색적/exploratory,1.0,False
aptos2019,S1_la__la,w10_decouple,dinov2,B0d,tau,False,severe,3,True,0.49784075573549263,0.4224025537340377,0.5732789577369476,0.6881311043398123,0.6594527564355718,0.7168094522440528,0.6634970050920749,0.6225744327831859,0.7044195774009638,5,0,True,5,0.024634099247737386,0.022846269148879578,4,-0.0179169855954183,0.06718518409089308,0.18325211739827194,0.0153257432547453,0.056972066365672036,0.6112808362466745,False,False,True,False,잡음 수준 — 부호 해석 금지,0.019,탐색적/exploratory,1.0,False
aptos2019,S1_la__la,w10_decouple,dinov2,B0d,offset,False,severe,3,True,0.49784075573549263,0.4224025537340377,0.5732789577369476,0.6881311043398123,0.6594527564355718,0.7168094522440528,0.6560396795027763,0.6118469236366453,0.7002324353689073,5,0,True,5,0.032091424837035906,0.026730632523260727,4,-0.017694271242985317,0.08187712091705712,0.14800710567158057,0.01793145342107331,0.06665855856759383,0.7314623949067796,False,False,False,False,,0.019,탐색적/exploratory,1.0,False
aptos2019,S1_la__la,w10_decouple,dinov2,B0d,union,False,severe,3,True,0.49784075573549263,0.4224025537340377,0.5732789577369476,0.6881311043398123,0.6594527564355718,0.7168094522440528,0.6652258894559895,0.6283542941904665,0.7020974847215125,5,0,True,5,0.022905214883822845,0.02267041674069031,4,-0.019318345552963776,0.06512877532060947,0.20649381689552126,0.015207777873129828,0.056533540713862775,0.5710985566096377,False,False,True,False,잡음 수준 — 부호 해석 금지,0.019,탐색적/exploratory,1.0,False
