dataset,arm,fold,prereg,bacc_regen,bacc_archived,abs_diff,logit_max_abs_diff,n_label_mismatch,label_mismatch_frac,label_exact,bacc_macro_recall_identity,checked,device,bacc_tol,logit_tol,ok,exploratory,secs
aptos2019,B0d,0,True,0.6452128113732415,0.6452128113732415,0.0,2.5272369384765625e-05,0,0.0,True,0.0,True,cpu,1e-06,0.005,True,탐색적/exploratory,0.34
aptos2019,B1d,0,True,0.6625615206411488,0.6625615206411488,0.0,4.673004150390625e-05,0,0.0,True,0.0,True,cpu,1e-06,0.005,True,탐색적/exploratory,0.22
aptos2019,B0,0,True,0.6711051026214648,0.6711051026214648,0.0,2.7656555174004893e-05,0,0.0,True,0.0,True,cpu,1e-06,0.005,True,탐색적/exploratory,0.21
aptos2019,B1,0,True,0.653690343902936,0.653690343902936,0.0,6.675720215021386e-05,0,0.0,True,0.0,True,cpu,1e-06,0.005,True,탐색적/exploratory,0.2
aptos2019,B2,0,True,0.6544386899693722,0.6544386899693722,0.0,2.002716064453125e-05,0,0.0,True,0.0,True,cpu,1e-06,0.005,True,탐색적/exploratory,1.43
aptos2019,B5,0,True,0.644197530120672,0.644197530120672,0.0,1.2755393981989105e-05,0,0.0,True,0.0,True,cpu,1e-06,0.005,True,탐색적/exploratory,1.41
aptos2019,B5s,0,True,0.6654091647690408,0.6654091647690408,0.0,1.4781951904296875e-05,0,0.0,True,0.0,True,cpu,1e-06,0.005,True,탐색적/exploratory,1.29
aptos2019,B_la,0,False,0.657649456862049,,,,-1,,True,0.0,False,cpu,1e-06,0.005,True,탐색적/exploratory,0.22
aptos2019,B_ldam,0,False,0.6500888941685223,,,,-1,,True,0.0,False,cpu,1e-06,0.005,True,탐색적/exploratory,0.43
aptos2019,B0d,1,True,0.6254897884807271,0.6254897884807271,0.0,3.528594970703125e-05,0,0.0,True,0.0,True,cpu,1e-06,0.005,True,탐색적/exploratory,0.27
aptos2019,B1d,1,True,0.6327823294551779,0.6327823294551779,0.0,5.626678466974511e-05,0,0.0,True,0.0,True,cpu,1e-06,0.005,True,탐색적/exploratory,0.23
aptos2019,B0,1,True,0.6427510783418102,0.6427510783418102,0.0,2.86102294921875e-05,0,0.0,True,0.0,True,cpu,1e-06,0.005,True,탐색적/exploratory,0.27
aptos2019,B1,1,True,0.6559923879247322,0.6559923879247322,0.0,0.00010728836059570312,0,0.0,True,0.0,True,cpu,1e-06,0.005,True,탐색적/exploratory,0.21
aptos2019,B2,1,True,0.635869157896624,0.635869157896624,0.0,2.956390380859375e-05,0,0.0,True,0.0,True,cpu,1e-06,0.005,True,탐색적/exploratory,1.53
aptos2019,B5,1,True,0.6250542088965488,0.6250542088965488,0.0,1.4781951904296875e-05,0,0.0,True,0.0,True,cpu,1e-06,0.005,True,탐색적/exploratory,1.38
aptos2019,B5s,1,True,0.625013246988551,0.625013246988551,0.0,1.9073486328125e-05,0,0.0,True,0.0,True,cpu,1e-06,0.005,True,탐색적/exploratory,1.25
aptos2019,B_la,1,False,0.6556234377265883,,,,-1,,True,0.0,False,cpu,1e-06,0.005,True,탐색적/exploratory,0.28
aptos2019,B_ldam,1,False,0.6390781988762645,,,,-1,,True,0.0,False,cpu,1e-06,0.005,True,탐색적/exploratory,0.38
aptos2019,B0d,2,True,0.672061542034076,0.672061542034076,0.0,3.051757812677636e-05,0,0.0,True,0.0,True,cpu,1e-06,0.005,True,탐색적/exploratory,0.27
aptos2019,B1d,2,True,0.6744578111140861,0.6744578111140861,0.0,4.673004150390625e-05,0,0.0,True,0.0,True,cpu,1e-06,0.005,True,탐색적/exploratory,0.27
aptos2019,B0,2,True,0.669678888616773,0.669678888616773,0.0,2.765655517578125e-05,0,0.0,True,0.0,True,cpu,1e-06,0.005,True,탐색적/exploratory,0.24
aptos2019,B1,2,True,0.6721492012694416,0.6721492012694416,0.0,6.675720215021386e-05,0,0.0,True,0.0,True,cpu,1e-06,0.005,True,탐색적/exploratory,0.21
aptos2019,B2,2,True,0.6546326956093612,0.6546326956093612,0.0,1.811981201171875e-05,0,0.0,True,0.0,True,cpu,1e-06,0.005,True,탐색적/exploratory,1.38
aptos2019,B5,2,True,0.6529838325108525,0.6529838325108525,0.0,1.52587890625e-05,0,0.0,True,0.0,True,cpu,1e-06,0.005,True,탐색적/exploratory,1.26
aptos2019,B5s,2,True,0.6551822328925481,0.6551822328925481,0.0,1.4781951904296875e-05,0,0.0,True,0.0,True,cpu,1e-06,0.005,True,탐색적/exploratory,1.31
aptos2019,B_la,2,False,0.689477191544331,,,,-1,,True,0.0,False,cpu,1e-06,0.005,True,탐색적/exploratory,0.22
aptos2019,B_ldam,2,False,0.6662040712481109,,,,-1,,True,0.0,False,cpu,1e-06,0.005,True,탐색적/exploratory,0.31
aptos2019,B0d,3,True,0.6249031156138533,0.6249031156138533,0.0,2.86102294921875e-05,0,0.0,True,0.0,True,cpu,1e-06,0.005,True,탐색적/exploratory,0.22
aptos2019,B1d,3,True,0.6140582402675927,0.6140582402675927,0.0,4.291534423828125e-05,0,0.0,True,0.0,True,cpu,1e-06,0.005,True,탐색적/exploratory,0.21
aptos2019,B0,3,True,0.6579334418694952,0.6579334418694952,0.0,4.100799560546875e-05,0,0.0,True,0.0,True,cpu,1e-06,0.005,True,탐색적/exploratory,0.24
aptos2019,B1,3,True,0.6813626448646872,0.6813626448646872,0.0,8.106231689275489e-05,0,0.0,True,0.0,True,cpu,1e-06,0.005,True,탐색적/exploratory,0.24
aptos2019,B2,3,True,0.6460145978176871,0.6460145978176871,0.0,2.47955322265625e-05,0,0.0,True,0.0,True,cpu,1e-06,0.005,True,탐색적/exploratory,1.44
aptos2019,B5,3,True,0.6548901661415394,0.6548901661415394,0.0,1.33514404296875e-05,0,0.0,True,0.0,True,cpu,1e-06,0.005,True,탐색적/exploratory,1.38
aptos2019,B5s,3,True,0.6595565633712026,0.6595565633712026,0.0,1.764297485347399e-05,0,0.0,True,0.0,True,cpu,1e-06,0.005,True,탐색적/exploratory,1.35
aptos2019,B_la,3,False,0.70340891273921,,,,-1,,True,0.0,False,cpu,1e-06,0.005,True,탐색적/exploratory,0.23
aptos2019,B_ldam,3,False,0.6431746611628765,,,,-1,,True,0.0,False,cpu,1e-06,0.005,True,탐색적/exploratory,0.33
aptos2019,B0d,4,True,0.597586598604718,0.597586598604718,0.0,3.337860107244239e-05,0,0.0,True,0.0,True,cpu,1e-06,0.005,True,탐색적/exploratory,0.21
aptos2019,B1d,4,True,0.6026030654131957,0.6026030654131957,0.0,4.100799560546875e-05,0,0.0,True,0.0,True,cpu,1e-06,0.005,True,탐색적/exploratory,0.2
aptos2019,B0,4,True,0.6217396951613836,0.6217396951613836,0.0,3.337860107421875e-05,0,0.0,True,0.0,True,cpu,1e-06,0.005,True,탐색적/exploratory,0.2
aptos2019,B1,4,True,0.639772900608512,0.639772900608512,0.0,7.438659668324021e-05,0,0.0,True,0.0,True,cpu,1e-06,0.005,True,탐색적/exploratory,0.2
aptos2019,B2,4,True,0.6361195979695775,0.6361195979695775,0.0,3.337860107599511e-05,0,0.0,True,0.0,True,cpu,1e-06,0.005,True,탐색적/exploratory,1.35
aptos2019,B5,4,True,0.6462077960284283,0.6462077960284283,0.0,1.239776611328125e-05,0,0.0,True,0.0,True,cpu,1e-06,0.005,True,탐색적/exploratory,1.31
aptos2019,B5s,4,True,0.6374074194027758,0.6374074194027758,0.0,1.430511474609375e-05,0,0.0,True,0.0,True,cpu,1e-06,0.005,True,탐색적/exploratory,1.2
aptos2019,B_la,4,False,0.6381376054888459,,,,-1,,True,0.0,False,cpu,1e-06,0.005,True,탐색적/exploratory,0.21
aptos2019,B_ldam,4,False,0.6161628427656913,,,,-1,,True,0.0,False,cpu,1e-06,0.005,True,탐색적/exploratory,0.38
aptos2019,B0d,5,True,0.6054022942067921,0.6054022942067921,0.0,3.4332275390625e-05,0,0.0,True,0.0,True,cpu,1e-06,0.005,True,탐색적/exploratory,0.2
aptos2019,B1d,5,True,0.5968278714994054,0.5968278714994054,0.0,4.5299530029296875e-05,0,0.0,True,0.0,True,cpu,1e-06,0.005,True,탐색적/exploratory,0.22
aptos2019,B0,5,True,0.6216648776322939,0.6216648776322939,0.0,2.7924776077214997e-05,0,0.0,True,0.0,True,cpu,1e-06,0.005,True,탐색적/exploratory,0.23
aptos2019,B1,5,True,0.6333829364546769,0.6333829364546769,0.0,5.14984130859375e-05,0,0.0,True,0.0,True,cpu,1e-06,0.005,True,탐색적/exploratory,0.24
aptos2019,B2,5,True,0.6313665628450831,0.6313665628450831,0.0,2.09808349609375e-05,0,0.0,True,0.0,True,cpu,1e-06,0.005,True,탐색적/exploratory,1.3
aptos2019,B5,5,True,0.5952435574183074,0.5952435574183074,0.0,1.5258789061611822e-05,0,0.0,True,0.0,True,cpu,1e-06,0.005,True,탐색적/exploratory,1.31
aptos2019,B5s,5,True,0.6170748646055467,0.6170748646055467,0.0,1.6450881958007812e-05,0,0.0,True,0.0,True,cpu,1e-06,0.005,True,탐색적/exploratory,1.36
aptos2019,B_la,5,False,0.6591370511279898,,,,-1,,True,0.0,False,cpu,1e-06,0.005,True,탐색적/exploratory,0.22
aptos2019,B_ldam,5,False,0.6335925207007886,,,,-1,,True,0.0,False,cpu,1e-06,0.005,True,탐색적/exploratory,0.34
aptos2019,B0d,6,True,0.6526229899555408,0.6526229899555408,0.0,3.528594970703125e-05,0,0.0,True,0.0,True,cpu,1e-06,0.005,True,탐색적/exploratory,0.21
aptos2019,B1d,6,True,0.6464898787702675,0.6464898787702675,0.0,5.14984130859375e-05,0,0.0,True,0.0,True,cpu,1e-06,0.005,True,탐색적/exploratory,0.25
aptos2019,B0,6,True,0.6681058110445875,0.6681058110445875,0.0,3.135204315185547e-05,0,0.0,True,0.0,True,cpu,1e-06,0.005,True,탐색적/exploratory,0.22
aptos2019,B1,6,True,0.7017784607029173,0.7017784607029173,0.0,6.771087646484375e-05,0,0.0,True,0.0,True,cpu,1e-06,0.005,True,탐색적/exploratory,0.2
aptos2019,B2,6,True,0.6769720663033024,0.6769720663033024,0.0,1.9073486328125e-05,0,0.0,True,0.0,True,cpu,1e-06,0.005,True,탐색적/exploratory,1.33
aptos2019,B5,6,True,0.6478956526871453,0.6478956526871453,0.0,1.239776611328125e-05,0,0.0,True,0.0,True,cpu,1e-06,0.005,True,탐색적/exploratory,1.41
aptos2019,B5s,6,True,0.6673060530075412,0.6673060530075412,0.0,1.71661376953125e-05,0,0.0,True,0.0,True,cpu,1e-06,0.005,True,탐색적/exploratory,1.51
aptos2019,B_la,6,False,0.6909066658311224,,,,-1,,True,0.0,False,cpu,1e-06,0.005,True,탐색적/exploratory,0.21
aptos2019,B_ldam,6,False,0.6552845545636287,,,,-1,,True,0.0,False,cpu,1e-06,0.005,True,탐색적/exploratory,0.33
aptos2019,B0d,7,True,0.619692439563842,0.619692439563842,0.0,2.765655517578125e-05,0,0.0,True,0.0,True,cpu,1e-06,0.005,True,탐색적/exploratory,0.2
aptos2019,B1d,7,True,0.6206958885266787,0.6206958885266787,0.0,4.9591064453125e-05,0,0.0,True,0.0,True,cpu,1e-06,0.005,True,탐색적/exploratory,0.22
aptos2019,B0,7,True,0.6499067993294952,0.6499067993294952,0.0,2.6702880859375e-05,0,0.0,True,0.0,True,cpu,1e-06,0.005,True,탐색적/exploratory,0.23
aptos2019,B1,7,True,0.6726985888184067,0.6726985888184067,0.0,0.00010967254638671875,0,0.0,True,0.0,True,cpu,1e-06,0.005,True,탐색적/exploratory,0.24
aptos2019,B2,7,True,0.6539629522005221,0.6539629522005221,0.0,2.574920654296875e-05,0,0.0,True,0.0,True,cpu,1e-06,0.005,True,탐색적/exploratory,1.32
aptos2019,B5,7,True,0.6658605339928407,0.6658605339928407,0.0,1.3828277587890625e-05,0,0.0,True,0.0,True,cpu,1e-06,0.005,True,탐색적/exploratory,1.27
aptos2019,B5s,7,True,0.6438860687533865,0.6438860687533865,0.0,1.33514404296875e-05,0,0.0,True,0.0,True,cpu,1e-06,0.005,True,탐색적/exploratory,1.29
aptos2019,B_la,7,False,0.6851191123044731,,,,-1,,True,0.0,False,cpu,1e-06,0.005,True,탐색적/exploratory,0.25
aptos2019,B_ldam,7,False,0.6198173305941277,,,,-1,,True,0.0,False,cpu,1e-06,0.005,True,탐색적/exploratory,0.34
aptos2019,B0d,8,True,0.6134048102753206,0.6134048102753206,0.0,2.574920654296875e-05,0,0.0,True,0.0,True,cpu,1e-06,0.005,True,탐색적/exploratory,0.26
aptos2019,B1d,8,True,0.6293915511830906,0.6293915511830906,0.0,4.3392181395596197e-05,0,0.0,True,0.0,True,cpu,1e-06,0.005,True,탐색적/exploratory,0.23
aptos2019,B0,8,True,0.6385841893351165,0.6385841893351165,0.0,3.4332275390625e-05,0,0.0,True,0.0,True,cpu,1e-06,0.005,True,탐색적/exploratory,0.22
aptos2019,B1,8,True,0.6370742745186616,0.6370742745186616,0.0,6.866455077947364e-05,0,0.0,True,0.0,True,cpu,1e-06,0.005,True,탐색적/exploratory,0.21
aptos2019,B2,8,True,0.6690589813250971,0.6690589813250971,0.0,2.6226043701171875e-05,0,0.0,True,0.0,True,cpu,1e-06,0.005,True,탐색적/exploratory,1.37
aptos2019,B5,8,True,0.6682427927716439,0.6682427927716439,0.0,1.2636184692382812e-05,0,0.0,True,0.0,True,cpu,1e-06,0.005,True,탐색적/exploratory,1.3
aptos2019,B5s,8,True,0.6459612924347419,0.6459612924347419,0.0,1.621246337890625e-05,0,0.0,True,0.0,True,cpu,1e-06,0.005,True,탐색적/exploratory,1.23
aptos2019,B_la,8,False,0.6624386451337012,,,,-1,,True,0.0,False,cpu,1e-06,0.005,True,탐색적/exploratory,0.25
aptos2019,B_ldam,8,False,0.6521048177620318,,,,-1,,True,0.0,False,cpu,1e-06,0.005,True,탐색적/exploratory,0.37
aptos2019,B0d,9,True,0.6276639447903062,0.6276639447903062,0.0,2.8133392333984375e-05,0,0.0,True,0.0,True,cpu,1e-06,0.005,True,탐색적/exploratory,0.2
aptos2019,B1d,9,True,0.6305321094504818,0.6305321094504818,0.0,4.38690185546875e-05,0,0.0,True,0.0,True,cpu,1e-06,0.005,True,탐색적/exploratory,0.21
aptos2019,B0,9,True,0.5892626060102722,0.5892626060102722,0.0,2.86102294921875e-05,0,0.0,True,0.0,True,cpu,1e-06,0.005,True,탐색적/exploratory,0.21
aptos2019,B1,9,True,0.6073471446234601,0.6073471446234601,0.0,9.34600830078125e-05,0,0.0,True,0.0,True,cpu,1e-06,0.005,True,탐색적/exploratory,0.21
aptos2019,B2,9,True,0.588779246732943,0.588779246732943,0.0,2.193450927734375e-05,0,0.0,True,0.0,True,cpu,1e-06,0.005,True,탐색적/exploratory,1.32
aptos2019,B5,9,True,0.5969253016436207,0.5969253016436207,0.0,1.3828277587890625e-05,0,0.0,True,0.0,True,cpu,1e-06,0.005,True,탐색적/exploratory,1.23
aptos2019,B5s,9,True,0.5947715462343394,0.5947715462343394,0.0,1.5258789060723643e-05,0,0.0,True,0.0,True,cpu,1e-06,0.005,True,탐색적/exploratory,1.18
aptos2019,B_la,9,False,0.612562339867347,,,,-1,,True,0.0,False,cpu,1e-06,0.005,True,탐색적/exploratory,0.21
aptos2019,B_ldam,9,False,0.5746626732858185,,,,-1,,True,0.0,False,cpu,1e-06,0.005,True,탐색적/exploratory,0.34
aptos2019,B0d,10,True,0.6176578631599055,0.6176578631599055,0.0,3.24249267578125e-05,0,0.0,True,0.0,True,cpu,1e-06,0.005,True,탐색적/exploratory,0.25
aptos2019,B1d,10,True,0.6253457742559109,0.6253457742559109,0.0,4.1961669921875e-05,0,0.0,True,0.0,True,cpu,1e-06,0.005,True,탐색적/exploratory,0.26
aptos2019,B0,10,True,0.6643416500574583,0.6643416500574583,0.0,2.574920654296875e-05,0,0.0,True,0.0,True,cpu,1e-06,0.005,True,탐색적/exploratory,0.29
aptos2019,B1,10,True,0.6824855952392458,0.6824855952392458,0.0,5.7220458984375e-05,0,0.0,True,0.0,True,cpu,1e-06,0.005,True,탐색적/exploratory,0.2
aptos2019,B2,10,True,0.6370491685276887,0.6370491685276887,0.0,1.71661376953125e-05,0,0.0,True,0.0,True,cpu,1e-06,0.005,True,탐색적/exploratory,1.36
aptos2019,B5,10,True,0.6499979965808408,0.6499979965808408,0.0,1.33514404296875e-05,0,0.0,True,0.0,True,cpu,1e-06,0.005,True,탐색적/exploratory,1.34
aptos2019,B5s,10,True,0.6399771911376212,0.6399771911376212,0.0,1.621246337890625e-05,0,0.0,True,0.0,True,cpu,1e-06,0.005,True,탐색적/exploratory,1.37
aptos2019,B_la,10,False,0.6886907586816973,,,,-1,,True,0.0,False,cpu,1e-06,0.005,True,탐색적/exploratory,0.31
aptos2019,B_ldam,10,False,0.6413459225585146,,,,-1,,True,0.0,False,cpu,1e-06,0.005,True,탐색적/exploratory,0.31
aptos2019,B0d,11,True,0.6254063479305978,0.6254063479305978,0.0,3.0517578123223643e-05,0,0.0,True,0.0,True,cpu,1e-06,0.005,True,탐색적/exploratory,0.21
aptos2019,B1d,11,True,0.6278163503262804,0.6278163503262804,0.0,4.959106445490136e-05,0,0.0,True,0.0,True,cpu,1e-06,0.005,True,탐색적/exploratory,0.21
aptos2019,B0,11,True,0.6237506041183678,0.6237506041183678,0.0,2.47955322265625e-05,0,0.0,True,0.0,True,cpu,1e-06,0.005,True,탐색적/exploratory,0.23
aptos2019,B1,11,True,0.6170272611290969,0.6170272611290969,0.0,8.58306884765625e-05,0,0.0,True,0.0,True,cpu,1e-06,0.005,True,탐색적/exploratory,0.23
aptos2019,B2,11,True,0.6440437786488306,0.6440437786488306,0.0,1.8119812009942393e-05,0,0.0,True,0.0,True,cpu,1e-06,0.005,True,탐색적/exploratory,1.39
aptos2019,B5,11,True,0.6291658216379095,0.6291658216379095,0.0,1.71661376953125e-05,0,0.0,True,0.0,True,cpu,1e-06,0.005,True,탐색적/exploratory,1.46
aptos2019,B5s,11,True,0.6379310735504453,0.6379310735504453,0.0,1.5974044799804688e-05,0,0.0,True,0.0,True,cpu,1e-06,0.005,True,탐색적/exploratory,1.21
aptos2019,B_la,11,False,0.6199193027552106,,,,-1,,True,0.0,False,cpu,1e-06,0.005,True,탐색적/exploratory,0.24
aptos2019,B_ldam,11,False,0.6168318349336707,,,,-1,,True,0.0,False,cpu,1e-06,0.005,True,탐색적/exploratory,0.32
aptos2019,B0d,12,True,0.6255257955264998,0.6255257955264998,0.0,3.0517578125e-05,0,0.0,True,0.0,True,cpu,1e-06,0.005,True,탐색적/exploratory,0.22
aptos2019,B1d,12,True,0.6391291444973308,0.6391291444973308,0.0,4.57763671875e-05,0,0.0,True,0.0,True,cpu,1e-06,0.005,True,탐색적/exploratory,0.21
aptos2019,B0,12,True,0.6377742198276025,0.6377742198276025,0.0,2.765655517578125e-05,0,0.0,True,0.0,True,cpu,1e-06,0.005,True,탐색적/exploratory,0.2
aptos2019,B1,12,True,0.633974861146888,0.633974861146888,0.0,7.2479248046875e-05,0,0.0,True,0.0,True,cpu,1e-06,0.005,True,탐색적/exploratory,0.2
aptos2019,B2,12,True,0.6305140515415646,0.6305140515415646,0.0,2.4318695068359375e-05,0,0.0,True,0.0,True,cpu,1e-06,0.005,True,탐색적/exploratory,1.4
aptos2019,B5,12,True,0.6220073610866137,0.6220073610866137,0.0,1.2874603271484375e-05,0,0.0,True,0.0,True,cpu,1e-06,0.005,True,탐색적/exploratory,1.3
aptos2019,B5s,12,True,0.6264561170870857,0.6264561170870857,0.0,1.2159347534179688e-05,0,0.0,True,0.0,True,cpu,1e-06,0.005,True,탐색적/exploratory,1.27
aptos2019,B_la,12,False,0.6390772070253266,,,,-1,,True,0.0,False,cpu,1e-06,0.005,True,탐색적/exploratory,0.29
aptos2019,B_ldam,12,False,0.6247529575681131,,,,-1,,True,0.0,False,cpu,1e-06,0.005,True,탐색적/exploratory,0.39
aptos2019,B0d,13,True,0.626715369202716,0.626715369202716,0.0,4.100799560546875e-05,0,0.0,True,0.0,True,cpu,1e-06,0.005,True,탐색적/exploratory,0.21
aptos2019,B1d,13,True,0.6407021101104861,0.6407021101104861,0.0,4.768371582208886e-05,0,0.0,True,0.0,True,cpu,1e-06,0.005,True,탐색적/exploratory,0.22
aptos2019,B0,13,True,0.668620569675267,0.668620569675267,0.0,3.17096710209519e-05,0,0.0,True,0.0,True,cpu,1e-06,0.005,True,탐색적/exploratory,0.22
aptos2019,B1,13,True,0.6739827742198277,0.6739827742198277,0.0,9.632110595703125e-05,0,0.0,True,0.0,True,cpu,1e-06,0.005,True,탐색적/exploratory,0.2
aptos2019,B2,13,True,0.637812072131289,0.637812072131289,0.0,2.384185791015625e-05,0,0.0,True,0.0,True,cpu,1e-06,0.005,True,탐색적/exploratory,1.35
aptos2019,B5,13,True,0.6715928688442421,0.6715928688442421,0.0,1.049041748046875e-05,0,0.0,True,0.0,True,cpu,1e-06,0.005,True,탐색적/exploratory,1.27
aptos2019,B5s,13,True,0.681815448764883,0.681815448764883,0.0,1.621246337890625e-05,0,0.0,True,0.0,True,cpu,1e-06,0.005,True,탐색적/exploratory,1.23
aptos2019,B_la,13,False,0.6801962178150732,,,,-1,,True,0.0,False,cpu,1e-06,0.005,True,탐색적/exploratory,0.22
aptos2019,B_ldam,13,False,0.6711346846635358,,,,-1,,True,0.0,False,cpu,1e-06,0.005,True,탐색적/exploratory,0.31
aptos2019,B0d,14,True,0.6440748867814003,0.6440748867814003,0.0,3.433227538884864e-05,0,0.0,True,0.0,True,cpu,1e-06,0.005,True,탐색적/exploratory,0.22
aptos2019,B1d,14,True,0.6379010308696064,0.6379010308696064,0.0,4.2438507080078125e-05,0,0.0,True,0.0,True,cpu,1e-06,0.005,True,탐색적/exploratory,0.21
aptos2019,B0,14,True,0.6603350055989561,0.6603350055989561,0.0,3.147125244140625e-05,0,0.0,True,0.0,True,cpu,1e-06,0.005,True,탐색적/exploratory,0.24
aptos2019,B1,14,True,0.6691026424499651,0.6691026424499651,0.0,9.34600830078125e-05,0,0.0,True,0.0,True,cpu,1e-06,0.005,True,탐색적/exploratory,0.27
aptos2019,B2,14,True,0.6942684409300319,0.6942684409300319,0.0,3.24249267578125e-05,0,0.0,True,0.0,True,cpu,1e-06,0.005,True,탐색적/exploratory,1.35
aptos2019,B5,14,True,0.69046047939192,0.69046047939192,0.0,1.430511474609375e-05,0,0.0,True,0.0,True,cpu,1e-06,0.005,True,탐색적/exploratory,1.29
aptos2019,B5s,14,True,0.696387693415015,0.696387693415015,0.0,1.33514404296875e-05,0,0.0,True,0.0,True,cpu,1e-06,0.005,True,탐색적/exploratory,1.28
aptos2019,B_la,14,False,0.6567082828534933,,,,-1,,True,0.0,False,cpu,1e-06,0.005,True,탐색적/exploratory,0.25
aptos2019,B_ldam,14,False,0.6599678238014763,,,,-1,,True,0.0,False,cpu,1e-06,0.005,True,탐색적/exploratory,0.3
oral_diseases,A0d,0,True,0.7054436061015009,0.7054436061015009,0.0,0.00010299682617542771,0,0.0,True,0.0,True,cpu,1e-06,0.005,True,탐색적/exploratory,0.08
oral_diseases,A2d,0,True,0.6869912251491199,0.6869912251491199,0.0,8.583068847833886e-05,0,0.0,True,0.0,True,cpu,1e-06,0.005,True,탐색적/exploratory,0.08
oral_diseases,A0,0,True,0.6886837577627052,0.6886837577627052,0.0,6.866455078125e-05,0,0.0,True,0.0,True,cpu,1e-06,0.005,True,탐색적/exploratory,0.08
oral_diseases,A1,0,True,0.7031429827482459,0.7031429827482459,0.0,4.57763671875e-05,0,0.0,True,0.0,True,cpu,1e-06,0.005,True,탐색적/exploratory,0.24
oral_diseases,A2,0,True,0.6886837577627052,0.6886837577627052,0.0,6.580352783203125e-05,0,0.0,True,0.0,True,cpu,1e-06,0.005,True,탐색적/exploratory,0.16
oral_diseases,A5,0,True,0.6693156258945733,0.6693156258945733,0.0,5.692243576105316e-06,0,0.0,True,0.0,True,cpu,1e-06,0.005,True,탐색적/exploratory,0.19
oral_diseases,A5s,0,True,0.6248464985307091,0.6248464985307091,0.0,2.1457672119140625e-05,0,0.0,True,0.0,True,cpu,1e-06,0.005,True,탐색적/exploratory,0.21
oral_diseases,A3,0,True,0.6517998814051447,0.6517998814051447,0.0,4.00543212890625e-05,0,0.0,True,0.0,True,cpu,1e-06,0.005,True,탐색적/exploratory,0.35
oral_diseases,A4,0,True,0.6866956143271932,0.6866956143271932,0.0,4.673004150390625e-05,0,0.0,True,0.0,True,cpu,1e-06,0.005,True,탐색적/exploratory,0.22
oral_diseases,A0d,1,True,0.6660068732437152,0.6660068732437152,0.0,0.00011157989501953125,0,0.0,True,0.0,True,cpu,1e-06,0.005,True,탐색적/exploratory,0.08
oral_diseases,A2d,1,True,0.6660068732437152,0.6660068732437152,0.0,0.0001163482666015625,0,0.0,True,0.0,True,cpu,1e-06,0.005,True,탐색적/exploratory,0.09
oral_diseases,A0,1,True,0.7911900964532543,0.7911900964532543,0.0,6.4849853515625e-05,0,0.0,True,0.0,True,cpu,1e-06,0.005,True,탐색적/exploratory,0.08
oral_diseases,A1,1,True,0.7644945697577278,0.7644945697577278,0.0,5.91278076171875e-05,0,0.0,True,0.0,True,cpu,1e-06,0.005,True,탐색적/exploratory,0.21
oral_diseases,A2,1,True,0.8041771094402673,0.8041771094402673,0.0,6.4849853515625e-05,0,0.0,True,0.0,True,cpu,1e-06,0.005,True,탐색적/exploratory,0.08
oral_diseases,A5,1,True,0.6792160325055062,0.6792160325055062,0.0,8.106231689453125e-06,0,0.0,True,0.0,True,cpu,1e-06,0.005,True,탐색적/exploratory,0.16
oral_diseases,A5s,1,True,0.7758221310852891,0.7758221310852891,0.0,1.621246337890625e-05,0,0.0,True,0.0,True,cpu,1e-06,0.005,True,탐색적/exploratory,0.18
oral_diseases,A3,1,True,0.7922723475355055,0.7922723475355055,0.0,2.86102294921875e-05,0,0.0,True,0.0,True,cpu,1e-06,0.005,True,탐색적/exploratory,0.38
oral_diseases,A4,1,True,0.7688805346700083,0.7688805346700083,0.0,5.5313110348009786e-05,0,0.0,True,0.0,True,cpu,1e-06,0.005,True,탐색적/exploratory,0.21
oral_diseases,A0d,2,True,0.7229968861547809,0.7229968861547809,0.0,7.772445678688733e-05,0,0.0,True,0.0,True,cpu,1e-06,0.005,True,탐색적/exploratory,0.1
oral_diseases,A2d,2,True,0.7075415812257917,0.7075415812257917,0.0,8.487701415837989e-05,0,0.0,True,0.0,True,cpu,1e-06,0.005,True,탐색적/exploratory,0.1
oral_diseases,A0,2,True,0.7217190704032809,0.7217190704032809,0.0,7.915496826349511e-05,0,0.0,True,0.0,True,cpu,1e-06,0.005,True,탐색적/exploratory,0.1
oral_diseases,A1,2,True,0.6589485076327181,0.6589485076327181,0.0,0.0015010833740234375,0,0.0,True,0.0,True,cpu,1e-06,0.005,True,탐색적/exploratory,0.26
oral_diseases,A2,2,True,0.7227111338953444,0.7227111338953444,0.0,7.247924804865136e-05,0,0.0,True,0.0,True,cpu,1e-06,0.005,True,탐색적/exploratory,0.09
oral_diseases,A5,2,True,0.6393265360370624,0.6393265360370624,0.0,9.5367431640625e-06,0,0.0,True,0.0,True,cpu,1e-06,0.005,True,탐색적/exploratory,0.21
oral_diseases,A5s,2,True,0.6986310473152579,0.6986310473152579,0.0,1.3649463653564453e-05,0,0.0,True,0.0,True,cpu,1e-06,0.005,True,탐색적/exploratory,0.25
oral_diseases,A3,2,True,0.6802897395002657,0.6802897395002657,0.0,1.5974044799804688e-05,0,0.0,True,0.0,True,cpu,1e-06,0.005,True,탐색적/exploratory,0.4
oral_diseases,A4,2,True,0.6679672666514771,0.6679672666514771,0.0,5.340576171875e-05,0,0.0,True,0.0,True,cpu,1e-06,0.005,True,탐색적/exploratory,0.28
oral_diseases,A0d,3,True,0.6896769896769898,0.6896769896769898,0.0,9.918212890625e-05,0,0.0,True,0.0,True,cpu,1e-06,0.005,True,탐색적/exploratory,0.09
oral_diseases,A2d,3,True,0.6976134976134977,0.6976134976134977,0.0,0.00011444091796875,0,0.0,True,0.0,True,cpu,1e-06,0.005,True,탐색적/exploratory,0.1
oral_diseases,A0,3,True,0.7454878454878455,0.7454878454878455,0.0,6.4849853515625e-05,0,0.0,True,0.0,True,cpu,1e-06,0.005,True,탐색적/exploratory,0.11
oral_diseases,A1,3,True,0.7664113664113665,0.7664113664113665,0.0,4.76837158203125e-05,0,0.0,True,0.0,True,cpu,1e-06,0.005,True,탐색적/exploratory,0.21
oral_diseases,A2,3,True,0.7454878454878455,0.7454878454878455,0.0,7.534027099609375e-05,0,0.0,True,0.0,True,cpu,1e-06,0.005,True,탐색적/exploratory,0.09
oral_diseases,A5,3,True,0.7134088134088135,0.7134088134088135,0.0,8.106231689453125e-06,0,0.0,True,0.0,True,cpu,1e-06,0.005,True,탐색적/exploratory,0.17
oral_diseases,A5s,3,True,0.7503718503718504,0.7503718503718504,0.0,1.6689300537109375e-05,0,0.0,True,0.0,True,cpu,1e-06,0.005,True,탐색적/exploratory,0.17
oral_diseases,A3,3,True,0.7543678543678544,0.7543678543678544,0.0,1.9073486328125e-05,0,0.0,True,0.0,True,cpu,1e-06,0.005,True,탐색적/exploratory,0.33
oral_diseases,A4,3,True,0.7584748584748586,0.7584748584748586,0.0,4.9591064453125e-05,0,0.0,True,0.0,True,cpu,1e-06,0.005,True,탐색적/exploratory,0.22
oral_diseases,A0d,4,True,0.6864043120622069,0.6864043120622069,0.0,9.34600830078125e-05,0,0.0,True,0.0,True,cpu,1e-06,0.005,True,탐색적/exploratory,0.09
oral_diseases,A2d,4,True,0.6864043120622069,0.6864043120622069,0.0,9.72747802734375e-05,0,0.0,True,0.0,True,cpu,1e-06,0.005,True,탐색적/exploratory,0.09
oral_diseases,A0,4,True,0.770840562945826,0.770840562945826,0.0,6.4849853515625e-05,0,0.0,True,0.0,True,cpu,1e-06,0.005,True,탐색적/exploratory,0.09
oral_diseases,A1,4,True,0.7556294582610371,0.7556294582610371,0.0,5.3405761722302714e-05,0,0.0,True,0.0,True,cpu,1e-06,0.005,True,탐색적/exploratory,0.21
oral_diseases,A2,4,True,0.7565548486601118,0.7565548486601118,0.0,5.91278076171875e-05,0,0.0,True,0.0,True,cpu,1e-06,0.005,True,탐색적/exploratory,0.11
oral_diseases,A5,4,True,0.6990055266371057,0.6990055266371057,0.0,9.298324584960938e-06,0,0.0,True,0.0,True,cpu,1e-06,0.005,True,탐색적/exploratory,0.22
oral_diseases,A5s,4,True,0.7520580296896086,0.7520580296896086,0.0,1.2874603271484375e-05,0,0.0,True,0.0,True,cpu,1e-06,0.005,True,탐색적/exploratory,0.18
oral_diseases,A3,4,True,0.728050093181672,0.728050093181672,0.0,3.24249267578125e-05,0,0.0,True,0.0,True,cpu,1e-06,0.005,True,탐색적/exploratory,0.32
oral_diseases,A4,4,True,0.763565966197545,0.763565966197545,0.0,4.76837158203125e-05,0,0.0,True,0.0,True,cpu,1e-06,0.005,True,탐색적/exploratory,0.22
oral_diseases,A0d,5,True,0.7056765602818235,0.7056765602818235,0.0,7.62939453125e-05,0,0.0,True,0.0,True,cpu,1e-06,0.005,True,탐색적/exploratory,0.09
oral_diseases,A2d,5,True,0.6981577632893422,0.6981577632893422,0.0,0.000110626220703125,0,0.0,True,0.0,True,cpu,1e-06,0.005,True,탐색적/exploratory,0.09
oral_diseases,A0,5,True,0.7423967845020477,0.7423967845020477,0.0,5.91278076171875e-05,0,0.0,True,0.0,True,cpu,1e-06,0.005,True,탐색적/exploratory,0.08
oral_diseases,A1,5,True,0.7718132744448534,0.7718132744448534,0.0,5.435943603515625e-05,0,0.0,True,0.0,True,cpu,1e-06,0.005,True,탐색적/exploratory,0.21
oral_diseases,A2,5,True,0.7423967845020477,0.7423967845020477,0.0,4.57763671875e-05,0,0.0,True,0.0,True,cpu,1e-06,0.005,True,탐색적/exploratory,0.1
oral_diseases,A5,5,True,0.7568630200209148,0.7568630200209148,0.0,1.5735626220703125e-05,0,0.0,True,0.0,True,cpu,1e-06,0.005,True,탐색적/exploratory,0.2
oral_diseases,A5s,5,True,0.7525672426988216,0.7525672426988216,0.0,2.2411346435546875e-05,0,0.0,True,0.0,True,cpu,1e-06,0.005,True,탐색적/exploratory,0.21
oral_diseases,A3,5,True,0.7195614327193275,0.7195614327193275,0.0,2.002716064453125e-05,0,0.0,True,0.0,True,cpu,1e-06,0.005,True,탐색적/exploratory,0.37
oral_diseases,A4,5,True,0.7718132744448534,0.7718132744448534,0.0,5.340576171875e-05,0,0.0,True,0.0,True,cpu,1e-06,0.005,True,탐색적/exploratory,0.23
oral_diseases,A0d,6,True,0.7241000227842332,0.7241000227842332,0.0,9.059906006037011e-05,0,0.0,True,0.0,True,cpu,1e-06,0.005,True,탐색적/exploratory,0.09
oral_diseases,A2d,6,True,0.7111130097972203,0.7111130097972203,0.0,8.869171142755761e-05,0,0.0,True,0.0,True,cpu,1e-06,0.005,True,탐색적/exploratory,0.1
oral_diseases,A0,6,True,0.7286426293005241,0.7286426293005241,0.0,5.14984130859375e-05,0,0.0,True,0.0,True,cpu,1e-06,0.005,True,탐색적/exploratory,0.09
oral_diseases,A1,6,True,0.779066985645933,0.779066985645933,0.0,0.00045418739318847656,0,0.0,True,0.0,True,cpu,1e-06,0.005,True,탐색적/exploratory,0.3
oral_diseases,A2,6,True,0.7286426293005241,0.7286426293005241,0.0,6.4849853515625e-05,0,0.0,True,0.0,True,cpu,1e-06,0.005,True,탐색적/exploratory,0.1
oral_diseases,A5,6,True,0.7229275841117947,0.7229275841117947,0.0,7.510185241699219e-06,0,0.0,True,0.0,True,cpu,1e-06,0.005,True,탐색적/exploratory,0.19
oral_diseases,A5s,6,True,0.801658502316397,0.801658502316397,0.0,1.239776611328125e-05,0,0.0,True,0.0,True,cpu,1e-06,0.005,True,탐색적/exploratory,0.18
oral_diseases,A3,6,True,0.7452703729019517,0.7452703729019517,0.0,2.09808349609375e-05,0,0.0,True,0.0,True,cpu,1e-06,0.005,True,탐색적/exploratory,0.32
oral_diseases,A4,6,True,0.7671622237411712,0.7671622237411712,0.0,4.673004150390625e-05,0,0.0,True,0.0,True,cpu,1e-06,0.005,True,탐색적/exploratory,0.22
oral_diseases,A0d,7,True,0.6778907496012759,0.6778907496012759,0.0,7.152557372869239e-05,0,0.0,True,0.0,True,cpu,1e-06,0.005,True,탐색적/exploratory,0.09
oral_diseases,A2d,7,True,0.658049479760006,0.658049479760006,0.0,8.964538574574021e-05,0,0.0,True,0.0,True,cpu,1e-06,0.005,True,탐색적/exploratory,0.08
oral_diseases,A0,7,True,0.7395192526771474,0.7395192526771474,0.0,7.247924804332229e-05,0,0.0,True,0.0,True,cpu,1e-06,0.005,True,탐색적/exploratory,0.08
oral_diseases,A1,7,True,0.6946960203539151,0.6946960203539151,0.0,5.340576171875e-05,0,0.0,True,0.0,True,cpu,1e-06,0.005,True,탐색적/exploratory,0.21
oral_diseases,A2,7,True,0.7395192526771474,0.7395192526771474,0.0,7.43865966796875e-05,0,0.0,True,0.0,True,cpu,1e-06,0.005,True,탐색적/exploratory,0.08
oral_diseases,A5,7,True,0.7048568390673653,0.7048568390673653,0.0,1.0013580322265625e-05,0,0.0,True,0.0,True,cpu,1e-06,0.005,True,탐색적/exploratory,0.17
oral_diseases,A5s,7,True,0.7676245538087644,0.7676245538087644,0.0,1.5184283256586273e-05,0,0.0,True,0.0,True,cpu,1e-06,0.005,True,탐색적/exploratory,0.18
oral_diseases,A3,7,True,0.6755790992633097,0.6755790992633097,0.0,3.0040740966796875e-05,0,0.0,True,0.0,True,cpu,1e-06,0.005,True,탐색적/exploratory,0.31
oral_diseases,A4,7,True,0.6796584263689526,0.6796584263689526,0.0,4.9591064453125e-05,0,0.0,True,0.0,True,cpu,1e-06,0.005,True,탐색적/exploratory,0.2
oral_diseases,A0d,8,True,0.6915972915972916,0.6915972915972916,0.0,8.964538574574021e-05,0,0.0,True,0.0,True,cpu,1e-06,0.005,True,탐색적/exploratory,0.1
oral_diseases,A2d,8,True,0.7025863025863026,0.7025863025863026,0.0,0.0001010894775390625,0,0.0,True,0.0,True,cpu,1e-06,0.005,True,탐색적/exploratory,0.1
oral_diseases,A0,8,True,0.7984459984459985,0.7984459984459985,0.0,5.7220458984375e-05,0,0.0,True,0.0,True,cpu,1e-06,0.005,True,탐색적/exploratory,0.11
oral_diseases,A1,8,True,0.7953934953934952,0.7953934953934952,0.0,5.7220458984375e-05,0,0.0,True,0.0,True,cpu,1e-06,0.005,True,탐색적/exploratory,0.22
oral_diseases,A2,8,True,0.7984459984459985,0.7984459984459985,0.0,6.4849853515625e-05,0,0.0,True,0.0,True,cpu,1e-06,0.005,True,탐색적/exploratory,0.09
oral_diseases,A5,8,True,0.6894882894882893,0.6894882894882893,0.0,1.1563301086481292e-05,0,0.0,True,0.0,True,cpu,1e-06,0.005,True,탐색적/exploratory,0.2
oral_diseases,A5s,8,True,0.7774003774003775,0.7774003774003775,0.0,2.7179718017578125e-05,0,0.0,True,0.0,True,cpu,1e-06,0.005,True,탐색적/exploratory,0.2
oral_diseases,A3,8,True,0.7604728604728604,0.7604728604728604,0.0,2.276897430419922e-05,0,0.0,True,0.0,True,cpu,1e-06,0.005,True,탐색적/exploratory,0.33
oral_diseases,A4,8,True,0.7953934953934952,0.7953934953934952,0.0,6.294250488636521e-05,0,0.0,True,0.0,True,cpu,1e-06,0.005,True,탐색적/exploratory,0.21
oral_diseases,A0d,9,True,0.7476166377482166,0.7476166377482166,0.0,8.296966552912011e-05,0,0.0,True,0.0,True,cpu,1e-06,0.005,True,탐색적/exploratory,0.09
oral_diseases,A2d,9,True,0.7476166377482166,0.7476166377482166,0.0,0.0001087188720703125,0,0.0,True,0.0,True,cpu,1e-06,0.005,True,탐색적/exploratory,0.1
oral_diseases,A0,9,True,0.7071476768845191,0.7071476768845191,0.0,6.4849853515625e-05,0,0.0,True,0.0,True,cpu,1e-06,0.005,True,탐색적/exploratory,0.09
oral_diseases,A1,9,True,0.7065452091767881,0.7065452091767881,0.0,4.76837158203125e-05,0,0.0,True,0.0,True,cpu,1e-06,0.005,True,탐색적/exploratory,0.24
oral_diseases,A2,9,True,0.6992111689480112,0.6992111689480112,0.0,6.294250487925979e-05,0,0.0,True,0.0,True,cpu,1e-06,0.005,True,탐색적/exploratory,0.09
oral_diseases,A5,9,True,0.6989500996079945,0.6989500996079945,0.0,7.3909759521484375e-06,0,0.0,True,0.0,True,cpu,1e-06,0.005,True,탐색적/exploratory,0.22
oral_diseases,A5s,9,True,0.7033151789730737,0.7033151789730737,0.0,1.430511474609375e-05,0,0.0,True,0.0,True,cpu,1e-06,0.005,True,탐색적/exploratory,0.21
oral_diseases,A3,9,True,0.7284123770965876,0.7284123770965876,0.0,5.1021575927734375e-05,0,0.0,True,0.0,True,cpu,1e-06,0.005,True,탐색적/exploratory,0.36
oral_diseases,A4,9,True,0.6990264121843069,0.6990264121843069,0.0,4.9591064456677714e-05,0,0.0,True,0.0,True,cpu,1e-06,0.005,True,탐색적/exploratory,0.23
oral_diseases,A0d,10,True,0.73703562519352,0.73703562519352,0.0,8.392333984375e-05,0,0.0,True,0.0,True,cpu,1e-06,0.005,True,탐색적/exploratory,0.11
oral_diseases,A2d,10,True,0.7630096511675459,0.7630096511675459,0.0,8.96453857421875e-05,0,0.0,True,0.0,True,cpu,1e-06,0.005,True,탐색적/exploratory,0.09
oral_diseases,A0,10,True,0.8059013355065987,0.8059013355065987,0.0,5.5313110348009786e-05,0,0.0,True,0.0,True,cpu,1e-06,0.005,True,탐색적/exploratory,0.08
oral_diseases,A1,10,True,0.7770413066465698,0.7770413066465698,0.0,4.9591064453125e-05,0,0.0,True,0.0,True,cpu,1e-06,0.005,True,탐색적/exploratory,0.21
oral_diseases,A2,10,True,0.8059013355065987,0.8059013355065987,0.0,6.4849853515625e-05,0,0.0,True,0.0,True,cpu,1e-06,0.005,True,탐색적/exploratory,0.09
oral_diseases,A5,10,True,0.7666226317542106,0.7666226317542106,0.0,1.239776611328125e-05,0,0.0,True,0.0,True,cpu,1e-06,0.005,True,탐색적/exploratory,0.19
oral_diseases,A5s,10,True,0.7401783158362105,0.7401783158362105,0.0,1.1205673218217527e-05,0,0.0,True,0.0,True,cpu,1e-06,0.005,True,탐색적/exploratory,0.19
oral_diseases,A3,10,True,0.7769649940702573,0.7769649940702573,0.0,3.2901763915571536e-05,0,0.0,True,0.0,True,cpu,1e-06,0.005,True,탐색적/exploratory,0.34
oral_diseases,A4,10,True,0.7640542936595568,0.7640542936595568,0.0,4.38690185546875e-05,0,0.0,True,0.0,True,cpu,1e-06,0.005,True,탐색적/exploratory,0.23
oral_diseases,A0d,11,True,0.645660552897395,0.645660552897395,0.0,8.392333984375e-05,0,0.0,True,0.0,True,cpu,1e-06,0.005,True,탐색적/exploratory,0.09
oral_diseases,A2d,11,True,0.645660552897395,0.645660552897395,0.0,9.34600830078125e-05,0,0.0,True,0.0,True,cpu,1e-06,0.005,True,탐색적/exploratory,0.09
oral_diseases,A0,11,True,0.6732579554947976,0.6732579554947976,0.0,0.00010585784911931739,0,0.0,True,0.0,True,cpu,1e-06,0.005,True,탐색적/exploratory,0.09
oral_diseases,A1,11,True,0.6916894508999772,0.6916894508999772,0.0,4.76837158203125e-05,0,0.0,True,0.0,True,cpu,1e-06,0.005,True,탐색적/exploratory,0.2
oral_diseases,A2,11,True,0.6992319814688236,0.6992319814688236,0.0,7.247924804332229e-05,0,0.0,True,0.0,True,cpu,1e-06,0.005,True,탐색적/exploratory,0.08
oral_diseases,A5,11,True,0.6826944254575834,0.6826944254575834,0.0,7.629394530361822e-06,0,0.0,True,0.0,True,cpu,1e-06,0.005,True,탐색적/exploratory,0.19
oral_diseases,A5s,11,True,0.6774065846434267,0.6774065846434267,0.0,1.3828277587890625e-05,0,0.0,True,0.0,True,cpu,1e-06,0.005,True,탐색적/exploratory,0.17
oral_diseases,A3,11,True,0.6805394167236273,0.6805394167236273,0.0,1.33514404296875e-05,0,0.0,True,0.0,True,cpu,1e-06,0.005,True,탐색적/exploratory,0.31
oral_diseases,A4,11,True,0.6916894508999772,0.6916894508999772,0.0,4.9591064453125e-05,0,0.0,True,0.0,True,cpu,1e-06,0.005,True,탐색적/exploratory,0.22
oral_diseases,A0d,12,True,0.6886534518113466,0.6886534518113466,0.0,0.000102996826171875,0,0.0,True,0.0,True,cpu,1e-06,0.005,True,탐색적/exploratory,0.1
oral_diseases,A2d,12,True,0.6811346548188653,0.6811346548188653,0.0,0.00012969970703125,0,0.0,True,0.0,True,cpu,1e-06,0.005,True,탐색적/exploratory,0.08
oral_diseases,A0,12,True,0.743724842409053,0.743724842409053,0.0,6.866455077769729e-05,0,0.0,True,0.0,True,cpu,1e-06,0.005,True,탐색적/exploratory,0.08
oral_diseases,A1,12,True,0.7538685729475203,0.7538685729475203,0.0,5.14984130859375e-05,0,0.0,True,0.0,True,cpu,1e-06,0.005,True,탐색적/exploratory,0.21
oral_diseases,A2,12,True,0.7805213792055898,0.7805213792055898,0.0,6.4849853515625e-05,0,0.0,True,0.0,True,cpu,1e-06,0.005,True,탐색적/exploratory,0.08
oral_diseases,A5,12,True,0.7204687856003645,0.7204687856003645,0.0,5.602836608886719e-06,0,0.0,True,0.0,True,cpu,1e-06,0.005,True,탐색적/exploratory,0.17
oral_diseases,A5s,12,True,0.7475222146274777,0.7475222146274777,0.0,1.52587890625e-05,0,0.0,True,0.0,True,cpu,1e-06,0.005,True,탐색적/exploratory,0.18
oral_diseases,A3,12,True,0.792165071770335,0.792165071770335,0.0,1.8537044525146484e-05,0,0.0,True,0.0,True,cpu,1e-06,0.005,True,탐색적/exploratory,0.34
oral_diseases,A4,12,True,0.7538685729475203,0.7538685729475203,0.0,5.340576171875e-05,0,0.0,True,0.0,True,cpu,1e-06,0.005,True,탐색적/exploratory,0.25
oral_diseases,A0d,13,True,0.6548784548784549,0.6548784548784549,0.0,7.629394530894729e-05,0,0.0,True,0.0,True,cpu,1e-06,0.005,True,탐색적/exploratory,0.1
oral_diseases,A2d,13,True,0.6628149628149629,0.6628149628149629,0.0,0.00010681152343927636,0,0.0,True,0.0,True,cpu,1e-06,0.005,True,탐색적/exploratory,0.1
oral_diseases,A0,13,True,0.7233433233433233,0.7233433233433233,0.0,5.7220458984375e-05,0,0.0,True,0.0,True,cpu,1e-06,0.005,True,탐색적/exploratory,0.09
oral_diseases,A1,13,True,0.7251748251748252,0.7251748251748252,0.0,5.626678466619239e-05,0,0.0,True,0.0,True,cpu,1e-06,0.005,True,탐색적/exploratory,0.24
oral_diseases,A2,13,True,0.7233433233433233,0.7233433233433233,0.0,6.580352783203125e-05,0,0.0,True,0.0,True,cpu,1e-06,0.005,True,탐색적/exploratory,0.1
oral_diseases,A5,13,True,0.6897213897213899,0.6897213897213899,0.0,6.675720215065795e-06,0,0.0,True,0.0,True,cpu,1e-06,0.005,True,탐색적/exploratory,0.2
oral_diseases,A5s,13,True,0.7217560217560217,0.7217560217560217,0.0,1.4781951904296875e-05,0,0.0,True,0.0,True,cpu,1e-06,0.005,True,탐색적/exploratory,0.18
oral_diseases,A3,13,True,0.7031968031968032,0.7031968031968032,0.0,1.9431114196777344e-05,0,0.0,True,0.0,True,cpu,1e-06,0.005,True,탐색적/exploratory,0.35
oral_diseases,A4,13,True,0.7013653013653014,0.7013653013653014,0.0,4.9591064453125e-05,0,0.0,True,0.0,True,cpu,1e-06,0.005,True,탐색적/exploratory,0.24
oral_diseases,A0d,14,True,0.71817122935544,0.71817122935544,0.0,8.7738037109375e-05,0,0.0,True,0.0,True,cpu,1e-06,0.005,True,탐색적/exploratory,0.09
oral_diseases,A2d,14,True,0.71817122935544,0.71817122935544,0.0,0.000102996826171875,0,0.0,True,0.0,True,cpu,1e-06,0.005,True,탐색적/exploratory,0.09
oral_diseases,A0,14,True,0.7780918642760748,0.7780918642760748,0.0,7.247924804332229e-05,0,0.0,True,0.0,True,cpu,1e-06,0.005,True,탐색적/exploratory,0.09
oral_diseases,A1,14,True,0.7546446243814665,0.7546446243814665,0.0,5.435943603515625e-05,0,0.0,True,0.0,True,cpu,1e-06,0.005,True,탐색적/exploratory,0.21
oral_diseases,A2,14,True,0.7705730672835935,0.7705730672835935,0.0,7.009506225585938e-05,0,0.0,True,0.0,True,cpu,1e-06,0.005,True,탐색적/exploratory,0.08
oral_diseases,A5,14,True,0.7738866396761133,0.7738866396761133,0.0,1.0013580322265625e-05,0,0.0,True,0.0,True,cpu,1e-06,0.005,True,탐색적/exploratory,0.21
oral_diseases,A5s,14,True,0.7838876036244457,0.7838876036244457,0.0,1.52587890625e-05,0,0.0,True,0.0,True,cpu,1e-06,0.005,True,탐색적/exploratory,0.18
oral_diseases,A3,14,True,0.8108299595141701,0.8108299595141701,0.0,2.288818359375e-05,0,0.0,True,0.0,True,cpu,1e-06,0.005,True,탐색적/exploratory,0.33
oral_diseases,A4,14,True,0.7471258273889854,0.7471258273889854,0.0,5.14984130859375e-05,0,0.0,True,0.0,True,cpu,1e-06,0.005,True,탐색적/exploratory,0.22
