dataset,arm,target_prior,target_prior_source,target_assumed,method,source_prior,class_names,bacc,bacc_weighted,acc,acc_weighted,em_prior_l1_err,em_min_prior,em_degenerate,changed_vs_raw,changed_vs_argmax_p,rec_0,rec_1,rec_2,rec_3,rec_4,rec_5,rec_6,recw_0,recw_1,recw_2,recw_3,recw_4,recw_5,recw_6,n_folds,bacc_sd,exploratory
aptos2019,B0,aptos_pool,관측 · 이 프로젝트 pool 분포,False,argmax_p,none,no_dr|mild|moderate|severe|proliferative,0.6457036359493563,0.6457036359493563,0.8158551949843073,0.8158685481779162,,,,0.0,0.0,0.9819021237303786,0.6036036036036037,0.7727638190954774,0.3595141700404858,0.5107344632768361,,,0.9819021237303786,0.6036036036036037,0.7727638190954774,0.35951417004048597,0.5107344632768361,,,15,0.023781318322433458,탐색적/exploratory
aptos2019,B0,aptos_pool,관측 · 이 프로젝트 pool 분포,False,em,train,no_dr|mild|moderate|severe|proliferative,0.6472231308310298,0.6472231308310298,0.8162193694600377,0.8162495044425033,0.04333632236172503,0.054436577608189866,0.0,0.008737702433048306,0.008737702433048306,0.9822714681440444,0.6063063063063063,0.7717721943048576,0.3684210526315789,0.5073446327683616,,,0.9822714681440442,0.6063063063063063,0.7717721943048576,0.3684210526315791,0.5073446327683616,,,15,0.02682327220591124,탐색적/exploratory
aptos2019,B0,aptos_pool,관측 · 이 프로젝트 pool 분포,False,em,uniform,no_dr|mild|moderate|severe|proliferative,0.5786232349827718,0.5786232349827717,0.8214076443092613,0.8214412971965744,0.19496709651823577,0.021045127481960395,0.0,0.0989453725861482,0.0989453725861482,0.9883656509695291,0.409009009009009,0.920929648241206,0.16464237516869096,0.4101694915254237,,,0.988365650969529,0.409009009009009,0.920929648241206,0.164642375168691,0.4101694915254237,,,15,0.019182237970067476,탐색적/exploratory
aptos2019,B0,aptos_pool,관측 · 이 프로젝트 pool 분포,False,oracle,train,no_dr|mild|moderate|severe|proliferative,0.6457036359493563,0.6457036359493563,0.8158551949843073,0.8158685481779162,,,,0.0,0.0,0.9819021237303786,0.6036036036036037,0.7727638190954774,0.3595141700404858,0.5107344632768361,,,0.9819021237303786,0.6036036036036037,0.7727638190954774,0.35951417004048597,0.5107344632768361,,,15,0.023781318322433458,탐색적/exploratory
aptos2019,B0,aptos_pool,관측 · 이 프로젝트 pool 분포,False,oracle,uniform,no_dr|mild|moderate|severe|proliferative,0.6074320352072322,0.6074320352072322,0.8243207916166564,0.8243386362640759,,,,0.06708687754244975,0.06708687754244975,0.9878116343490305,0.5036036036036037,0.8772194304857622,0.23688708951866846,0.43163841807909603,,,0.9878116343490304,0.5036036036036037,0.8772194304857622,0.23688708951866858,0.43163841807909603,,,15,0.020207271294676258,탐색적/exploratory
aptos2019,B0,aptos_pool,관측 · 이 프로젝트 pool 분포,False,raw,none,no_dr|mild|moderate|severe|proliferative,0.6457036359493563,0.6457036359493563,0.8158551949843073,0.8158685481779162,,,,0.0,0.0,0.9819021237303786,0.6036036036036037,0.7727638190954774,0.3595141700404858,0.5107344632768361,,,0.9819021237303786,0.6036036036036037,0.7727638190954774,0.35951417004048597,0.5107344632768361,,,15,0.023781318322433458,탐색적/exploratory
aptos2019,B0,ddr_like,가정 · DDR 등급 분포로 알려진 값(ungradable 1151 제외) — 미검증,True,argmax_p,none,no_dr|mild|moderate|severe|proliferative,0.6457036359493563,0.6457036359493563,0.8158551949843073,0.842012338664477,,,,0.0,0.0,0.9819021237303786,0.6036036036036037,0.7727638190954774,0.3595141700404858,0.5107344632768361,,,0.9819021237303786,0.6036036036036037,0.7727638190954773,0.35951417004048575,0.5107344632768362,,,15,0.023781318322433458,탐색적/exploratory
aptos2019,B0,ddr_like,가정 · DDR 등급 분포로 알려진 값(ungradable 1151 제외) — 미검증,True,em,train,no_dr|mild|moderate|severe|proliferative,0.6341725467363305,0.6341725467363305,0.8199505736586675,0.8534397352180079,0.08656100168145288,0.040226581973596236,0.0,0.025670510937659197,0.025670510937659197,0.9839335180055401,0.5540540540540541,0.8144941373534338,0.32685560053981105,0.4915254237288135,,,0.9839335180055401,0.5540540540540541,0.8144941373534338,0.326855600539811,0.49152542372881364,,,15,0.02617537634546775,탐색적/exploratory
aptos2019,B0,ddr_like,가정 · DDR 등급 분포로 알려진 값(ungradable 1151 제외) — 미검증,True,em,uniform,no_dr|mild|moderate|severe|proliferative,0.5542884414904067,0.5542884414904067,0.814762298809444,0.8780210292049546,0.10438233289063924,0.011271143111451923,0.0,0.11878971315824133,0.11878971315824133,0.9881809787626962,0.3297297297297297,0.9396130653266331,0.11956815114709851,0.3943502824858757,,,0.9881809787626961,0.32972972972972975,0.939613065326633,0.11956815114709851,0.3943502824858757,,,15,0.016929717480570344,탐색적/exploratory
aptos2019,B0,ddr_like,가정 · DDR 등급 분포로 알려진 값(ungradable 1151 제외) — 미검증,True,oracle,train,no_dr|mild|moderate|severe|proliferative,0.6186267294985381,0.6186267294985381,0.8215889239271701,0.8623867671601239,,,,0.04833555739444407,0.04833555739444407,0.9846722068328717,0.5153153153153153,0.8465226130653266,0.2471884840305893,0.4994350282485876,,,0.9846722068328716,0.5153153153153153,0.8465226130653266,0.2471884840305893,0.4994350282485876,,,15,0.024615769131010427,탐색적/exploratory
aptos2019,B0,ddr_like,가정 · DDR 등급 분포로 알려진 값(ungradable 1151 제외) — 미검증,True,oracle,uniform,no_dr|mild|moderate|severe|proliferative,0.5758376714332242,0.5758376714332241,0.8206789226101283,0.8784785673162587,,,,0.10249616691143763,0.10249616691143763,0.9883656509695291,0.3846846846846847,0.922926298157454,0.1470535312640576,0.4361581920903955,,,0.988365650969529,0.38468468468468475,0.9229262981574539,0.1470535312640576,0.4361581920903955,,,15,0.01994522619778268,탐색적/exploratory
aptos2019,B0,ddr_like,가정 · DDR 등급 분포로 알려진 값(ungradable 1151 제외) — 미검증,True,raw,none,no_dr|mild|moderate|severe|proliferative,0.6457036359493563,0.6457036359493563,0.8158551949843073,0.842012338664477,,,,0.0,0.0,0.9819021237303786,0.6036036036036037,0.7727638190954774,0.3595141700404858,0.5107344632768361,,,0.9819021237303786,0.6036036036036037,0.7727638190954773,0.35951417004048575,0.5107344632768362,,,15,0.023781318322433458,탐색적/exploratory
aptos2019,B0,idrid_like,가정 · IDRiD 공개 등급 분포로 알려진 값(413 train + 103 test) — 미검증,True,argmax_p,none,no_dr|mild|moderate|severe|proliferative,0.6457036359493563,0.6457036359493563,0.8158551949843073,0.7266944244607808,,,,0.0,0.0,0.9819021237303786,0.6036036036036037,0.7727638190954774,0.3595141700404858,0.5107344632768361,,,0.9819021237303787,0.6036036036036035,0.7727638190954773,0.3595141700404858,0.5107344632768362,,,15,0.023781318322433458,탐색적/exploratory
aptos2019,B0,idrid_like,가정 · IDRiD 공개 등급 분포로 알려진 값(413 train + 103 test) — 미검증,True,em,train,no_dr|mild|moderate|severe|proliferative,0.6476724277348661,0.6476724277348661,0.8117603133068434,0.7353014751195265,0.10284711105593418,0.06242857310182246,0.0,0.03923318348876911,0.03923318348876911,0.9809787626962142,0.5441441441441441,0.766787269681742,0.4357174988753936,0.5107344632768361,,,0.9809787626962142,0.5441441441441441,0.766787269681742,0.4357174988753936,0.5107344632768362,,,15,0.024117252886110198,탐색적/exploratory
aptos2019,B0,idrid_like,가정 · IDRiD 공개 등급 분포로 알려진 값(413 train + 103 test) — 미검증,True,em,uniform,no_dr|mild|moderate|severe|proliferative,0.5717480504497577,0.5717480504497577,0.8162192452108137,0.7293989341299253,0.3147997629450664,0.030337636844459292,0.0,0.10650096790145545,0.10650096790145545,0.9878116343490305,0.2954954954954955,0.929606365159129,0.21983805668016196,0.42598870056497173,,,0.9878116343490305,0.2954954954954955,0.929606365159129,0.21983805668016196,0.4259887005649718,,,15,0.014829081161068574,탐색적/exploratory
aptos2019,B0,idrid_like,가정 · IDRiD 공개 등급 분포로 알려진 값(413 train + 103 test) — 미검증,True,oracle,train,no_dr|mild|moderate|severe|proliferative,0.6478804818188699,0.6478804818188699,0.8094845645188946,0.7405712557486371,,,,0.053795938044366914,0.053795938044366914,0.9822714681440444,0.5117117117117117,0.7631155778894473,0.4907782276203329,0.4915254237288135,,,0.9822714681440444,0.5117117117117116,0.7631155778894472,0.4907782276203329,0.49152542372881364,,,15,0.027342606450022632,탐색적/exploratory
aptos2019,B0,idrid_like,가정 · IDRiD 공개 등급 분포로 알려진 값(413 train + 103 test) — 미검증,True,oracle,uniform,no_dr|mild|moderate|severe|proliferative,0.6078258090161525,0.6078258090161526,0.8201323502734726,0.7412112387576831,,,,0.07209287877997202,0.07209287877997202,0.9876269621421976,0.3972972972972973,0.8815460636515913,0.34215024741340533,0.43050847457627117,,,0.9876269621421976,0.3972972972972973,0.8815460636515913,0.3421502474134053,0.4305084745762712,,,15,0.023128449818213524,탐색적/exploratory
aptos2019,B0,idrid_like,가정 · IDRiD 공개 등급 분포로 알려진 값(413 train + 103 test) — 미검증,True,raw,none,no_dr|mild|moderate|severe|proliferative,0.6457036359493563,0.6457036359493563,0.8158551949843073,0.7266944244607808,,,,0.0,0.0,0.9819021237303786,0.6036036036036037,0.7727638190954774,0.3595141700404858,0.5107344632768361,,,0.9819021237303787,0.6036036036036035,0.7727638190954773,0.3595141700404858,0.5107344632768362,,,15,0.023781318322433458,탐색적/exploratory
aptos2019,B0,uniform,정의상 균등,False,argmax_p,none,no_dr|mild|moderate|severe|proliferative,0.6457036359493563,0.6457036359493563,0.8158551949843073,0.6457036359493563,,,,0.0,0.0,0.9819021237303786,0.6036036036036037,0.7727638190954774,0.3595141700404858,0.5107344632768361,,,0.9819021237303786,0.6036036036036038,0.7727638190954774,0.3595141700404857,0.5107344632768361,,,15,0.023781318322433458,탐색적/exploratory
aptos2019,B0,uniform,정의상 균등,False,em,train,no_dr|mild|moderate|severe|proliferative,0.6570028801856292,0.6570028801856292,0.7981982620018538,0.6570028801856292,0.1828614789354435,0.1399512494000286,0.0,0.05388465199034832,0.05388465199034832,0.9739612188365652,0.6531531531531531,0.6803601340033502,0.43742690058479533,0.5401129943502825,,,0.9739612188365652,0.6531531531531533,0.6803601340033502,0.43742690058479516,0.5401129943502825,,,15,0.03059632033732178,탐색적/exploratory
aptos2019,B0,uniform,정의상 균등,False,em,uniform,no_dr|mild|moderate|severe|proliferative,0.6055058991196111,0.6055058991196111,0.8243217856104489,0.6055058991196111,0.5191785107759285,0.07585930561962674,0.0,0.07018105596930548,0.07018105596930548,0.984118190212373,0.4864864864864865,0.889571189279732,0.2266756635177688,0.4406779661016949,,,0.984118190212373,0.48648648648648657,0.889571189279732,0.22667566351776872,0.4406779661016949,,,15,0.022882968949447607,탐색적/exploratory
aptos2019,B0,uniform,정의상 균등,False,oracle,train,no_dr|mild|moderate|severe|proliferative,0.666426818578659,0.6664268185786589,0.7886427511760189,0.666426818578659,,,,0.08200883660481541,0.08200883660481541,0.9732225300092335,0.6828828828828829,0.618286432160804,0.4995501574448943,0.5581920903954802,,,0.9732225300092335,0.6828828828828829,0.618286432160804,0.49955015744489406,0.5581920903954801,,,15,0.026377061134656266,탐색적/exploratory
aptos2019,B0,uniform,정의상 균등,False,oracle,uniform,no_dr|mild|moderate|severe|proliferative,0.6457036359493563,0.6457036359493563,0.8158551949843073,0.6457036359493563,,,,0.0,0.0,0.9819021237303786,0.6036036036036037,0.7727638190954774,0.3595141700404858,0.5107344632768361,,,0.9819021237303786,0.6036036036036038,0.7727638190954774,0.3595141700404857,0.5107344632768361,,,15,0.023781318322433458,탐색적/exploratory
aptos2019,B0,uniform,정의상 균등,False,raw,none,no_dr|mild|moderate|severe|proliferative,0.6457036359493563,0.6457036359493563,0.8158551949843073,0.6457036359493563,,,,0.0,0.0,0.9819021237303786,0.6036036036036037,0.7727638190954774,0.3595141700404858,0.5107344632768361,,,0.9819021237303786,0.6036036036036038,0.7727638190954774,0.3595141700404857,0.5107344632768361,,,15,0.023781318322433458,탐색적/exploratory
aptos2019,B1,aptos_pool,관측 · 이 프로젝트 pool 분포,False,argmax_p,none,no_dr|mild|moderate|severe|proliferative,0.6554548011915636,0.6554548011915637,0.7960137121443677,0.7960251316312842,,,,0.0,0.0,0.9758079409048938,0.664864864864865,0.6656633165829146,0.4285650022492128,0.5423728813559322,,,0.9758079409048938,0.6648648648648648,0.6656633165829147,0.42856500224921296,0.5423728813559322,,,15,0.026699528822883723,탐색적/exploratory
aptos2019,B1,aptos_pool,관측 · 이 프로젝트 pool 분포,False,em,train,no_dr|mild|moderate|severe|proliferative,0.662530937475738,0.662530937475738,0.7847274096273268,0.7847611459206401,0.16038628578283518,0.07946235920953819,0.0,0.03413250434251038,0.03413250434251038,0.9746999076638966,0.6990990990990991,0.5982814070351758,0.4789923526765632,0.5615819209039548,,,0.9746999076638966,0.6990990990990991,0.598281407035176,0.47899235267656337,0.5615819209039548,,,15,0.031805741354298755,탐색적/exploratory
aptos2019,B1,aptos_pool,관측 · 이 프로젝트 pool 분포,False,em,uniform,no_dr|mild|moderate|severe|proliferative,0.627103453378578,0.627103453378578,0.8194984307323001,0.8195237052732577,0.06748807538732539,0.04131144871878238,0.0,0.08319479544850242,0.08319479544850242,0.9839335180055401,0.555855855855856,0.8224958123953099,0.2975258659469186,0.4757062146892655,,,0.9839335180055401,0.555855855855856,0.8224958123953099,0.2975258659469187,0.4757062146892655,,,15,0.026366410551527542,탐색적/exploratory
aptos2019,B1,aptos_pool,관측 · 이 프로젝트 pool 분포,False,oracle,train,no_dr|mild|moderate|severe|proliferative,0.655388134524897,0.655388134524897,0.7959227617123531,0.7959341977153913,,,,9.095043201455206e-05,9.095043201455206e-05,0.9758079409048938,0.664864864864865,0.6653299832495813,0.4285650022492128,0.5423728813559322,,,0.9758079409048938,0.6648648648648648,0.6653299832495813,0.42856500224921296,0.5423728813559322,,,15,0.02657656562436511,탐색적/exploratory
aptos2019,B1,aptos_pool,관측 · 이 프로젝트 pool 분포,False,oracle,uniform,no_dr|mild|moderate|severe|proliferative,0.6326949655042013,0.6326949655042013,0.8167675570366063,0.8167794417621411,,,,0.07145175278380386,0.07145175278380386,0.9839335180055401,0.5747747747747748,0.7974623115577889,0.3180386864597391,0.48926553672316386,,,0.9839335180055401,0.5747747747747748,0.7974623115577889,0.3180386864597392,0.48926553672316386,,,15,0.02635622795957324,탐색적/exploratory
aptos2019,B1,aptos_pool,관측 · 이 프로젝트 pool 분포,False,raw,none,no_dr|mild|moderate|severe|proliferative,0.6554548011915636,0.6554548011915637,0.7960137121443677,0.7960251316312842,,,,0.0,0.0,0.9758079409048938,0.664864864864865,0.6656633165829146,0.4285650022492128,0.5423728813559322,,,0.9758079409048938,0.6648648648648648,0.6656633165829147,0.42856500224921296,0.5423728813559322,,,15,0.026699528822883723,탐색적/exploratory
aptos2019,B1,ddr_like,가정 · DDR 등급 분포로 알려진 값(ungradable 1151 제외) — 미검증,True,argmax_p,none,no_dr|mild|moderate|severe|proliferative,0.6554548011915636,0.6554548011915637,0.7960137121443677,0.8073614336468151,,,,0.0,0.0,0.9758079409048938,0.664864864864865,0.6656633165829146,0.4285650022492128,0.5423728813559322,,,0.9758079409048938,0.664864864864865,0.6656633165829146,0.42856500224921273,0.5423728813559323,,,15,0.026699528822883723,탐색적/exploratory
aptos2019,B1,ddr_like,가정 · DDR 등급 분포로 알려진 값(ungradable 1151 제외) — 미검증,True,em,train,no_dr|mild|moderate|severe|proliferative,0.659885642272037,0.659885642272037,0.7935571807354064,0.8023250137422526,0.23543777171312819,0.06761930577375115,0.0,0.013743330922898386,0.013743330922898386,0.9759926131117267,0.664864864864865,0.6473132328308208,0.456455240665767,0.5548022598870056,,,0.9759926131117267,0.6648648648648648,0.6473132328308208,0.456455240665767,0.5548022598870056,,,15,0.02867148994198105,탐색적/exploratory
aptos2019,B1,ddr_like,가정 · DDR 등급 분포로 알려진 값(ungradable 1151 제외) — 미검증,True,em,uniform,no_dr|mild|moderate|severe|proliferative,0.6093586236437752,0.6093586236437752,0.8201329715195929,0.8632217224544095,0.047541142889075724,0.028496251539087525,0.0,0.10822691387292287,0.10822691387292287,0.9852262234533703,0.49819819819819816,0.8588626465661642,0.245748987854251,0.45875706214689266,,,0.9852262234533702,0.49819819819819827,0.8588626465661641,0.245748987854251,0.45875706214689266,,,15,0.021590787931974578,탐색적/exploratory
aptos2019,B1,ddr_like,가정 · DDR 등급 분포로 알려진 값(ungradable 1151 제외) — 미검증,True,oracle,train,no_dr|mild|moderate|severe|proliferative,0.6399601365581787,0.6399601365581787,0.8106687838734447,0.8374348021447646,,,,0.0509723744275217,0.0509723744275217,0.9796860572483842,0.5864864864864864,0.7590938023450586,0.3231219073324336,0.5514124293785311,,,0.9796860572483841,0.5864864864864866,0.7590938023450585,0.3231219073324336,0.5514124293785312,,,15,0.029187558834513763,탐색적/exploratory
aptos2019,B1,ddr_like,가정 · DDR 등급 분포로 알려진 값(ungradable 1151 제외) — 미검증,True,oracle,uniform,no_dr|mild|moderate|severe|proliferative,0.6071115174355766,0.6071115174355765,0.821498594741276,0.866786743482035,,,,0.11578188794210979,0.11578188794210979,0.985595567867036,0.4828828828828829,0.8682060301507537,0.22316689158794423,0.47570621468926555,,,0.9855955678670358,0.48288288288288295,0.8682060301507537,0.22316689158794423,0.47570621468926555,,,15,0.02198239175745884,탐색적/exploratory
aptos2019,B1,ddr_like,가정 · DDR 등급 분포로 알려진 값(ungradable 1151 제외) — 미검증,True,raw,none,no_dr|mild|moderate|severe|proliferative,0.6554548011915636,0.6554548011915637,0.7960137121443677,0.8073614336468151,,,,0.0,0.0,0.9758079409048938,0.664864864864865,0.6656633165829146,0.4285650022492128,0.5423728813559322,,,0.9758079409048938,0.664864864864865,0.6656633165829146,0.42856500224921273,0.5423728813559323,,,15,0.026699528822883723,탐색적/exploratory
aptos2019,B1,idrid_like,가정 · IDRiD 공개 등급 분포로 알려진 값(413 train + 103 test) — 미검증,True,argmax_p,none,no_dr|mild|moderate|severe|proliferative,0.6554548011915636,0.6554548011915636,0.7960137121443677,0.7090551487070116,,,,0.0,0.0,0.9758079409048938,0.664864864864865,0.6656633165829146,0.4285650022492128,0.5423728813559322,,,0.9758079409048939,0.6648648648648648,0.6656633165829146,0.4285650022492128,0.5423728813559323,,,15,0.026699528822883723,탐색적/exploratory
aptos2019,B1,idrid_like,가정 · IDRiD 공개 등급 분포로 알려진 값(413 train + 103 test) — 미검증,True,em,train,no_dr|mild|moderate|severe|proliferative,0.6615092796536064,0.6615092796536064,0.7789040969939143,0.7021269157673596,0.18607806578487257,0.0886454605814548,0.0,0.04942447759413742,0.04942447759413742,0.972668513388735,0.6576576576576577,0.5859380234505862,0.5274403958614485,0.5638418079096045,,,0.9726685133887351,0.6576576576576575,0.5859380234505862,0.5274403958614485,0.5638418079096046,,,15,0.029788035534005775,탐색적/exploratory
aptos2019,B1,idrid_like,가정 · IDRiD 공개 등급 분포로 알려진 값(413 train + 103 test) — 미검증,True,em,uniform,no_dr|mild|moderate|severe|proliferative,0.6263316578604023,0.6263316578604023,0.8166754883615752,0.7339424439295936,0.16892842671657646,0.05320245979631285,0.0,0.08720133592765714,0.08720133592765714,0.9833795013850415,0.4882882882882883,0.825497487437186,0.3508771929824562,0.48361581920903957,,,0.9833795013850416,0.48828828828828824,0.825497487437186,0.3508771929824561,0.48361581920903957,,,15,0.026189673404128463,탐색적/exploratory
aptos2019,B1,idrid_like,가정 · IDRiD 공개 등급 분포로 알려진 값(413 train + 103 test) — 미검증,True,oracle,train,no_dr|mild|moderate|severe|proliferative,0.6567954156524113,0.6567954156524114,0.790372051876536,0.7202079941672591,,,,0.05324849596314271,0.05324849596314271,0.9759926131117267,0.5846846846846847,0.6569983249581239,0.534098065677013,0.5322033898305085,,,0.9759926131117267,0.5846846846846846,0.6569983249581239,0.534098065677013,0.5322033898305085,,,15,0.026898812340286044,탐색적/exploratory
aptos2019,B1,idrid_like,가정 · IDRiD 공개 등급 분포로 알려진 값(413 train + 103 test) — 미검증,True,oracle,uniform,no_dr|mild|moderate|severe|proliferative,0.6338539578971908,0.6338539578971909,0.8119409716786319,0.7347569600618681,,,,0.07445771426157442,0.07445771426157442,0.984302862419206,0.4945945945945946,0.7911256281407035,0.4111111111111111,0.488135593220339,,,0.984302862419206,0.4945945945945945,0.7911256281407035,0.4111111111111111,0.48813559322033906,,,15,0.023223272255825936,탐색적/exploratory
aptos2019,B1,idrid_like,가정 · IDRiD 공개 등급 분포로 알려진 값(413 train + 103 test) — 미검증,True,raw,none,no_dr|mild|moderate|severe|proliferative,0.6554548011915636,0.6554548011915636,0.7960137121443677,0.7090551487070116,,,,0.0,0.0,0.9758079409048938,0.664864864864865,0.6656633165829146,0.4285650022492128,0.5423728813559322,,,0.9758079409048939,0.6648648648648648,0.6656633165829146,0.4285650022492128,0.5423728813559323,,,15,0.026699528822883723,탐색적/exploratory
aptos2019,B1,uniform,정의상 균등,False,argmax_p,none,no_dr|mild|moderate|severe|proliferative,0.6554548011915636,0.6554548011915636,0.7960137121443677,0.6554548011915636,,,,0.0,0.0,0.9758079409048938,0.664864864864865,0.6656633165829146,0.4285650022492128,0.5423728813559322,,,0.9758079409048938,0.664864864864865,0.6656633165829147,0.42856500224921257,0.5423728813559322,,,15,0.026699528822883723,탐색적/exploratory
aptos2019,B1,uniform,정의상 균등,False,em,train,no_dr|mild|moderate|severe|proliferative,0.6599299211259955,0.6599299211259955,0.7555095833426521,0.6599299211259955,0.09659296122841789,0.16566672779822234,0.0,0.08756414366192283,0.08756414366192283,0.9577100646352723,0.7297297297297297,0.4938676716917923,0.5398110661268556,0.5785310734463277,,,0.9577100646352724,0.7297297297297298,0.49386767169179235,0.5398110661268554,0.5785310734463277,,,15,0.03024433977986987,탐색적/exploratory
aptos2019,B1,uniform,정의상 균등,False,em,uniform,no_dr|mild|moderate|severe|proliferative,0.643411608683938,0.643411608683938,0.8098501057360896,0.643411608683938,0.2946865156289954,0.11499031363462198,0.0,0.044145749309795555,0.044145749309795555,0.9772853185595568,0.6117117117117117,0.7544355108877722,0.3527215474583896,0.5209039548022599,,,0.9772853185595568,0.6117117117117118,0.7544355108877722,0.35272154745838946,0.5209039548022598,,,15,0.03229139358433501,탐색적/exploratory
aptos2019,B1,uniform,정의상 균등,False,oracle,train,no_dr|mild|moderate|severe|proliferative,0.661294229100044,0.661294229100044,0.757420412159526,0.661294229100044,,,,0.08419549869911062,0.08419549869911062,0.9588180978762696,0.7243243243243244,0.5001892797319933,0.5479982006297796,0.5751412429378531,,,0.9588180978762697,0.7243243243243245,0.5001892797319933,0.5479982006297793,0.5751412429378531,,,15,0.024812959635299062,탐색적/exploratory
aptos2019,B1,uniform,정의상 균등,False,oracle,uniform,no_dr|mild|moderate|severe|proliferative,0.6554548011915636,0.6554548011915636,0.7960137121443677,0.6554548011915636,,,,0.0,0.0,0.9758079409048938,0.664864864864865,0.6656633165829146,0.4285650022492128,0.5423728813559322,,,0.9758079409048938,0.664864864864865,0.6656633165829147,0.42856500224921257,0.5423728813559322,,,15,0.026699528822883723,탐색적/exploratory
aptos2019,B1,uniform,정의상 균등,False,raw,none,no_dr|mild|moderate|severe|proliferative,0.6554548011915636,0.6554548011915636,0.7960137121443677,0.6554548011915636,,,,0.0,0.0,0.9758079409048938,0.664864864864865,0.6656633165829146,0.4285650022492128,0.5423728813559322,,,0.9758079409048938,0.664864864864865,0.6656633165829147,0.42856500224921257,0.5423728813559322,,,15,0.026699528822883723,탐색적/exploratory
aptos2019,B3,aptos_pool,관측 · 이 프로젝트 pool 분포,False,argmax_p,none,no_dr|mild|moderate|severe|proliferative,0.6830856052764636,0.6830856052764637,0.797376229135449,0.7973943417161206,,,,0.07136515107463154,0.0,0.9774699907663896,0.7216216216216217,0.6172948073701843,0.5114709851551956,0.5875706214689266,,,0.9774699907663896,0.7216216216216217,0.6172948073701844,0.511470985155196,0.5875706214689266,,,15,0.02384051718844558,탐색적/exploratory
aptos2019,B3,aptos_pool,관측 · 이 프로젝트 pool 분포,False,em,train,no_dr|mild|moderate|severe|proliferative,0.2605649717514124,0.2605649717514124,0.10695050159411754,0.10694520298561806,1.651949774144524,1.0907693950027665e-12,1.0,0.8849532947166744,0.8663844966788183,0.0,0.23333333333333334,0.0,0.1,0.9694915254237289,,,0.0,0.23333333333333334,0.0,0.10000000000000003,0.9694915254237289,,,15,0.02527982427291519,탐색적/exploratory
aptos2019,B3,aptos_pool,관측 · 이 프로젝트 pool 분포,False,em,uniform,no_dr|mild|moderate|severe|proliferative,0.6130262067036149,0.6130262067036149,0.8071202260341884,0.8071351480677741,0.24607353105581012,0.019067707995196345,0.06666666666666667,0.16894490043909677,0.12361368928251043,0.9861495844875346,0.5441441441441441,0.7534623115577889,0.08645973909131803,0.6949152542372882,,,0.9861495844875346,0.5441441441441441,0.753462311557789,0.08645973909131806,0.6949152542372882,,,15,0.018408801877105793,탐색적/exploratory
aptos2019,B3,aptos_pool,관측 · 이 프로젝트 pool 분포,False,oracle,train,no_dr|mild|moderate|severe|proliferative,0.6830856052764636,0.6830856052764637,0.797376229135449,0.7973943417161206,,,,0.07127407639339293,9.107468123861566e-05,0.9774699907663896,0.7216216216216217,0.6172948073701843,0.5114709851551956,0.5875706214689266,,,0.9774699907663896,0.7216216216216217,0.6172948073701844,0.511470985155196,0.5875706214689266,,,15,0.02384051718844558,탐색적/exploratory
aptos2019,B3,aptos_pool,관측 · 이 프로젝트 pool 분포,False,oracle,uniform,no_dr|mild|moderate|severe|proliferative,0.6440041966354536,0.6440041966354536,0.8274165852834249,0.827427343855683,,,,0.14773431539920034,0.1123237835379718,0.985595567867036,0.5936936936936937,0.8208174204355109,0.29901034637876744,0.5209039548022598,,,0.985595567867036,0.5936936936936937,0.8208174204355109,0.29901034637876756,0.5209039548022599,,,15,0.023749075207976006,탐색적/exploratory
aptos2019,B3,aptos_pool,관측 · 이 프로젝트 pool 분포,False,raw,none,no_dr|mild|moderate|severe|proliferative,0.6636538848253795,0.6636538848253795,0.7656083117760929,0.7656339665768941,,,,0.0,0.07136515107463154,0.9420129270544783,0.681081081081081,0.5829396984924623,0.578902384165542,0.5333333333333333,,,0.9420129270544783,0.681081081081081,0.5829396984924623,0.5789023841655424,0.5333333333333333,,,15,0.022647826979252772,탐색적/exploratory
aptos2019,B3,ddr_like,가정 · DDR 등급 분포로 알려진 값(ungradable 1151 제외) — 미검증,True,argmax_p,none,no_dr|mild|moderate|severe|proliferative,0.6830856052764636,0.6830856052764636,0.797376229135449,0.7986133657768639,,,,0.07136515107463154,0.0,0.9774699907663896,0.7216216216216217,0.6172948073701843,0.5114709851551956,0.5875706214689266,,,0.9774699907663896,0.7216216216216217,0.6172948073701843,0.5114709851551956,0.5875706214689267,,,15,0.02384051718844558,탐색적/exploratory
aptos2019,B3,ddr_like,가정 · DDR 등급 분포로 알려진 값(ungradable 1151 제외) — 미검증,True,em,train,no_dr|mild|moderate|severe|proliferative,0.2365885819944696,0.23658858199446958,0.09584560294420962,0.07934623946518657,1.7613435476003354,1.7239118278555154e-12,1.0,0.9037039936185598,0.8853172206939567,0.0,0.12792792792792793,0.0,0.07422402159244264,0.9807909604519774,,,0.0,0.12792792792792793,0.0,0.07422402159244264,0.9807909604519774,,,15,0.024426859557092697,탐색적/exploratory
aptos2019,B3,ddr_like,가정 · DDR 등급 분포로 알려진 값(ungradable 1151 제외) — 미검증,True,em,uniform,no_dr|mild|moderate|severe|proliferative,0.5891879940166648,0.5891879940166648,0.8079391526699916,0.8550585682386437,0.22555923802673092,0.0067591005152424855,0.3333333333333333,0.19497846760946977,0.1566560309330868,0.9876269621421976,0.4423423423423423,0.8075159128978224,0.0327485380116959,0.6757062146892655,,,0.9876269621421976,0.4423423423423423,0.8075159128978223,0.03274853801169591,0.6757062146892655,,,15,0.013072197285661382,탐색적/exploratory
aptos2019,B3,ddr_like,가정 · DDR 등급 분포로 알려진 값(ungradable 1151 제외) — 미검증,True,oracle,train,no_dr|mild|moderate|severe|proliferative,0.6525459275063167,0.6525459275063167,0.8200450030689558,0.8477836952863433,,,,0.1384502891279444,0.09639515726224289,0.9819021237303786,0.6027027027027027,0.767782244556114,0.2730544309491678,0.6372881355932203,,,0.9819021237303784,0.6027027027027027,0.7677822445561139,0.2730544309491678,0.6372881355932203,,,15,0.018689278840465794,탐색적/exploratory
aptos2019,B3,ddr_like,가정 · DDR 등급 분포로 알려진 값(ungradable 1151 제외) — 미검증,True,oracle,uniform,no_dr|mild|moderate|severe|proliferative,0.6017411242978301,0.6017411242978301,0.8243200461213119,0.8729336220569094,,,,0.1957047043241215,0.16184169654860506,0.9881809787626962,0.4846846846846847,0.8735443886097153,0.12105263157894736,0.5412429378531074,,,0.9881809787626962,0.4846846846846847,0.8735443886097153,0.12105263157894736,0.5412429378531074,,,15,0.0162032796168758,탐색적/exploratory
aptos2019,B3,ddr_like,가정 · DDR 등급 분포로 알려진 값(ungradable 1151 제외) — 미검증,True,raw,none,no_dr|mild|moderate|severe|proliferative,0.6636538848253795,0.6636538848253795,0.7656083117760929,0.7638643513936749,,,,0.0,0.07136515107463154,0.9420129270544783,0.681081081081081,0.5829396984924623,0.578902384165542,0.5333333333333333,,,0.9420129270544783,0.681081081081081,0.5829396984924623,0.578902384165542,0.5333333333333333,,,15,0.022647826979252772,탐색적/exploratory
aptos2019,B3,idrid_like,가정 · IDRiD 공개 등급 분포로 알려진 값(413 train + 103 test) — 미검증,True,argmax_p,none,no_dr|mild|moderate|severe|proliferative,0.6830856052764636,0.6830856052764636,0.797376229135449,0.7169713309650999,,,,0.07136515107463154,0.0,0.9774699907663896,0.7216216216216217,0.6172948073701843,0.5114709851551956,0.5875706214689266,,,0.9774699907663896,0.7216216216216215,0.6172948073701843,0.5114709851551957,0.5875706214689267,,,15,0.02384051718844558,탐색적/exploratory
aptos2019,B3,idrid_like,가정 · IDRiD 공개 등급 분포로 알려진 값(413 train + 103 test) — 미검증,True,em,train,no_dr|mild|moderate|severe|proliferative,0.27923015309277577,0.27923015309277577,0.10440177726090101,0.18173820157202936,1.3916109414680626,9.999999999994087e-13,1.0,0.8661996138334117,0.8481768911353149,0.0,0.12342342342342343,0.0,0.3800719748088169,0.8926553672316384,,,0.0,0.12342342342342343,0.0,0.3800719748088169,0.8926553672316384,,,15,0.029467646289265733,탐색적/exploratory
aptos2019,B3,idrid_like,가정 · IDRiD 공개 등급 분포로 알려진 값(413 train + 103 test) — 미검증,True,em,uniform,no_dr|mild|moderate|severe|proliferative,0.5875985230364617,0.5875985230364617,0.7816302492190936,0.6983619834311707,0.414132179602474,0.031128235322600933,0.0,0.1966186816163333,0.15146949557300013,0.9835641735918744,0.27837837837837837,0.7284254606365159,0.22672064777327935,0.7209039548022599,,,0.9835641735918744,0.27837837837837837,0.7284254606365159,0.22672064777327933,0.72090395480226,,,15,0.03181803041909434,탐색적/exploratory
aptos2019,B3,idrid_like,가정 · IDRiD 공개 등급 분포로 알려진 값(413 train + 103 test) — 미검증,True,oracle,train,no_dr|mild|moderate|severe|proliferative,0.6451595056095233,0.6451595056095234,0.7325675853654293,0.6923314556628435,,,,0.13153060134139463,0.14399913522540053,0.9168975069252078,0.5333333333333333,0.5405460636515913,0.7254161043634728,0.5096045197740113,,,0.9168975069252078,0.5333333333333333,0.5405460636515913,0.7254161043634729,0.5096045197740113,,,15,0.02561514562542671,탐색적/exploratory
aptos2019,B3,idrid_like,가정 · IDRiD 공개 등급 분포로 알려진 값(413 train + 103 test) — 미검증,True,oracle,uniform,no_dr|mild|moderate|severe|proliferative,0.6440154799916488,0.6440154799916488,0.8137623410541802,0.7476092261826544,,,,0.13972446492071658,0.11068443927567673,0.9865189289012003,0.46936936936936935,0.7891256281407035,0.4925775978407557,0.4824858757062147,,,0.9865189289012004,0.4693693693693693,0.7891256281407036,0.4925775978407557,0.48248587570621476,,,15,0.016116401113008185,탐색적/exploratory
aptos2019,B3,idrid_like,가정 · IDRiD 공개 등급 분포로 알려진 값(413 train + 103 test) — 미검증,True,raw,none,no_dr|mild|moderate|severe|proliferative,0.6636538848253795,0.6636538848253795,0.7656083117760929,0.6979140630096416,,,,0.0,0.07136515107463154,0.9420129270544783,0.681081081081081,0.5829396984924623,0.578902384165542,0.5333333333333333,,,0.9420129270544784,0.681081081081081,0.5829396984924623,0.5789023841655421,0.5333333333333333,,,15,0.022647826979252772,탐색적/exploratory
aptos2019,B3,uniform,정의상 균등,False,argmax_p,none,no_dr|mild|moderate|severe|proliferative,0.6830856052764636,0.6830856052764636,0.797376229135449,0.6830856052764636,,,,0.07136515107463154,0.0,0.9774699907663896,0.7216216216216217,0.6172948073701843,0.5114709851551956,0.5875706214689266,,,0.9774699907663896,0.7216216216216218,0.6172948073701843,0.5114709851551955,0.5875706214689266,,,15,0.02384051718844558,탐색적/exploratory
aptos2019,B3,uniform,정의상 균등,False,em,train,no_dr|mild|moderate|severe|proliferative,0.36032516425023114,0.3603251642502311,0.14263351200371754,0.36032516425023114,0.9770402089121534,9.999999999993091e-13,1.0,0.7955645511993777,0.7772689772052374,0.0,0.5036036036036036,0.0,0.45960413855150695,0.8384180790960453,,,0.0,0.5036036036036037,0.0,0.45960413855150684,0.838418079096045,,,15,0.023808974097417022,탐색적/exploratory
aptos2019,B3,uniform,정의상 균등,False,em,uniform,no_dr|mild|moderate|severe|proliferative,0.6032040413114254,0.6032040413114254,0.7036170191617153,0.6032040413114254,0.47764949234585363,0.0901406896349055,0.0,0.21227892956808483,0.18897586334573338,0.8413665743305632,0.6207207207207207,0.557929648241206,0.22312190733243364,0.7728813559322033,,,0.8413665743305633,0.6207207207207208,0.557929648241206,0.22312190733243356,0.7728813559322033,,,15,0.035238704229622976,탐색적/exploratory
aptos2019,B3,uniform,정의상 균등,False,oracle,train,no_dr|mild|moderate|severe|proliferative,0.5647218873296005,0.5647218873296005,0.46640549479768495,0.5647218873296006,,,,0.4066127922031127,0.4026069972193024,0.45558633425669437,0.772972972972973,0.28530150753768846,0.7029689608636978,0.6067796610169491,,,0.4555863342566944,0.7729729729729731,0.28530150753768846,0.7029689608636975,0.6067796610169491,,,15,0.019607635622317172,탐색적/exploratory
aptos2019,B3,uniform,정의상 균등,False,oracle,uniform,no_dr|mild|moderate|severe|proliferative,0.6830856052764636,0.6830856052764636,0.797376229135449,0.6830856052764636,,,,0.07136515107463154,0.0,0.9774699907663896,0.7216216216216217,0.6172948073701843,0.5114709851551956,0.5875706214689266,,,0.9774699907663896,0.7216216216216218,0.6172948073701843,0.5114709851551955,0.5875706214689266,,,15,0.02384051718844558,탐색적/exploratory
aptos2019,B3,uniform,정의상 균등,False,raw,none,no_dr|mild|moderate|severe|proliferative,0.6636538848253795,0.6636538848253795,0.7656083117760929,0.6636538848253795,,,,0.0,0.07136515107463154,0.9420129270544783,0.681081081081081,0.5829396984924623,0.578902384165542,0.5333333333333333,,,0.9420129270544784,0.6810810810810811,0.5829396984924623,0.5789023841655419,0.5333333333333333,,,15,0.022647826979252772,탐색적/exploratory
aptos2019,B4,aptos_pool,관측 · 이 프로젝트 pool 분포,False,argmax_p,none,no_dr|mild|moderate|severe|proliferative,0.661779213714464,0.661779213714464,0.797014788142648,0.7970423593700219,,,,0.02102756593285075,0.0,0.9778393351800554,0.709009009009009,0.6486700167504188,0.42874493927125507,0.5446327683615819,,,0.9778393351800554,0.709009009009009,0.6486700167504188,0.42874493927125523,0.5446327683615819,,,15,0.026986291798856917,탐색적/exploratory
aptos2019,B4,aptos_pool,관측 · 이 프로젝트 pool 분포,False,em,train,no_dr|mild|moderate|severe|proliferative,0.6592758069469965,0.6592758069469966,0.7548698240879486,0.7549183920155031,0.26464731176187517,0.09596194065213227,0.0,0.0922987845940902,0.08529038286155903,0.9752539242843952,0.7711711711711712,0.4465092127303183,0.517004048582996,0.5864406779661018,,,0.9752539242843952,0.7711711711711712,0.44650921273031835,0.5170040485829962,0.5864406779661018,,,15,0.02675518547339797,탐색적/exploratory
aptos2019,B4,aptos_pool,관측 · 이 프로젝트 pool 분포,False,em,uniform,no_dr|mild|moderate|severe|proliferative,0.6188478411864607,0.6188478411864609,0.8189526038909887,0.8189927605687188,0.07152099348488644,0.038534187010228774,0.0,0.10649724042473355,0.10704269451837273,0.9861495844875346,0.5468468468468468,0.8295159128978224,0.27183985605038236,0.4598870056497175,,,0.9861495844875345,0.5468468468468468,0.8295159128978224,0.27183985605038247,0.45988700564971746,,,15,0.029414585618107683,탐색적/exploratory
aptos2019,B4,aptos_pool,관측 · 이 프로젝트 pool 분포,False,oracle,train,no_dr|mild|moderate|severe|proliferative,0.6614950031881482,0.6614950031881482,0.797014788142648,0.7970408311091732,,,,0.020936491251612132,0.00018214936247723133,0.9778393351800554,0.709009009009009,0.6490033500837521,0.4269905533063428,0.5446327683615819,,,0.9778393351800554,0.709009009009009,0.6490033500837522,0.42699055330634295,0.5446327683615819,,,15,0.026912996936871398,탐색적/exploratory
aptos2019,B4,aptos_pool,관측 · 이 프로젝트 pool 분포,False,oracle,uniform,no_dr|mild|moderate|severe|proliferative,0.6256496675911085,0.6256496675911085,0.8157658597922056,0.8157893594331226,,,,0.09229803909874583,0.09202431805813373,0.9857802400738689,0.5738738738738738,0.8004773869346734,0.2991902834008097,0.4689265536723164,,,0.9857802400738688,0.5738738738738739,0.8004773869346734,0.29919028340080983,0.4689265536723164,,,15,0.03154801650760993,탐색적/exploratory
aptos2019,B4,aptos_pool,관측 · 이 프로젝트 pool 분포,False,raw,none,no_dr|mild|moderate|severe|proliferative,0.6649790345496154,0.6649790345496154,0.7974701615488411,0.7975021162991642,,,,0.0,0.02102756593285075,0.9776546629732226,0.6990990990990991,0.6523333333333333,0.47377417903733693,0.5220338983050847,,,0.9776546629732225,0.6990990990990991,0.6523333333333333,0.47377417903733715,0.5220338983050847,,,15,0.025117442908815107,탐색적/exploratory
aptos2019,B4,ddr_like,가정 · DDR 등급 분포로 알려진 값(ungradable 1151 제외) — 미검증,True,argmax_p,none,no_dr|mild|moderate|severe|proliferative,0.661779213714464,0.661779213714464,0.797014788142648,0.804691434122957,,,,0.02102756593285075,0.0,0.9778393351800554,0.709009009009009,0.6486700167504188,0.42874493927125507,0.5446327683615819,,,0.9778393351800554,0.709009009009009,0.6486700167504188,0.42874493927125495,0.544632768361582,,,15,0.026986291798856917,탐색적/exploratory
aptos2019,B4,ddr_like,가정 · DDR 등급 분포로 알려진 값(ungradable 1151 제외) — 미검증,True,em,train,no_dr|mild|moderate|severe|proliferative,0.6594573122182442,0.6594573122182442,0.7720741171471384,0.766915590085091,0.33181702931413215,0.0837927039198604,0.0,0.05843689506159034,0.05051824351356926,0.9772853185595568,0.7216216216216217,0.5332462311557788,0.4945119208277103,0.5706214689265536,,,0.9772853185595568,0.7216216216216217,0.5332462311557788,0.4945119208277102,0.5706214689265537,,,15,0.029585347047265453,탐색적/exploratory
aptos2019,B4,ddr_like,가정 · DDR 등급 분포로 알려진 값(ungradable 1151 제외) — 미검증,True,em,uniform,no_dr|mild|moderate|severe|proliferative,0.5900405108767879,0.5900405108767879,0.8167671842889341,0.8652666867399221,0.0466966084800889,0.024972615023795313,0.0,0.13781077837168906,0.13926673077926627,0.9876269621421976,0.45495495495495497,0.8732244556113903,0.19032838506522717,0.4440677966101695,,,0.9876269621421976,0.45495495495495497,0.8732244556113903,0.19032838506522717,0.44406779661016954,,,15,0.018726725375211833,탐색적/exploratory
aptos2019,B4,ddr_like,가정 · DDR 등급 분포로 알려진 값(ungradable 1151 제외) — 미검증,True,oracle,train,no_dr|mild|moderate|severe|proliferative,0.6400216120763139,0.6400216120763139,0.8123078796372917,0.8389370770038035,,,,0.07054448494969148,0.06799513937035463,0.982825484764543,0.5963963963963964,0.7577671691792295,0.30944669365721994,0.5536723163841809,,,0.9828254847645429,0.5963963963963964,0.7577671691792295,0.30944669365721994,0.5536723163841809,,,15,0.026888242890493283,탐색적/exploratory
aptos2019,B4,ddr_like,가정 · DDR 등급 분포로 알려진 값(ungradable 1151 제외) — 미검증,True,oracle,uniform,no_dr|mild|moderate|severe|proliferative,0.587718006289602,0.5877180062896019,0.8174028433192435,0.8673911089076377,,,,0.14272632617409306,0.14427335326290885,0.9881809787626962,0.44684684684684683,0.8772227805695143,0.16419253261358524,0.46214689265536724,,,0.9881809787626962,0.4468468468468469,0.8772227805695142,0.16419253261358524,0.46214689265536724,,,15,0.02003894921368739,탐색적/exploratory
aptos2019,B4,ddr_like,가정 · DDR 등급 분포로 알려진 값(ungradable 1151 제외) — 미검증,True,raw,none,no_dr|mild|moderate|severe|proliferative,0.6649790345496154,0.6649790345496153,0.7974701615488411,0.8046111275643931,,,,0.0,0.02102756593285075,0.9776546629732226,0.6990990990990991,0.6523333333333333,0.47377417903733693,0.5220338983050847,,,0.9776546629732225,0.6990990990990991,0.6523333333333333,0.4737741790373369,0.5220338983050847,,,15,0.025117442908815107,탐색적/exploratory
aptos2019,B4,idrid_like,가정 · IDRiD 공개 등급 분포로 알려진 값(413 train + 103 test) — 미검증,True,argmax_p,none,no_dr|mild|moderate|severe|proliferative,0.661779213714464,0.661779213714464,0.797014788142648,0.7066265646127707,,,,0.02102756593285075,0.0,0.9778393351800554,0.709009009009009,0.6486700167504188,0.42874493927125507,0.5446327683615819,,,0.9778393351800555,0.7090090090090089,0.6486700167504188,0.42874493927125507,0.544632768361582,,,15,0.026986291798856917,탐색적/exploratory
aptos2019,B4,idrid_like,가정 · IDRiD 공개 등급 분포로 알려진 값(413 train + 103 test) — 미검증,True,em,train,no_dr|mild|moderate|severe|proliferative,0.656558302394792,0.656558302394792,0.7472230298421786,0.6666527311848003,0.30830423584712646,0.10091576595360015,0.0,0.10158430185603491,0.09994620008598047,0.9735918744228994,0.7054054054054054,0.4308190954773869,0.5707152496626181,0.6022598870056497,,,0.9735918744228994,0.7054054054054054,0.4308190954773869,0.5707152496626181,0.6022598870056498,,,15,0.02479863720058964,탐색적/exploratory
aptos2019,B4,idrid_like,가정 · IDRiD 공개 등급 분포로 알려진 값(413 train + 103 test) — 미검증,True,em,uniform,no_dr|mild|moderate|severe|proliferative,0.6148302833371009,0.6148302833371009,0.8137632107987486,0.7312933007558854,0.17081953055195054,0.04772846950396952,0.0,0.10895700231352054,0.11013960642815786,0.9865189289012003,0.43513513513513513,0.8305175879396985,0.33045434098065674,0.4915254237288135,,,0.9865189289012004,0.4351351351351351,0.8305175879396985,0.33045434098065674,0.49152542372881364,,,15,0.022936204090629412,탐색적/exploratory
aptos2019,B4,idrid_like,가정 · IDRiD 공개 등급 분포로 알려진 값(413 train + 103 test) — 미검증,True,oracle,train,no_dr|mild|moderate|severe|proliferative,0.6588115439583153,0.6588115439583153,0.7844538128359388,0.7146114898571623,,,,0.06899720936242754,0.07191122641439104,0.9802400738688828,0.5963963963963964,0.6156348408710218,0.5616734143049932,0.5401129943502825,,,0.9802400738688828,0.5963963963963963,0.6156348408710218,0.5616734143049933,0.5401129943502826,,,15,0.025511702060244855,탐색적/exploratory
aptos2019,B4,idrid_like,가정 · IDRiD 공개 등급 분포로 알려진 값(413 train + 103 test) — 미검증,True,oracle,uniform,no_dr|mild|moderate|severe|proliferative,0.6224575569740411,0.6224575569740411,0.8094846887681186,0.73168170011797,,,,0.09357457562677521,0.09639577850836321,0.9868882733148662,0.45765765765765765,0.7984790619765494,0.3958164642375169,0.4734463276836158,,,0.9868882733148662,0.4576576576576576,0.7984790619765494,0.3958164642375169,0.4734463276836159,,,15,0.02383112620488888,탐색적/exploratory
aptos2019,B4,idrid_like,가정 · IDRiD 공개 등급 분포로 알려진 값(413 train + 103 test) — 미검증,True,raw,none,no_dr|mild|moderate|severe|proliferative,0.6649790345496154,0.6649790345496154,0.7974701615488411,0.7126793821751287,,,,0.0,0.02102756593285075,0.9776546629732226,0.6990990990990991,0.6523333333333333,0.47377417903733693,0.5220338983050847,,,0.9776546629732226,0.699099099099099,0.6523333333333333,0.47377417903733693,0.5220338983050848,,,15,0.025117442908815107,탐색적/exploratory
aptos2019,B4,uniform,정의상 균등,False,argmax_p,none,no_dr|mild|moderate|severe|proliferative,0.661779213714464,0.661779213714464,0.797014788142648,0.661779213714464,,,,0.02102756593285075,0.0,0.9778393351800554,0.709009009009009,0.6486700167504188,0.42874493927125507,0.5446327683615819,,,0.9778393351800555,0.7090090090090091,0.6486700167504188,0.4287449392712549,0.5446327683615819,,,15,0.026986291798856917,탐색적/exploratory
aptos2019,B4,uniform,정의상 균등,False,em,train,no_dr|mild|moderate|severe|proliferative,0.6505164145986609,0.6505164145986609,0.7115428771647321,0.6505164145986609,0.20864782686618827,0.10633786744685797,0.0,0.1625699212508418,0.15756379576409546,0.958264081255771,0.8117117117117117,0.28070016750418764,0.5793072424651372,0.6225988700564972,,,0.9582640812557711,0.8117117117117119,0.28070016750418764,0.579307242465137,0.6225988700564972,,,15,0.024858622879651467,탐색적/exploratory
aptos2019,B4,uniform,정의상 균등,False,em,uniform,no_dr|mild|moderate|severe|proliferative,0.6494457188695133,0.6494457188695133,0.8120341585966796,0.6494457188695133,0.26670958290679164,0.11607521072651843,0.0,0.05579622630256674,0.05160815770705512,0.9806094182825486,0.6432432432432432,0.7417638190954773,0.3460188933873144,0.535593220338983,,,0.9806094182825486,0.6432432432432432,0.7417638190954775,0.34601889338731434,0.535593220338983,,,15,0.030429656905976203,탐색적/exploratory
aptos2019,B4,uniform,정의상 균등,False,oracle,train,no_dr|mild|moderate|severe|proliferative,0.6614381296393972,0.6614381296393972,0.7432181046029368,0.6614381296393972,,,,0.11387391685738922,0.1103241165258923,0.961034164358264,0.7837837837837838,0.41543048576214403,0.5514619883040937,0.5954802259887005,,,0.961034164358264,0.7837837837837839,0.4154304857621441,0.5514619883040933,0.5954802259887005,,,15,0.02191120377339972,탐색적/exploratory
aptos2019,B4,uniform,정의상 균등,False,oracle,uniform,no_dr|mild|moderate|severe|proliferative,0.661779213714464,0.661779213714464,0.797014788142648,0.661779213714464,,,,0.02102756593285075,0.0,0.9778393351800554,0.709009009009009,0.6486700167504188,0.42874493927125507,0.5446327683615819,,,0.9778393351800555,0.7090090090090091,0.6486700167504188,0.4287449392712549,0.5446327683615819,,,15,0.026986291798856917,탐색적/exploratory
aptos2019,B4,uniform,정의상 균등,False,raw,none,no_dr|mild|moderate|severe|proliferative,0.6649790345496154,0.6649790345496153,0.7974701615488411,0.6649790345496153,,,,0.0,0.02102756593285075,0.9776546629732226,0.6990990990990991,0.6523333333333333,0.47377417903733693,0.5220338983050847,,,0.9776546629732226,0.6990990990990992,0.6523333333333333,0.47377417903733676,0.5220338983050847,,,15,0.025117442908815107,탐색적/exploratory
oral_diseases,A0,benign_heavy,가정 · 구성된 스트레스 시나리오 (pool 에서 MC·OC ×0.333333),True,argmax_p,none,CaS|CoS|Gum|MC|OC|OLP|OT,0.7438928663928663,0.7438928663928663,0.743521284540702,0.7671494601077935,,,,0.0,0.0,0.8902777777777777,0.9733333333333333,0.6769230769230768,0.6148148148148148,0.6793939393939394,0.6592592592592593,0.7132478632478633,0.8902777777777778,0.9733333333333333,0.676923076923077,0.6148148148148148,0.6793939393939394,0.6592592592592592,0.7132478632478633,15,0.03919902251778943,탐색적/exploratory
oral_diseases,A0,benign_heavy,가정 · 구성된 스트레스 시나리오 (pool 에서 MC·OC ×0.333333),True,em,train,CaS|CoS|Gum|MC|OC|OLP|OT,0.7408440438703596,0.7408440438703596,0.7396626835947224,0.7697339993502275,0.15466933733196192,0.05734084706674545,0.0,0.02713467762011451,0.02713467762011451,0.8902777777777777,0.9733333333333333,0.6991452991452991,0.5703703703703703,0.6666666666666666,0.6732943469785575,0.7128205128205128,0.8902777777777778,0.9733333333333333,0.6991452991452991,0.5703703703703703,0.6666666666666666,0.6732943469785575,0.7128205128205128,15,0.03623361571045264,탐색적/exploratory
oral_diseases,A0,benign_heavy,가정 · 구성된 스트레스 시나리오 (pool 에서 MC·OC ×0.333333),True,em,uniform,CaS|CoS|Gum|MC|OC|OLP|OT,0.7332608716819243,0.7332608716819243,0.7357729648991784,0.765410563770213,0.15604717404738624,0.05327302199700285,0.0,0.027788150360965894,0.027788150360965894,0.8944444444444444,0.9733333333333333,0.6713675213675214,0.5888888888888889,0.629090909090909,0.6838206627680312,0.6918803418803419,0.8944444444444445,0.9733333333333333,0.6713675213675214,0.5888888888888889,0.6290909090909091,0.6838206627680311,0.6918803418803419,15,0.038375189809204215,탐색적/exploratory
oral_diseases,A0,benign_heavy,가정 · 구성된 스트레스 시나리오 (pool 에서 MC·OC ×0.333333),True,oracle,train,CaS|CoS|Gum|MC|OC|OLP|OT,0.7395466327045275,0.7395466327045275,0.7383557381130197,0.7718750466557485,,,,0.03100572566591984,0.03100572566591984,0.8944444444444444,0.9733333333333333,0.7047008547008548,0.5555555555555556,0.6484848484848484,0.6768031189083821,0.7235042735042735,0.8944444444444445,0.9733333333333333,0.7047008547008548,0.5555555555555556,0.6484848484848484,0.676803118908382,0.7235042735042735,15,0.03911231053386872,탐색적/exploratory
oral_diseases,A0,benign_heavy,가정 · 구성된 스트레스 시나리오 (pool 에서 MC·OC ×0.333333),True,oracle,uniform,CaS|CoS|Gum|MC|OC|OLP|OT,0.7390672680146364,0.7390672680146365,0.7403099327856609,0.7742804164646271,,,,0.04072691062982325,0.04072691062982325,0.8944444444444444,0.9733333333333333,0.6991452991452991,0.562962962962963,0.6357575757575759,0.7052631578947369,0.7025641025641025,0.8944444444444445,0.9733333333333333,0.6991452991452991,0.562962962962963,0.6357575757575759,0.7052631578947367,0.7025641025641025,15,0.034342500018318935,탐색적/exploratory
oral_diseases,A0,benign_heavy,가정 · 구성된 스트레스 시나리오 (pool 에서 MC·OC ×0.333333),True,raw,none,CaS|CoS|Gum|MC|OC|OLP|OT,0.7438928663928663,0.7438928663928663,0.743521284540702,0.7671494601077935,,,,0.0,0.0,0.8902777777777777,0.9733333333333333,0.6769230769230768,0.6148148148148148,0.6793939393939394,0.6592592592592593,0.7132478632478633,0.8902777777777778,0.9733333333333333,0.676923076923077,0.6148148148148148,0.6793939393939394,0.6592592592592592,0.7132478632478633,15,0.03919902251778943,탐색적/exploratory
oral_diseases,A0,cancer_enriched,가정 · 구성된 스트레스 시나리오 (pool 에서 MC·OC ×3),True,argmax_p,none,CaS|CoS|Gum|MC|OC|OLP|OT,0.7438928663928663,0.7438928663928663,0.743521284540702,0.7059590249671096,,,,0.0,0.0,0.8902777777777777,0.9733333333333333,0.6769230769230768,0.6148148148148148,0.6793939393939394,0.6592592592592593,0.7132478632478633,0.8902777777777778,0.9733333333333333,0.6769230769230768,0.6148148148148148,0.6793939393939394,0.6592592592592593,0.7132478632478633,15,0.03919902251778943,탐색적/exploratory
oral_diseases,A0,cancer_enriched,가정 · 구성된 스트레스 시나리오 (pool 에서 MC·OC ×3),True,em,train,CaS|CoS|Gum|MC|OC|OLP|OT,0.7374306395359027,0.7374306395359027,0.737714712471994,0.7079326631879657,0.20462603790831488,0.07018083662564692,0.0,0.028454070201643016,0.028454070201643016,0.8777777777777778,0.9733333333333333,0.6547008547008547,0.6333333333333333,0.6915151515151515,0.6450292397660818,0.6863247863247863,0.8777777777777779,0.9733333333333333,0.6547008547008547,0.6333333333333333,0.6915151515151515,0.6450292397660818,0.6863247863247862,15,0.04612068063123262,탐색적/exploratory
oral_diseases,A0,cancer_enriched,가정 · 구성된 스트레스 시나리오 (pool 에서 MC·OC ×3),True,em,uniform,CaS|CoS|Gum|MC|OC|OLP|OT,0.7342308617308617,0.7342308617308617,0.7364264376400299,0.7055358865153641,0.20614398631787678,0.06806065434091652,0.0,0.03038337067463281,0.03038337067463281,0.8819444444444444,0.9688888888888889,0.6491452991452992,0.6407407407407407,0.6672727272727274,0.6555555555555556,0.676068376068376,0.8819444444444445,0.9688888888888889,0.6491452991452992,0.6407407407407407,0.6672727272727274,0.6555555555555556,0.676068376068376,15,0.05182590643323376,탐색적/exploratory
oral_diseases,A0,cancer_enriched,가정 · 구성된 스트레스 시나리오 (pool 에서 MC·OC ×3),True,oracle,train,CaS|CoS|Gum|MC|OC|OLP|OT,0.7390953929111823,0.7390953929111823,0.7383619616629324,0.7116576109403093,,,,0.026493651979088872,0.026493651979088872,0.8819444444444444,0.9688888888888889,0.6547008547008547,0.6444444444444444,0.6975757575757575,0.6239766081871345,0.7021367521367522,0.8819444444444445,0.9688888888888889,0.6547008547008547,0.6444444444444444,0.6975757575757576,0.6239766081871345,0.7021367521367521,15,0.04579262573029243,탐색적/exploratory
oral_diseases,A0,cancer_enriched,가정 · 구성된 스트레스 시나리오 (pool 에서 MC·OC ×3),True,oracle,uniform,CaS|CoS|Gum|MC|OC|OLP|OT,0.7363441480546744,0.7363441480546744,0.737714712471994,0.7129175820942317,,,,0.03618371919342793,0.03618371919342793,0.8819444444444444,0.9688888888888889,0.6380341880341881,0.6592592592592593,0.6854545454545454,0.6345029239766082,0.6863247863247863,0.8819444444444445,0.9688888888888889,0.6380341880341881,0.6592592592592593,0.6854545454545455,0.6345029239766082,0.6863247863247862,15,0.04795020582723679,탐색적/exploratory
oral_diseases,A0,cancer_enriched,가정 · 구성된 스트레스 시나리오 (pool 에서 MC·OC ×3),True,raw,none,CaS|CoS|Gum|MC|OC|OLP|OT,0.7438928663928663,0.7438928663928663,0.743521284540702,0.7059590249671096,,,,0.0,0.0,0.8902777777777777,0.9733333333333333,0.6769230769230768,0.6148148148148148,0.6793939393939394,0.6592592592592593,0.7132478632478633,0.8902777777777778,0.9733333333333333,0.6769230769230768,0.6148148148148148,0.6793939393939394,0.6592592592592593,0.7132478632478633,15,0.03919902251778943,탐색적/exploratory
oral_diseases,A0,oral_pool,관측 · 이 프로젝트 pool 분포,False,argmax_p,none,CaS|CoS|Gum|MC|OC|OLP|OT,0.7438928663928663,0.7438928663928663,0.743521284540702,0.743313651070434,,,,0.0,0.0,0.8902777777777777,0.9733333333333333,0.6769230769230768,0.6148148148148148,0.6793939393939394,0.6592592592592593,0.7132478632478633,0.8902777777777777,0.9733333333333334,0.6769230769230768,0.6148148148148148,0.6793939393939394,0.6592592592592593,0.7132478632478633,15,0.03919902251778943,탐색적/exploratory
oral_diseases,A0,oral_pool,관측 · 이 프로젝트 pool 분포,False,em,train,CaS|CoS|Gum|MC|OC|OLP|OT,0.740213504818768,0.740213504818768,0.7390029873039582,0.7387151627612154,0.14117620849521828,0.09463312174765418,0.0,0.014227035100821508,0.014227035100821508,0.8902777777777777,0.9733333333333333,0.6769230769230768,0.6074074074074074,0.6915151515151515,0.6450292397660818,0.6970085470085471,0.8902777777777777,0.9733333333333334,0.6769230769230768,0.6074074074074074,0.6915151515151515,0.645029239766082,0.697008547008547,15,0.0447785782554574,탐색적/exploratory
oral_diseases,A0,oral_pool,관측 · 이 프로젝트 pool 분포,False,em,uniform,CaS|CoS|Gum|MC|OC|OLP|OT,0.7343580347527716,0.7343580347527716,0.7364264376400299,0.7361012959021426,0.14229806331440475,0.09023470464963239,0.0,0.023257406024396313,0.023257406024396313,0.8902777777777777,0.9733333333333333,0.6602564102564102,0.611111111111111,0.6545454545454545,0.6697855750487329,0.6811965811965812,0.8902777777777777,0.9733333333333334,0.6602564102564102,0.611111111111111,0.6545454545454545,0.669785575048733,0.6811965811965811,15,0.043870132820239605,탐색적/exploratory
oral_diseases,A0,oral_pool,관측 · 이 프로젝트 pool 분포,False,oracle,train,CaS|CoS|Gum|MC|OC|OLP|OT,0.7433637658637658,0.7433637658637658,0.7428740353497635,0.7426389453569687,,,,0.0006472491909385112,0.0006472491909385112,0.8902777777777777,0.9733333333333333,0.6769230769230768,0.6148148148148148,0.6793939393939394,0.6555555555555556,0.7132478632478633,0.8902777777777777,0.9733333333333334,0.6769230769230768,0.6148148148148148,0.6793939393939394,0.6555555555555556,0.7132478632478633,15,0.039548215870530146,탐색적/exploratory
oral_diseases,A0,oral_pool,관측 · 이 프로젝트 pool 분포,False,oracle,uniform,CaS|CoS|Gum|MC|OC|OLP|OT,0.7394932698880068,0.7394932698880068,0.7409385113268608,0.7406629178862452,,,,0.014880507841672889,0.014880507841672889,0.8902777777777777,0.9733333333333333,0.6658119658119658,0.6148148148148148,0.6672727272727274,0.6734892787524366,0.6914529914529914,0.8902777777777777,0.9733333333333334,0.6658119658119658,0.6148148148148148,0.6672727272727274,0.6734892787524367,0.6914529914529914,15,0.03731292444093033,탐색적/exploratory
oral_diseases,A0,oral_pool,관측 · 이 프로젝트 pool 분포,False,raw,none,CaS|CoS|Gum|MC|OC|OLP|OT,0.7438928663928663,0.7438928663928663,0.743521284540702,0.743313651070434,,,,0.0,0.0,0.8902777777777777,0.9733333333333333,0.6769230769230768,0.6148148148148148,0.6793939393939394,0.6592592592592593,0.7132478632478633,0.8902777777777777,0.9733333333333334,0.6769230769230768,0.6148148148148148,0.6793939393939394,0.6592592592592593,0.7132478632478633,15,0.03919902251778943,탐색적/exploratory
oral_diseases,A0,uniform,정의상 균등,False,argmax_p,none,CaS|CoS|Gum|MC|OC|OLP|OT,0.7438928663928663,0.7438928663928663,0.743521284540702,0.7438928663928663,,,,0.0,0.0,0.8902777777777777,0.9733333333333333,0.6769230769230768,0.6148148148148148,0.6793939393939394,0.6592592592592593,0.7132478632478633,0.8902777777777777,0.9733333333333333,0.676923076923077,0.6148148148148148,0.6793939393939394,0.6592592592592593,0.7132478632478633,15,0.03919902251778943,탐색적/exploratory
oral_diseases,A0,uniform,정의상 균등,False,em,train,CaS|CoS|Gum|MC|OC|OLP|OT,0.7390907484328537,0.7390907484328537,0.7364139905402041,0.7390907484328537,0.15177307828128664,0.10540189187255168,0.0,0.01810430669653971,0.01810430669653971,0.8902777777777777,0.9733333333333333,0.6824786324786325,0.5888888888888889,0.7036363636363636,0.6380116959064328,0.6970085470085471,0.8902777777777777,0.9733333333333333,0.6824786324786325,0.5888888888888888,0.7036363636363636,0.6380116959064328,0.6970085470085471,15,0.0431204791965876,탐색적/exploratory
oral_diseases,A0,uniform,정의상 균등,False,em,uniform,CaS|CoS|Gum|MC|OC|OLP|OT,0.7360564338195917,0.7360564338195917,0.7370736868309683,0.7360564338195917,0.16647997969437395,0.10309851676709184,0.0,0.018085636046801093,0.018085636046801093,0.8902777777777777,0.9733333333333333,0.6602564102564102,0.6037037037037037,0.6666666666666666,0.6662768031189084,0.6918803418803419,0.8902777777777777,0.9733333333333333,0.6602564102564104,0.6037037037037037,0.6666666666666666,0.6662768031189084,0.6918803418803419,15,0.04182584567089166,탐색적/exploratory
oral_diseases,A0,uniform,정의상 균등,False,oracle,train,CaS|CoS|Gum|MC|OC|OLP|OT,0.7477320097056939,0.7477320097056939,0.744815782922579,0.7477320097056939,,,,0.013573562359970126,0.013573562359970126,0.8902777777777777,0.9733333333333333,0.6991452991452991,0.6074074074074074,0.7036363636363636,0.6415204678362573,0.7188034188034188,0.8902777777777777,0.9733333333333333,0.6991452991452991,0.6074074074074074,0.7036363636363636,0.6415204678362573,0.7188034188034188,15,0.04034076346552893,탐색적/exploratory
oral_diseases,A0,uniform,정의상 균등,False,oracle,uniform,CaS|CoS|Gum|MC|OC|OLP|OT,0.7438928663928663,0.7438928663928663,0.743521284540702,0.7438928663928663,,,,0.0,0.0,0.8902777777777777,0.9733333333333333,0.6769230769230768,0.6148148148148148,0.6793939393939394,0.6592592592592593,0.7132478632478633,0.8902777777777777,0.9733333333333333,0.676923076923077,0.6148148148148148,0.6793939393939394,0.6592592592592593,0.7132478632478633,15,0.03919902251778943,탐색적/exploratory
oral_diseases,A0,uniform,정의상 균등,False,raw,none,CaS|CoS|Gum|MC|OC|OLP|OT,0.7438928663928663,0.7438928663928663,0.743521284540702,0.7438928663928663,,,,0.0,0.0,0.8902777777777777,0.9733333333333333,0.6769230769230768,0.6148148148148148,0.6793939393939394,0.6592592592592593,0.7132478632478633,0.8902777777777777,0.9733333333333333,0.676923076923077,0.6148148148148148,0.6793939393939394,0.6592592592592593,0.7132478632478633,15,0.03919902251778943,탐색적/exploratory
oral_diseases,A2,benign_heavy,가정 · 구성된 스트레스 시나리오 (pool 에서 MC·OC ×0.333333),True,argmax_p,none,CaS|CoS|Gum|MC|OC|OLP|OT,0.7470267743951955,0.7470267743951955,0.7454630321135176,0.7689857965296562,,,,0.0,0.0,0.8944444444444444,0.9733333333333333,0.688034188034188,0.6074074074074074,0.696969696969697,0.6557504873294346,0.7132478632478633,0.8944444444444445,0.9733333333333333,0.688034188034188,0.6074074074074074,0.696969696969697,0.6557504873294346,0.7132478632478633,15,0.038441323520938035,탐색적/exploratory
oral_diseases,A2,benign_heavy,가정 · 구성된 스트레스 시나리오 (pool 에서 MC·OC ×0.333333),True,em,train,CaS|CoS|Gum|MC|OC|OLP|OT,0.7432304732304733,0.7432304732304733,0.7402912621359223,0.7715597673931007,0.1555964214467547,0.058970614624551394,0.0,0.024539457306447597,0.024539457306447597,0.8944444444444444,0.9733333333333333,0.7047008547008548,0.5592592592592592,0.6727272727272726,0.6592592592592593,0.7388888888888889,0.8944444444444445,0.9733333333333333,0.7047008547008548,0.5592592592592592,0.6727272727272727,0.6592592592592592,0.7388888888888889,15,0.03749357411829719,탐색적/exploratory
oral_diseases,A2,benign_heavy,가정 · 구성된 스트레스 시나리오 (pool 에서 MC·OC ×0.333333),True,em,uniform,CaS|CoS|Gum|MC|OC|OLP|OT,0.7402444534023481,0.7402444534023481,0.7403037092357481,0.7700392158199175,0.15333994380772736,0.05489345397919988,0.0,0.02518670649738611,0.02518670649738611,0.8944444444444444,0.9733333333333333,0.6935897435897436,0.5814814814814814,0.6539393939393939,0.6768031189083821,0.7081196581196582,0.8944444444444445,0.9733333333333333,0.6935897435897437,0.5814814814814814,0.6539393939393939,0.676803118908382,0.7081196581196582,15,0.03731579173445395,탐색적/exploratory
oral_diseases,A2,benign_heavy,가정 · 구성된 스트레스 시나리오 (pool 에서 MC·OC ×0.333333),True,oracle,train,CaS|CoS|Gum|MC|OC|OLP|OT,0.7407602339181287,0.7407602339181287,0.7383557381130197,0.7723652971459989,,,,0.0303647000248942,0.0303647000248942,0.8944444444444444,0.9733333333333333,0.7047008547008548,0.5407407407407407,0.6666666666666666,0.6768031189083821,0.7286324786324786,0.8944444444444445,0.9733333333333333,0.7047008547008548,0.5407407407407407,0.6666666666666666,0.676803118908382,0.7286324786324787,15,0.03863990165576985,탐색적/exploratory
oral_diseases,A2,benign_heavy,가정 · 구성된 스트레스 시나리오 (pool 에서 MC·OC ×0.333333),True,oracle,uniform,CaS|CoS|Gum|MC|OC|OLP|OT,0.7397685160843056,0.7397685160843056,0.7396626835947224,0.7734713905327941,,,,0.036843415484192184,0.036843415484192184,0.8944444444444444,0.9777777777777777,0.6991452991452991,0.5518518518518519,0.6545454545454545,0.6980506822612085,0.7025641025641025,0.8944444444444445,0.9777777777777777,0.6991452991452991,0.5518518518518519,0.6545454545454545,0.6980506822612085,0.7025641025641025,15,0.03840884066352454,탐색적/exploratory
oral_diseases,A2,benign_heavy,가정 · 구성된 스트레스 시나리오 (pool 에서 MC·OC ×0.333333),True,raw,none,CaS|CoS|Gum|MC|OC|OLP|OT,0.7470267743951955,0.7470267743951955,0.7454630321135176,0.7689857965296562,,,,0.0,0.0,0.8944444444444444,0.9733333333333333,0.688034188034188,0.6074074074074074,0.696969696969697,0.6557504873294346,0.7132478632478633,0.8944444444444445,0.9733333333333333,0.688034188034188,0.6074074074074074,0.696969696969697,0.6557504873294346,0.7132478632478633,15,0.038441323520938035,탐색적/exploratory
oral_diseases,A2,cancer_enriched,가정 · 구성된 스트레스 시나리오 (pool 에서 MC·OC ×3),True,argmax_p,none,CaS|CoS|Gum|MC|OC|OLP|OT,0.7470267743951955,0.7470267743951954,0.7454630321135176,0.7078550356764549,,,,0.0,0.0,0.8944444444444444,0.9733333333333333,0.688034188034188,0.6074074074074074,0.696969696969697,0.6557504873294346,0.7132478632478633,0.8944444444444445,0.9733333333333333,0.688034188034188,0.6074074074074074,0.696969696969697,0.6557504873294348,0.7132478632478633,15,0.038441323520938035,탐색적/exploratory
oral_diseases,A2,cancer_enriched,가정 · 구성된 스트레스 시나리오 (pool 에서 MC·OC ×3),True,em,train,CaS|CoS|Gum|MC|OC|OLP|OT,0.7401505317294792,0.7401505317294792,0.7383557381130197,0.7099336945094997,0.2072024634896982,0.071085123798298,0.0,0.027813044560617377,0.027813044560617377,0.8777777777777778,0.9733333333333333,0.6658119658119658,0.625925925925926,0.7157575757575757,0.6309941520467837,0.6914529914529914,0.8777777777777779,0.9733333333333333,0.6658119658119658,0.625925925925926,0.7157575757575757,0.6309941520467837,0.6914529914529914,15,0.047132901547043526,탐색적/exploratory
oral_diseases,A2,cancer_enriched,가정 · 구성된 스트레스 시나리오 (pool 에서 MC·OC ×3),True,em,uniform,CaS|CoS|Gum|MC|OC|OLP|OT,0.7372872643925276,0.7372872643925276,0.7377022653721682,0.7063062043786711,0.2069905399729494,0.06928456471679441,0.0,0.02587129698780184,0.02587129698780184,0.8861111111111111,0.9733333333333333,0.6602564102564102,0.6296296296296297,0.6854545454545454,0.6450292397660818,0.6811965811965812,0.8861111111111112,0.9733333333333333,0.6602564102564102,0.6296296296296297,0.6854545454545455,0.6450292397660818,0.6811965811965811,15,0.04409153944975018,탐색적/exploratory
oral_diseases,A2,cancer_enriched,가정 · 구성된 스트레스 시나리오 (pool 에서 MC·OC ×3),True,oracle,train,CaS|CoS|Gum|MC|OC|OLP|OT,0.73982448837712,0.73982448837712,0.7377271595718198,0.7112921998247018,,,,0.029082648742842918,0.029082648742842918,0.8819444444444444,0.9733333333333333,0.6602564102564102,0.6333333333333333,0.7163636363636364,0.6169590643274854,0.6965811965811965,0.8819444444444445,0.9733333333333333,0.6602564102564102,0.6333333333333333,0.7163636363636364,0.6169590643274854,0.6965811965811965,15,0.04363236099954616,탐색적/exploratory
oral_diseases,A2,cancer_enriched,가정 · 구성된 스트레스 시나리오 (pool 에서 MC·OC ×3),True,oracle,uniform,CaS|CoS|Gum|MC|OC|OLP|OT,0.7370417009890694,0.7370417009890694,0.7370612397311426,0.7108156877962455,,,,0.03491411501120239,0.03491411501120239,0.8861111111111111,0.9733333333333333,0.6547008547008547,0.6444444444444444,0.6975757575757575,0.627485380116959,0.6756410256410257,0.8861111111111112,0.9733333333333333,0.6547008547008547,0.6444444444444444,0.6975757575757576,0.6274853801169591,0.6756410256410257,15,0.04599603870844326,탐색적/exploratory
oral_diseases,A2,cancer_enriched,가정 · 구성된 스트레스 시나리오 (pool 에서 MC·OC ×3),True,raw,none,CaS|CoS|Gum|MC|OC|OLP|OT,0.7470267743951955,0.7470267743951954,0.7454630321135176,0.7078550356764549,,,,0.0,0.0,0.8944444444444444,0.9733333333333333,0.688034188034188,0.6074074074074074,0.696969696969697,0.6557504873294346,0.7132478632478633,0.8944444444444445,0.9733333333333333,0.688034188034188,0.6074074074074074,0.696969696969697,0.6557504873294348,0.7132478632478633,15,0.038441323520938035,탐색적/exploratory
oral_diseases,A2,oral_pool,관측 · 이 프로젝트 pool 분포,False,argmax_p,none,CaS|CoS|Gum|MC|OC|OLP|OT,0.7470267743951955,0.7470267743951955,0.7454630321135176,0.7451732327089324,,,,0.0,0.0,0.8944444444444444,0.9733333333333333,0.688034188034188,0.6074074074074074,0.696969696969697,0.6557504873294346,0.7132478632478633,0.8944444444444444,0.9733333333333334,0.6880341880341879,0.6074074074074074,0.696969696969697,0.6557504873294348,0.7132478632478633,15,0.038441323520938035,탐색적/exploratory
oral_diseases,A2,oral_pool,관측 · 이 프로젝트 pool 분포,False,em,train,CaS|CoS|Gum|MC|OC|OLP|OT,0.7427129595550649,0.7427129595550649,0.7396440129449838,0.7393244895998875,0.14299096033654557,0.09580898336515359,0.0,0.012279063978093105,0.012279063978093105,0.8944444444444444,0.9733333333333333,0.6935897435897436,0.5888888888888889,0.703030303030303,0.6380116959064328,0.7076923076923076,0.8944444444444444,0.9733333333333334,0.6935897435897436,0.5888888888888889,0.703030303030303,0.6380116959064329,0.7076923076923076,15,0.04173830773456821,탐색적/exploratory
oral_diseases,A2,oral_pool,관측 · 이 프로젝트 pool 분포,False,em,uniform,CaS|CoS|Gum|MC|OC|OLP|OT,0.7396566347882138,0.7396566347882138,0.7396502364948966,0.7394172996771426,0.14231135324027952,0.09190720839352595,0.0,0.018079412496888225,0.018079412496888225,0.8902777777777777,0.9733333333333333,0.6824786324786325,0.6037037037037037,0.6727272727272726,0.6627680311890838,0.6923076923076923,0.8902777777777777,0.9733333333333334,0.6824786324786325,0.6037037037037037,0.6727272727272727,0.6627680311890839,0.6923076923076922,15,0.04002050882104534,탐색적/exploratory
oral_diseases,A2,oral_pool,관측 · 이 프로젝트 pool 분포,False,oracle,train,CaS|CoS|Gum|MC|OC|OLP|OT,0.7470267743951955,0.7470267743951955,0.7454630321135176,0.7451732327089324,,,,0.0,0.0,0.8944444444444444,0.9733333333333333,0.688034188034188,0.6074074074074074,0.696969696969697,0.6557504873294346,0.7132478632478633,0.8944444444444444,0.9733333333333334,0.6880341880341879,0.6074074074074074,0.696969696969697,0.6557504873294348,0.7132478632478633,15,0.038441323520938035,탐색적/exploratory
oral_diseases,A2,oral_pool,관측 · 이 프로젝트 pool 분포,False,oracle,uniform,CaS|CoS|Gum|MC|OC|OLP|OT,0.7418059718059719,0.7418059718059719,0.7422330097087378,0.7419980715523351,,,,0.012932536718944485,0.012932536718944485,0.8944444444444444,0.9733333333333333,0.6769230769230768,0.6148148148148148,0.6727272727272726,0.662962962962963,0.6974358974358974,0.8944444444444444,0.9733333333333334,0.6769230769230768,0.6148148148148148,0.6727272727272727,0.6629629629629631,0.6974358974358974,15,0.0361174263963932,탐색적/exploratory
oral_diseases,A2,oral_pool,관측 · 이 프로젝트 pool 분포,False,raw,none,CaS|CoS|Gum|MC|OC|OLP|OT,0.7470267743951955,0.7470267743951955,0.7454630321135176,0.7451732327089324,,,,0.0,0.0,0.8944444444444444,0.9733333333333333,0.688034188034188,0.6074074074074074,0.696969696969697,0.6557504873294346,0.7132478632478633,0.8944444444444444,0.9733333333333334,0.6880341880341879,0.6074074074074074,0.696969696969697,0.6557504873294348,0.7132478632478633,15,0.038441323520938035,탐색적/exploratory
oral_diseases,A2,uniform,정의상 균등,False,argmax_p,none,CaS|CoS|Gum|MC|OC|OLP|OT,0.7470267743951955,0.7470267743951955,0.7454630321135176,0.7470267743951955,,,,0.0,0.0,0.8944444444444444,0.9733333333333333,0.688034188034188,0.6074074074074074,0.696969696969697,0.6557504873294346,0.7132478632478633,0.8944444444444444,0.9733333333333333,0.688034188034188,0.6074074074074074,0.696969696969697,0.6557504873294348,0.7132478632478633,15,0.038441323520938035,탐색적/exploratory
oral_diseases,A2,uniform,정의상 균등,False,em,train,CaS|CoS|Gum|MC|OC|OLP|OT,0.7432253126989968,0.7432253126989969,0.7396315658451581,0.7432253126989968,0.14973960284858237,0.10535451171206679,0.0,0.015521533482698531,0.015521533482698531,0.8944444444444444,0.9733333333333333,0.6935897435897436,0.5777777777777777,0.7090909090909091,0.6415204678362573,0.7128205128205128,0.8944444444444444,0.9733333333333333,0.6935897435897437,0.5777777777777777,0.7090909090909091,0.6415204678362573,0.7128205128205128,15,0.03971919998231371,탐색적/exploratory
oral_diseases,A2,uniform,정의상 균등,False,em,uniform,CaS|CoS|Gum|MC|OC|OLP|OT,0.7412993634046267,0.7412993634046267,0.7402974856858352,0.7412993634046267,0.1629527621681758,0.10405338735837798,0.0,0.015496639283047049,0.015496639283047049,0.8944444444444444,0.9733333333333333,0.688034188034188,0.6037037037037037,0.6727272727272726,0.6487329434697855,0.7081196581196582,0.8944444444444444,0.9733333333333333,0.688034188034188,0.6037037037037037,0.6727272727272727,0.6487329434697856,0.7081196581196582,15,0.0407981942720948,탐색적/exploratory
oral_diseases,A2,uniform,정의상 균등,False,oracle,train,CaS|CoS|Gum|MC|OC|OLP|OT,0.7480855547960811,0.7480855547960811,0.7441623101817277,0.7480855547960811,,,,0.014868060741847149,0.014868060741847149,0.8858333333333334,0.9733333333333333,0.6991452991452991,0.6,0.7151515151515151,0.6345029239766082,0.7286324786324786,0.8858333333333334,0.9733333333333333,0.6991452991452991,0.6,0.7151515151515151,0.6345029239766082,0.7286324786324786,15,0.04094694536164403,탐색적/exploratory
oral_diseases,A2,uniform,정의상 균등,False,oracle,uniform,CaS|CoS|Gum|MC|OC|OLP|OT,0.7470267743951955,0.7470267743951955,0.7454630321135176,0.7470267743951955,,,,0.0,0.0,0.8944444444444444,0.9733333333333333,0.688034188034188,0.6074074074074074,0.696969696969697,0.6557504873294346,0.7132478632478633,0.8944444444444444,0.9733333333333333,0.688034188034188,0.6074074074074074,0.696969696969697,0.6557504873294348,0.7132478632478633,15,0.038441323520938035,탐색적/exploratory
oral_diseases,A2,uniform,정의상 균등,False,raw,none,CaS|CoS|Gum|MC|OC|OLP|OT,0.7470267743951955,0.7470267743951955,0.7454630321135176,0.7470267743951955,,,,0.0,0.0,0.8944444444444444,0.9733333333333333,0.688034188034188,0.6074074074074074,0.696969696969697,0.6557504873294346,0.7132478632478633,0.8944444444444444,0.9733333333333333,0.688034188034188,0.6074074074074074,0.696969696969697,0.6557504873294348,0.7132478632478633,15,0.038441323520938035,탐색적/exploratory
