dataset,task,scenario,prevalence,comparison,kind,w_star,pt_star,mean_tp_rate,mean_fp_rate,in_plot_range,exploratory,pt_star_upper,p_nb_sens,p_nb_spec,sign_interpretable,r10_note
aptos2019,fundus_referable_ge2,native,0.4060619953928387,B0 vs treat-all,preferred_above,0.06344836009148831,0.059662850094601545,0.3705606373488198,0.034406473881570615,True,탐색적/exploratory,,,,,
aptos2019,fundus_referable_ge2,native,0.4060619953928387,B0 vs treat-none,preferred_below,10.770084683025477,0.9150388440754232,0.3705606373488198,0.034406473881570615,False,탐색적/exploratory,,,,,
aptos2019,fundus_referable_ge2,native,0.4060619953928387,B1 vs B0,preferred_above,2.7099601307424206,0.7304553243811047,0.3611862818916696,0.03094725123441604,False,탐색적/exploratory,,0.002219293781423275,0.06999973262919837,yes,
aptos2019,fundus_referable_ge2,native,0.4060619953928387,B1 vs treat-all,preferred_above,0.07970950363274927,0.07382495325322387,0.3611862818916696,0.03094725123441604,True,탐색적/exploratory,,,,,
aptos2019,fundus_referable_ge2,native,0.4060619953928387,B1 vs treat-none,preferred_below,11.671029493242973,0.9210798143486868,0.3611862818916696,0.03094725123441604,False,탐색적/exploratory,,,,,
aptos2019,fundus_referable_ge2,native,0.4060619953928387,B3 vs B0,preferred_above,0.6593365094120325,0.3973494861784612,0.36774055271024836,0.03012931859240538,False,탐색적/exploratory,,0.5565717878634124,0.11506641884511945,no,잡음 수준 — 부호 해석 금지 (Δ민감도 p=0.557)
aptos2019,fundus_referable_ge2,native,0.4060619953928387,B3 vs treat-all,preferred_above,0.0679688760268362,0.06364312439488008,0.36774055271024836,0.03012931859240538,True,탐색적/exploratory,,,,,
aptos2019,fundus_referable_ge2,native,0.4060619953928387,B3 vs treat-none,preferred_below,12.205405561443524,0.9242734351968902,0.36774055271024836,0.03012931859240538,False,탐색적/exploratory,,,,,
aptos2019,fundus_referable_ge2,native,0.4060619953928387,B4 vs B0,preferred_above,0.8372118864689864,0.45569696812601107,0.36400760902248164,0.026579269762460334,False,탐색적/exploratory,,0.13313673431187875,0.0054564769090108,yes,
aptos2019,fundus_referable_ge2,native,0.4060619953928387,B4 vs treat-all,preferred_above,0.07412309670682753,0.06900800935580177,0.36400760902248164,0.026579269762460334,True,탐색적/exploratory,,,,,
aptos2019,fundus_referable_ge2,native,0.4060619953928387,B4 vs treat-none,preferred_below,13.6951696670235,0.9319504284292792,0.36400760902248164,0.026579269762460334,False,탐색적/exploratory,,,,,
aptos2019,fundus_referable_ge2,native,0.4060619953928387,B0d vs treat-all,preferred_above,0.06819733466402456,0.06384338590909737,0.3681953048703211,0.03868623840444117,True,탐색적/exploratory,,,,,
aptos2019,fundus_referable_ge2,native,0.4060619953928387,B0d vs treat-none,preferred_below,9.517474948612536,0.9049201443420676,0.3681953048703211,0.03868623840444117,False,탐색적/exploratory,,,,,
aptos2019,fundus_referable_ge2,native,0.4060619953928387,B1d vs B0d,preferred_above,5.446366257017181,0.8448738467331961,0.3637351304741101,0.037867311768638,False,탐색적/exploratory,,0.021783443462333983,0.6398891821193611,no,잡음 수준 — 부호 해석 금지 (Δ특이도 p=0.640)
aptos2019,fundus_referable_ge2,native,0.4060619953928387,B1d vs treat-all,preferred_above,0.07611777686514376,0.07073368594177833,0.3637351304741101,0.037867311768638,True,탐색적/exploratory,,,,,
aptos2019,fundus_referable_ge2,native,0.4060619953928387,B1d vs treat-none,preferred_below,9.605517621542871,0.9057094584456009,0.3637351304741101,0.037867311768638,False,탐색적/exploratory,,,,,
aptos2019,fundus_referable_ge2,native,0.4060619953928387,B2 vs B0,preferred_below,4.095978186775736,0.8037668209422404,0.3742935810365864,0.035317841940077074,False,탐색적/exploratory,,0.241392947295284,0.7128952580285306,no,잡음 수준 — 부호 해석 금지 (Δ민감도 p=0.241 · Δ특이도 p=0.713)
aptos2019,fundus_referable_ge2,native,0.4060619953928387,B2 vs treat-all,preferred_above,0.05686943737328912,0.05380933099421502,0.3742935810365864,0.035317841940077074,True,탐색적/exploratory,,,,,
aptos2019,fundus_referable_ge2,native,0.4060619953928387,B2 vs treat-none,preferred_below,10.597861037818824,0.9137772045432209,0.3742935810365864,0.035317841940077074,False,탐색적/exploratory,,,,,
aptos2019,fundus_referable_ge2,native,0.4060619953928387,B3d vs B0d,preferred_below,2.672586520947296,0.7277123372597732,0.36892452356635036,0.038959089700484825,False,탐색적/exploratory,,0.8346819824602107,0.9151895436738076,no,잡음 수준 — 부호 해석 금지 (Δ민감도 p=0.835 · Δ특이도 p=0.915)
aptos2019,fundus_referable_ge2,native,0.4060619953928387,B3d vs treat-all,preferred_above,0.06691690590215175,0.06271988524314262,0.36892452356635036,0.038959089700484825,True,탐색적/exploratory,,,,,
aptos2019,fundus_referable_ge2,native,0.4060619953928387,B3d vs treat-none,preferred_below,9.46953654211688,0.9044847882256108,0.36892452356635036,0.038959089700484825,False,탐색적/exploratory,,,,,
aptos2019,fundus_referable_ge2,native,0.4060619953928387,B4d vs B0d,preferred_above,0.9616535694908753,0.4902259932371552,0.36136830700492273,0.03158701048911949,False,탐색적/exploratory,,0.028056972900908243,0.00946020595588471,yes,
aptos2019,fundus_referable_ge2,native,0.4060619953928387,B4d vs treat-all,preferred_above,0.07947649929562396,0.07362503894015633,0.36136830700492273,0.03158701048911949,True,탐색적/exploratory,,,,,
aptos2019,fundus_referable_ge2,native,0.4060619953928387,B4d vs treat-none,preferred_below,11.44040861763098,0.9196167882634687,0.36136830700492273,0.03158701048911949,False,탐색적/exploratory,,,,,
aptos2019,fundus_referable_ge2,native,0.4060619953928387,B5 vs B0,preferred_above,2.437894557242757,0.7091242958882326,0.3670099672727544,0.032950024477097134,False,탐색적/exploratory,,0.3064465120874378,0.5916986890523508,no,잡음 수준 — 부호 해석 금지 (Δ민감도 p=0.306 · Δ특이도 p=0.592)
aptos2019,fundus_referable_ge2,native,0.4060619953928387,B5 vs treat-all,preferred_above,0.06961294983723207,0.06508237381365418,0.3670099672727544,0.032950024477097134,True,탐색적/exploratory,,,,,
aptos2019,fundus_referable_ge2,native,0.4060619953928387,B5 vs treat-none,preferred_below,11.138382234825206,0.9176166987779488,0.3670099672727544,0.032950024477097134,False,탐색적/exploratory,,,,,
aptos2019,fundus_referable_ge2,native,0.4060619953928387,B5s vs B0,preferred_above,1.464485935748077,0.5942358665980956,0.36309549546863074,0.029309025215137532,False,탐색적/exploratory,,0.04732904635172397,0.034889935935845016,yes,
aptos2019,fundus_referable_ge2,native,0.4060619953928387,B5s vs treat-all,preferred_above,0.07609687333171081,0.07071563463994349,0.36309549546863074,0.029309025215137532,True,탐색적/exploratory,,,,,
aptos2019,fundus_referable_ge2,native,0.4060619953928387,B5s vs treat-none,preferred_below,12.388521719961505,0.9253091550421838,0.36309549546863074,0.029309025215137532,False,탐색적/exploratory,,,,,
aptos2019,fundus_referable_ge2,native,0.4060619953928387,FDA window · FDA endpoint (Se 85.0 / Sp 82.5),fda_window,,0.11056162259552257,,,True,탐색적/exploratory,0.7685570300908323,,,,
aptos2019,fundus_referable_ge2,native,0.4060619953928387,FDA window · IDx-DR pivotal (Se 87.2 / Sp 90.7),fda_window,,0.08799373146893523,,,True,탐색적/exploratory,0.8650544199945277,,,,
aptos2019,fundus_referable_ge2,prev_0.10,0.10000000000000003,B0 vs treat-all,preferred_above,0.010312334607774925,0.010207075826485279,0.09125656264358728,0.052137931034482755,True,탐색적/exploratory,,,,,
aptos2019,fundus_referable_ge2,prev_0.10,0.10000000000000003,B0 vs treat-none,preferred_below,1.7502912147248884,0.6364021400184598,0.09125656264358728,0.052137931034482755,False,탐색적/exploratory,,,,,
aptos2019,fundus_referable_ge2,prev_0.10,0.10000000000000003,B1 vs B0,preferred_above,0.4403740493755906,0.30573589517701666,0.0889483952123773,0.046896551724137946,False,탐색적/exploratory,,0.002219293781423275,0.06999973262919837,yes,
aptos2019,fundus_referable_ge2,prev_0.10,0.10000000000000003,B1 vs treat-all,preferred_above,0.012954589282177019,0.012788914151973186,0.0889483952123773,0.046896551724137946,True,탐색적/exploratory,,,,,
aptos2019,fundus_referable_ge2,prev_0.10,0.10000000000000003,B1 vs treat-none,preferred_below,1.8966937214403976,0.6547788284973586,0.0889483952123773,0.046896551724137946,False,탐색적/exploratory,,,,,
aptos2019,fundus_referable_ge2,prev_0.10,0.10000000000000003,B3 vs B0,preferred_above,0.10703605781905967,0.09668705645408548,0.09056267371703614,0.045655172413793105,True,탐색적/exploratory,,0.5565717878634124,0.11506641884511945,no,잡음 수준 — 부호 해석 금지 (Δ민감도 p=0.557)
aptos2019,fundus_referable_ge2,prev_0.10,0.10000000000000003,B3 vs treat-all,preferred_above,0.011046273095170854,0.010925586087523274,0.09056267371703614,0.045655172413793105,True,탐색적/exploratory,,,,,
aptos2019,fundus_referable_ge2,prev_0.10,0.10000000000000003,B3 vs treat-none,preferred_below,1.9836235179713353,0.6648370701006093,0.09056267371703614,0.045655172413793105,False,탐색적/exploratory,,,,,
aptos2019,fundus_referable_ge2,prev_0.10,0.10000000000000003,B4 vs B0,preferred_above,0.13602393180719238,0.11973685412665987,0.08964303738352955,0.040275862068965516,True,탐색적/exploratory,,0.13313673431187875,0.0054564769090108,yes,
aptos2019,fundus_referable_ge2,prev_0.10,0.10000000000000003,B4 vs treat-all,preferred_above,0.012046844050924276,0.011903445104086608,0.08964303738352955,0.040275862068965516,True,탐색적/exploratory,,,,,
aptos2019,fundus_referable_ge2,prev_0.10,0.10000000000000003,B4 vs treat-none,preferred_below,2.225726099419826,0.6899922779618957,0.08964303738352955,0.040275862068965516,False,탐색적/exploratory,,,,,
aptos2019,fundus_referable_ge2,prev_0.10,0.10000000000000003,B0d vs treat-all,preferred_above,0.01108354976767348,0.01096205132624327,0.09067453054030235,0.05862068965517241,True,탐색적/exploratory,,,,,
aptos2019,fundus_referable_ge2,prev_0.10,0.10000000000000003,B0d vs treat-none,preferred_below,1.5468008150992754,0.607350526169429,0.09067453054030235,0.05862068965517241,False,탐색적/exploratory,,,,,
aptos2019,fundus_referable_ge2,prev_0.10,0.10000000000000003,B1d vs B0d,preferred_above,0.8848071400892552,0.469441738239253,0.08957614926295017,0.057379310344827586,False,탐색적/exploratory,,0.021783443462333983,0.6398891821193611,no,잡음 수준 — 부호 해석 금지 (Δ특이도 p=0.640)
aptos2019,fundus_referable_ge2,prev_0.10,0.10000000000000003,B1d vs treat-all,preferred_above,0.012370750997481014,0.012219585547381933,0.08957614926295017,0.057379310344827586,True,탐색적/exploratory,,,,,
aptos2019,fundus_referable_ge2,prev_0.10,0.10000000000000003,B1d vs treat-none,preferred_below,1.5611227936451653,0.6095462496053414,0.08957614926295017,0.057379310344827586,False,탐색적/exploratory,,,,,
aptos2019,fundus_referable_ge2,prev_0.10,0.10000000000000003,B2 vs B0,preferred_below,0.6667363417922579,0.40002508199665815,0.09217619897709385,0.053517241379310354,False,탐색적/exploratory,,0.241392947295284,0.7128952580285306,no,잡음 수준 — 부호 해석 금지 (Δ민감도 p=0.241 · Δ특이도 p=0.713)
aptos2019,fundus_referable_ge2,prev_0.10,0.10000000000000003,B2 vs treat-all,preferred_above,0.009242717519320487,0.009158072046374265,0.09217619897709385,0.053517241379310354,False,탐색적/exploratory,,,,,
aptos2019,fundus_referable_ge2,prev_0.10,0.10000000000000003,B2 vs treat-none,preferred_below,1.7223645427420884,0.6326722654884585,0.09217619897709385,0.053517241379310354,False,탐색적/exploratory,,,,,
aptos2019,fundus_referable_ge2,prev_0.10,0.10000000000000003,B3d vs B0d,preferred_below,0.4348794934179506,0.30307736323002793,0.09085448067550977,0.059034482758620686,False,탐색적/exploratory,,0.8346819824602107,0.9151895436738076,no,잡음 수준 — 부호 해석 금지 (Δ민감도 p=0.835 · Δ특이도 p=0.915)
aptos2019,fundus_referable_ge2,prev_0.10,0.10000000000000003,B3d vs treat-all,preferred_above,0.01087502297893298,0.010758029164560355,0.09085448067550977,0.059034482758620686,True,탐색적/exploratory,,,,,
aptos2019,fundus_referable_ge2,prev_0.10,0.10000000000000003,B3d vs treat-none,preferred_below,1.539006974059453,0.6061452330707209,0.09085448067550977,0.059034482758620686,False,탐색적/exploratory,,,,,
aptos2019,fundus_referable_ge2,prev_0.10,0.10000000000000003,B4d vs B0d,preferred_above,0.1562762850980582,0.13515479571113503,0.08899321326614393,0.047862068965517236,True,탐색적/exploratory,,0.028056972900908243,0.00946020595588471,yes,
aptos2019,fundus_referable_ge2,prev_0.10,0.10000000000000003,B4d vs treat-all,preferred_above,0.012916672680553055,0.0127519597899112,0.08899321326614393,0.047862068965517236,True,탐색적/exploratory,,,,,
aptos2019,fundus_referable_ge2,prev_0.10,0.10000000000000003,B4d vs treat-none,preferred_below,1.8593682887018546,0.650272403190847,0.08899321326614393,0.047862068965517236,False,탐색적/exploratory,,,,,
aptos2019,fundus_referable_ge2,prev_0.10,0.10000000000000003,B5 vs B0,preferred_above,0.3963337702152069,0.28383884904117357,0.09038189501276751,0.04993103448275862,False,탐색적/exploratory,,0.3064465120874378,0.5916986890523508,no,잡음 수준 — 부호 해석 금지 (Δ민감도 p=0.306 · Δ특이도 p=0.592)
aptos2019,fundus_referable_ge2,prev_0.10,0.10000000000000003,B5 vs treat-all,preferred_above,0.011314499619898714,0.011187913971520488,0.09038189501276751,0.04993103448275862,True,탐색적/exploratory,,,,,
aptos2019,fundus_referable_ge2,prev_0.10,0.10000000000000003,B5 vs treat-none,preferred_below,1.8101346376866423,0.6441451642248645,0.09038189501276751,0.04993103448275862,False,탐색적/exploratory,,,,,
aptos2019,fundus_referable_ge2,prev_0.10,0.10000000000000003,B5s vs B0,preferred_above,0.2380616111041198,0.19228575457711938,0.08941774192333476,0.04441379310344826,True,탐색적/exploratory,,0.04732904635172397,0.034889935935845016,yes,
aptos2019,fundus_referable_ge2,prev_0.10,0.10000000000000003,B5s vs treat-all,preferred_above,0.012368429962247816,0.012217320884560819,0.08941774192333476,0.04441379310344826,True,탐색적/exploratory,,,,,
aptos2019,fundus_referable_ge2,prev_0.10,0.10000000000000003,B5s vs treat-none,preferred_below,2.013287667528501,0.6681365636689444,0.08941774192333476,0.04441379310344826,False,탐색적/exploratory,,,,,
aptos2019,fundus_referable_ge2,prev_0.10,0.1,FDA window · FDA endpoint (Se 85.0 / Sp 82.5),fda_window,,0.01980198019801981,,,True,탐색적/exploratory,0.3505154639175257,,,,
aptos2019,fundus_referable_ge2,prev_0.10,0.1,FDA window · IDx-DR pivotal (Se 87.2 / Sp 90.7),fda_window,,0.015438427210227958,,,True,탐색적/exploratory,0.5102399063779988,,,,
aptos2019,fundus_referable_ge2,prev_0.30,0.29999999999999993,B0 vs treat-all,preferred_above,0.03977614777284605,0.03825452993708769,0.27376968793076173,0.040551724137931025,True,탐색적/exploratory,,,,,
aptos2019,fundus_referable_ge2,prev_0.30,0.29999999999999993,B0 vs treat-none,preferred_below,6.751123256795997,0.8709864406912605,0.27376968793076173,0.040551724137931025,False,탐색적/exploratory,,,,,
aptos2019,fundus_referable_ge2,prev_0.30,0.29999999999999993,B1 vs B0,preferred_above,1.698585619020093,0.6294355113464516,0.26684518563713194,0.036475095785440614,False,탐색적/exploratory,,0.002219293781423275,0.06999973262919837,yes,
aptos2019,fundus_referable_ge2,prev_0.30,0.29999999999999993,B1 vs treat-all,preferred_above,0.04996770151696815,0.047589751041652056,0.26684518563713194,0.036475095785440614,True,탐색적/exploratory,,,,,
aptos2019,fundus_referable_ge2,prev_0.30,0.29999999999999993,B1 vs treat-none,preferred_below,7.315818639841537,0.8797472572082145,0.26684518563713194,0.036475095785440614,False,탐색적/exploratory,,,,,
aptos2019,fundus_referable_ge2,prev_0.30,0.29999999999999993,B3 vs B0,preferred_above,0.41285336587350535,0.2922124658125836,0.27168802115110835,0.0355095785440613,False,탐색적/exploratory,,0.5565717878634124,0.11506641884511945,no,잡음 수준 — 부호 해석 금지 (Δ민감도 p=0.557)
aptos2019,fundus_referable_ge2,prev_0.30,0.29999999999999993,B3 vs treat-all,preferred_above,0.04260705336708741,0.0408658786927332,0.27168802115110835,0.0355095785440613,True,탐색적/exploratory,,,,,
aptos2019,fundus_referable_ge2,prev_0.30,0.29999999999999993,B3 vs treat-none,preferred_below,7.6511192836037205,0.8844080208331796,0.27168802115110835,0.0355095785440613,False,탐색적/exploratory,,,,,
aptos2019,fundus_referable_ge2,prev_0.30,0.29999999999999993,B4 vs B0,preferred_above,0.5246637369705904,0.3441176728011278,0.2689291121505886,0.03132567049808429,False,탐색적/exploratory,,0.13313673431187875,0.0054564769090108,yes,
aptos2019,fundus_referable_ge2,prev_0.30,0.29999999999999993,B4 vs treat-all,preferred_above,0.046466398482136274,0.04440314428588839,0.2689291121505886,0.03132567049808429,True,탐색적/exploratory,,,,,
aptos2019,fundus_referable_ge2,prev_0.30,0.29999999999999993,B4 vs treat-none,preferred_below,8.584943526333616,0.8956697035039793,0.2689291121505886,0.03132567049808429,False,탐색적/exploratory,,,,,
aptos2019,fundus_referable_ge2,prev_0.30,0.29999999999999993,B0d vs treat-all,preferred_above,0.04275083481816894,0.04099813051276403,0.272023591620907,0.045593869731800775,True,탐색적/exploratory,,,,,
aptos2019,fundus_referable_ge2,prev_0.30,0.29999999999999993,B0d vs treat-none,preferred_below,5.966231715382917,0.8564503678808462,0.272023591620907,0.045593869731800775,False,탐색적/exploratory,,,,,
aptos2019,fundus_referable_ge2,prev_0.30,0.29999999999999993,B1d vs B0d,preferred_above,3.4128275403442156,0.7733879262541956,0.26872844778885047,0.04462835249042145,False,탐색적/exploratory,,0.021783443462333983,0.6398891821193611,no,잡음 수준 — 부호 해석 금지 (Δ특이도 p=0.640)
aptos2019,fundus_referable_ge2,prev_0.30,0.29999999999999993,B1d vs treat-all,preferred_above,0.047715753847426566,0.045542651880726766,0.26872844778885047,0.04462835249042145,True,탐색적/exploratory,,,,,
aptos2019,fundus_referable_ge2,prev_0.30,0.29999999999999993,B1d vs treat-none,preferred_below,6.021473632631351,0.8575797542908037,0.26872844778885047,0.04462835249042145,False,탐색적/exploratory,,,,,
aptos2019,fundus_referable_ge2,prev_0.30,0.29999999999999993,B2 vs B0,preferred_below,2.571697318341585,0.7200210681726185,0.27652859693128146,0.04162452107279693,False,탐색적/exploratory,,0.241392947295284,0.7128952580285306,no,잡음 수준 — 부호 해석 금지 (Δ민감도 p=0.241 · Δ특이도 p=0.713)
aptos2019,fundus_referable_ge2,prev_0.30,0.29999999999999993,B2 vs treat-all,preferred_above,0.03565048186023605,0.03442327550140336,0.27652859693128146,0.04162452107279693,True,탐색적/exploratory,,,,,
aptos2019,fundus_referable_ge2,prev_0.30,0.29999999999999993,B2 vs treat-none,preferred_below,6.643406093433769,0.8691682755337217,0.27652859693128146,0.04162452107279693,False,탐색적/exploratory,,,,,
aptos2019,fundus_referable_ge2,prev_0.30,0.29999999999999993,B3d vs B0d,preferred_below,1.6773923317549093,0.626502254398949,0.27256344202652927,0.04591570881226054,False,탐색적/exploratory,,0.8346819824602107,0.9151895436738076,no,잡음 수준 — 부호 해석 금지 (Δ민감도 p=0.835 · Δ특이도 p=0.915)
aptos2019,fundus_referable_ge2,prev_0.30,0.29999999999999993,B3d vs treat-all,preferred_above,0.04194651720445561,0.040257840984965515,0.27256344202652927,0.04591570881226054,True,탐색적/exploratory,,,,,
aptos2019,fundus_referable_ge2,prev_0.30,0.29999999999999993,B3d vs treat-none,preferred_below,5.936169757086459,0.855828211387368,0.27256344202652927,0.04591570881226054,False,탐색적/exploratory,,,,,
aptos2019,fundus_referable_ge2,prev_0.30,0.29999999999999993,B4d vs B0d,preferred_above,0.6027799568068002,0.3760840371423858,0.2669796397984317,0.03722605363984674,False,탐색적/exploratory,,0.028056972900908243,0.00946020595588471,yes,
aptos2019,fundus_referable_ge2,prev_0.30,0.29999999999999993,B4d vs treat-all,preferred_above,0.049821451767847365,0.04745707156578911,0.2669796397984317,0.03722605363984674,True,탐색적/exploratory,,,,,
aptos2019,fundus_referable_ge2,prev_0.30,0.29999999999999993,B4d vs treat-none,preferred_below,7.171849113564294,0.8776286754560704,0.2669796397984317,0.03722605363984674,False,탐색적/exploratory,,,,,
aptos2019,fundus_referable_ge2,prev_0.30,0.29999999999999993,B5 vs B0,preferred_above,1.528715970830085,0.604542379794542,0.27114568503830244,0.038835249042145595,False,탐색적/exploratory,,0.3064465120874378,0.5916986890523508,no,잡음 수준 — 부호 해석 금지 (Δ민감도 p=0.306 · Δ특이도 p=0.592)
aptos2019,fundus_referable_ge2,prev_0.30,0.29999999999999993,B5 vs treat-all,preferred_above,0.04364164139103779,0.04181669230145817,0.27114568503830244,0.038835249042145595,True,탐색적/exploratory,,,,,
aptos2019,fundus_referable_ge2,prev_0.30,0.29999999999999993,B5 vs treat-none,preferred_below,6.981947888219903,0.8747172978320439,0.27114568503830244,0.038835249042145595,False,탐색적/exploratory,,,,,
aptos2019,fundus_referable_ge2,prev_0.30,0.29999999999999993,B5s vs B0,preferred_above,0.9182376428301636,0.47868815746697463,0.26825322577000427,0.03454406130268198,False,탐색적/exploratory,,0.04732904635172397,0.034889935935845016,yes,
aptos2019,fundus_referable_ge2,prev_0.30,0.29999999999999993,B5s vs treat-all,preferred_above,0.047706801282955645,0.04553449612480983,0.26825322577000427,0.03454406130268198,True,탐색적/exploratory,,,,,
aptos2019,fundus_referable_ge2,prev_0.30,0.29999999999999993,B5s vs treat-none,preferred_below,7.765538146181361,0.8859168731773027,0.26825322577000427,0.03454406130268198,False,탐색적/exploratory,,,,,
aptos2019,fundus_referable_ge2,prev_0.30,0.3,FDA window · FDA endpoint (Se 85.0 / Sp 82.5),fda_window,,0.07228915662650605,,,True,탐색적/exploratory,0.6754966887417219,,,,
aptos2019,fundus_referable_ge2,prev_0.30,0.3,FDA window · IDx-DR pivotal (Se 87.2 / Sp 90.7),fda_window,,0.057032526362691224,,,True,탐색적/exploratory,0.8007346189164372,,,,
oral_diseases,oral_cancer_suspect,native,0.2790702016430171,A0 vs treat-all,preferred_above,0.10384424792254314,0.09407509086357073,0.2112521782424695,0.06785536470002489,True,탐색적/exploratory,,,,,
oral_diseases,oral_cancer_suspect,native,0.2790702016430171,A0 vs treat-none,preferred_below,3.1132715766302854,0.7568845184739224,0.2112521782424695,0.06785536470002489,False,탐색적/exploratory,,,,,
oral_diseases,oral_cancer_suspect,native,0.2790702016430171,A2 vs A0,dominates,-0.0,,0.2112521782424695,0.06656086631814787,False,탐색적/exploratory,,0.9878114984116575,0.7142246177957005,no,잡음 수준 — 부호 해석 금지 (Δ민감도 p=0.988 · Δ특이도 p=0.714)
oral_diseases,oral_cancer_suspect,native,0.2790702016430171,A2 vs treat-all,preferred_above,0.10363881914327006,0.09390646409458715,0.2112521782424695,0.06656086631814787,True,탐색적/exploratory,,,,,
oral_diseases,oral_cancer_suspect,native,0.2790702016430171,A2 vs treat-none,preferred_below,3.1738195418419823,0.7604112995362798,0.2112521782424695,0.06656086631814787,False,탐색적/exploratory,,,,,
oral_diseases,oral_cancer_suspect,native,0.2790702016430171,A0d vs treat-all,preferred_above,0.13325288410484137,0.11758442089481032,0.19316654219566837,0.07626338063231267,True,탐색적/exploratory,,,,,
oral_diseases,oral_cancer_suspect,native,0.2790702016430171,A0d vs treat-none,preferred_below,2.532887220499428,0.716945394068188,0.19316654219566837,0.07626338063231267,False,탐색적/exploratory,,,,,
oral_diseases,oral_cancer_suspect,native,0.2790702016430171,A1 vs A0,preferred_above,0.10909090909091429,0.09836065573770915,0.2106173761513567,0.06203634553149115,True,탐색적/exploratory,,0.9490114316455023,0.4407695760535688,no,잡음 수준 — 부호 해석 금지 (Δ민감도 p=0.949 · Δ특이도 p=0.441)
oral_diseases,oral_cancer_suspect,native,0.2790702016430171,A1 vs treat-all,preferred_above,0.10389058382370991,0.09411311713870106,0.2106173761513567,0.06203634553149115,True,탐색적/exploratory,,,,,
oral_diseases,oral_cancer_suspect,native,0.2790702016430171,A1 vs treat-none,preferred_below,3.395064205457464,0.7724720383474093,0.2106173761513567,0.06203634553149115,False,탐색적/exploratory,,,,,
oral_diseases,oral_cancer_suspect,native,0.2790702016430171,A2d vs A0d,dominated,-3.029126213592251,,0.19122479462285283,0.0769044062733383,False,탐색적/exploratory,,0.6073524327336333,0.870223436147921,no,잡음 수준 — 부호 해석 금지 (Δ민감도 p=0.607 · Δ특이도 p=0.870)
oral_diseases,oral_cancer_suspect,native,0.2790702016430171,A2d vs treat-all,preferred_above,0.13640053342610303,0.12002857215745297,0.19122479462285283,0.0769044062733383,True,탐색적/exploratory,,,,,
oral_diseases,oral_cancer_suspect,native,0.2790702016430171,A2d vs treat-none,preferred_below,2.48652585579024,0.7131815333194067,0.19122479462285283,0.0769044062733383,False,탐색적/exploratory,,,,,
oral_diseases,oral_cancer_suspect,native,0.2790702016430171,A3 vs A0,dominated,-2.659163987138294,,0.2061053024645257,0.06979088872292755,False,탐색적/exploratory,,0.5706044904718754,0.7983576650386338,no,잡음 수준 — 부호 해석 금지 (Δ민감도 p=0.571 · Δ특이도 p=0.798)
oral_diseases,oral_cancer_suspect,native,0.2790702016430171,A3 vs treat-all,preferred_above,0.11205734767025084,0.1007657994482118,0.2061053024645257,0.06979088872292755,True,탐색적/exploratory,,,,,
oral_diseases,oral_cancer_suspect,native,0.2790702016430171,A3 vs treat-none,preferred_below,2.9531835205992505,0.7470393178588346,0.2061053024645257,0.06979088872292755,False,탐색적/exploratory,,,,,
oral_diseases,oral_cancer_suspect,native,0.2790702016430171,A4 vs A0,dominates,-0.014354066985612037,,0.21127084889220807,0.06655464276823499,False,탐색적/exploratory,,1.0,0.8656501724238858,no,잡음 수준 — 부호 해석 금지 (Δ민감도 p=1.000 · Δ특이도 p=0.866)
oral_diseases,oral_cancer_suspect,native,0.2790702016430171,A4 vs treat-all,preferred_above,0.10360930144086732,0.09388222925051057,0.21127084889220807,0.06655464276823499,True,탐색적/exploratory,,,,,
oral_diseases,oral_cancer_suspect,native,0.2790702016430171,A4 vs treat-none,preferred_below,3.1743968580512436,0.7604444344884747,0.21127084889220807,0.06655464276823499,False,탐색적/exploratory,,,,,
oral_diseases,oral_cancer_suspect,native,0.2790702016430171,A5 vs A0,dominated,-0.12061657032755294,,0.2093042071197411,0.08400547672392332,False,탐색적/exploratory,,0.8109026150561346,0.11408980038046489,no,잡음 수준 — 부호 해석 금지 (Δ민감도 p=0.811)
oral_diseases,oral_cancer_suspect,native,0.2790702016430171,A5 vs treat-all,preferred_above,0.10953576767864284,0.09872216008665699,0.2093042071197411,0.08400547672392332,True,탐색적/exploratory,,,,,
oral_diseases,oral_cancer_suspect,native,0.2790702016430171,A5 vs treat-none,preferred_below,2.491554304341384,0.7135946020496934,0.2093042071197411,0.08400547672392332,False,탐색적/exploratory,,,,,
oral_diseases,oral_cancer_suspect,native,0.2790702016430171,A5s vs A0,preferred_below,0.37651331719128317,0.2735268249780123,0.21512322628827482,0.07813666915608661,False,탐색적/exploratory,,0.5963708445230046,0.4615601790427885,no,잡음 수준 — 부호 해석 금지 (Δ민감도 p=0.596 · Δ특이도 p=0.462)
oral_diseases,oral_cancer_suspect,native,0.2790702016430171,A5s vs treat-all,preferred_above,0.09948297897060521,0.09048159987319358,0.21512322628827482,0.07813666915608661,True,탐색적/exploratory,,,,,
oral_diseases,oral_cancer_suspect,native,0.2790702016430171,A5s vs treat-none,preferred_below,2.7531660692951023,0.7335582861144713,0.21512322628827482,0.07813666915608661,False,탐색적/exploratory,,,,,
oral_diseases,oral_cancer_suspect,native,0.2790702016430171,FDA window · FDA endpoint (Se 85.0 / Sp 82.5),fda_window,,0.06575355723357316,,,True,탐색적/exploratory,0.6528004891527047,,,,
oral_diseases,oral_cancer_suspect,native,0.2790702016430171,FDA window · IDx-DR pivotal (Se 87.2 / Sp 90.7),fda_window,,0.05179924942616402,,,True,탐색적/exploratory,0.78399676916278,,,,
oral_diseases,oral_nonbenign,native,0.4612397311426438,A0 vs treat-all,preferred_above,0.1326441486657369,0.11711016988168145,0.39791511077918845,0.06135797859098828,True,탐색적/exploratory,,,,,
oral_diseases,oral_nonbenign,native,0.4612397311426438,A0 vs treat-none,preferred_below,6.485140480778986,0.8664019730066671,0.39791511077918845,0.06135797859098828,False,탐색적/exploratory,,,,,
oral_diseases,oral_nonbenign,native,0.4612397311426438,A2 vs A0,dominates,-2.858824288409781e-14,,0.3979151107791885,0.05941623101817275,False,탐색적/exploratory,,0.9963621764523523,0.4051315047469742,no,잡음 수준 — 부호 해석 금지 (Δ민감도 p=0.996 · Δ특이도 p=0.405)
oral_diseases,oral_nonbenign,native,0.4612397311426438,A2 vs treat-all,preferred_above,0.1321068280079459,0.11669113262076244,0.3979151107791885,0.05941623101817275,True,탐색적/exploratory,,,,,
oral_diseases,oral_nonbenign,native,0.4612397311426438,A2 vs treat-none,preferred_below,6.697077616005031,0.8700805617549399,0.3979151107791885,0.05941623101817275,False,탐색적/exploratory,,,,,
oral_diseases,oral_nonbenign,native,0.4612397311426438,A0d vs treat-all,preferred_above,0.17210876034405465,0.14683685180676814,0.3824122479462285,0.08075056011949215,True,탐색적/exploratory,,,,,
oral_diseases,oral_nonbenign,native,0.4612397311426438,A0d vs treat-none,preferred_below,4.735722543352601,0.8256540492602894,0.3824122479462285,0.08075056011949215,False,탐색적/exploratory,,,,,
oral_diseases,oral_nonbenign,native,0.4612397311426438,A1 vs A0,preferred_below,0.49856184084371274,0.33269353806781504,0.40115135673388097,0.06784914115011202,False,탐색적/exploratory,,0.5789171646618457,0.48889941601785447,no,잡음 수준 — 부호 해석 금지 (Δ민감도 p=0.579 · Δ특이도 p=0.489)
oral_diseases,oral_nonbenign,native,0.4612397311426438,A1 vs treat-all,preferred_above,0.12760024317394889,0.1131608865343821,0.40115135673388097,0.06784914115011202,True,탐색적/exploratory,,,,,
oral_diseases,oral_nonbenign,native,0.4612397311426438,A1 vs treat-none,preferred_below,5.9124013942395885,0.8553324752186202,0.40115135673388097,0.06784914115011202,False,탐색적/exploratory,,,,,
oral_diseases,oral_nonbenign,native,0.4612397311426438,A2d vs A0d,preferred_above,621.9999999991571,0.9983948635634007,0.3785411999004232,0.08074433656957927,False,탐색적/exploratory,,0.3510386817244477,0.9974290086157859,no,잡음 수준 — 부호 해석 금지 (Δ민감도 p=0.351 · Δ특이도 p=0.997)
oral_diseases,oral_nonbenign,native,0.4612397311426438,A2d vs treat-all,preferred_above,0.18055819767915884,0.1529430722128866,0.3785411999004232,0.08074433656957927,True,탐색적/exploratory,,,,,
oral_diseases,oral_nonbenign,native,0.4612397311426438,A2d vs treat-none,preferred_below,4.688145521812857,0.8241957776633514,0.3785411999004232,0.08074433656957927,False,탐색적/exploratory,,,,,
oral_diseases,oral_nonbenign,native,0.4612397311426438,A3 vs A0,preferred_below,0.42935528120713806,0.3003838771593115,0.3998630819019169,0.06589494647747074,False,탐색적/exploratory,,0.8542223425725861,0.6501065685313262,no,잡음 수준 — 부호 해석 금지 (Δ민감도 p=0.854 · Δ특이도 p=0.650)
oral_diseases,oral_nonbenign,native,0.4612397311426438,A3 vs treat-all,preferred_above,0.12979731508291664,0.11488548729060374,0.3998630819019169,0.06589494647747074,True,탐색적/exploratory,,,,,
oral_diseases,oral_nonbenign,native,0.4612397311426438,A3 vs treat-none,preferred_below,6.068190404231206,0.8585210721825811,0.3998630819019169,0.06589494647747074,False,탐색적/exploratory,,,,,
oral_diseases,oral_nonbenign,native,0.4612397311426438,A4 vs A0,dominated,-0.24820143884891843,,0.3966268359472243,0.06654841921832212,False,탐색적/exploratory,,0.8620058850311944,0.5372427294887852,no,잡음 수준 — 부호 해석 금지 (Δ민감도 p=0.862 · Δ특이도 p=0.537)
oral_diseases,oral_nonbenign,native,0.4612397311426438,A4 vs treat-all,preferred_above,0.13683031301482715,0.12036124604379944,0.3966268359472243,0.06654841921832212,True,탐색적/exploratory,,,,,
oral_diseases,oral_nonbenign,native,0.4612397311426438,A4 vs treat-none,preferred_below,5.959973814645096,0.856321298523306,0.3966268359472243,0.06654841921832212,False,탐색적/exploratory,,,,,
oral_diseases,oral_nonbenign,native,0.4612397311426438,A5 vs A0,preferred_below,0.1816856226305025,0.15375123395853754,0.4017923823749066,0.08269853124222055,True,탐색적/exploratory,,0.6950682707291426,0.12445221611763264,no,잡음 수준 — 부호 해석 금지 (Δ민감도 p=0.695)
oral_diseases,oral_nonbenign,native,0.4612397311426438,A5 vs treat-all,preferred_above,0.13034934497816617,0.1153177515935872,0.4017923823749066,0.08269853124222055,True,탐색적/exploratory,,,,,
oral_diseases,oral_nonbenign,native,0.4612397311426438,A5 vs treat-none,preferred_below,4.858518964479229,0.8293083958483198,0.4017923823749066,0.08269853124222055,False,탐색적/exploratory,,,,,
oral_diseases,oral_nonbenign,native,0.4612397311426438,A5s vs A0,preferred_below,0.13457823567288896,0.11861520998864752,0.3992158327109783,0.07102315160567586,True,탐색적/exploratory,,0.8662659245818478,0.4779799943292423,no,잡음 수준 — 부호 해석 금지 (Δ민감도 p=0.866 · Δ특이도 p=0.478)
oral_diseases,oral_nonbenign,native,0.4612397311426438,A5s vs treat-all,preferred_above,0.1326041832987388,0.11707901600056403,0.3992158327109783,0.07102315160567586,True,탐색적/exploratory,,,,,
oral_diseases,oral_nonbenign,native,0.4612397311426438,A5s vs treat-none,preferred_below,5.620925341745532,0.8489637099976177,0.3992158327109783,0.07102315160567586,False,탐색적/exploratory,,,,,
oral_diseases,oral_nonbenign,native,0.4612397311426438,FDA window · FDA endpoint (Se 85.0 / Sp 82.5),fda_window,,0.13469129609840147,,,True,탐색적/exploratory,0.8061363165209112,,,,
oral_diseases,oral_nonbenign,native,0.4612397311426438,FDA window · IDx-DR pivotal (Se 87.2 / Sp 90.7),fda_window,,0.10779497072798641,,,True,탐색적/exploratory,0.8892238160985435,,,,
