kind,dataset,rep,cls,cls_name,head_arm,ncm_recall,head_recall,feat_deviation,near_threshold,near,focus,exploratory,n_folds,mean_diff,sd,se_nb,ci_lo,ci_hi,p_nb,mde_post,wins,note,holm_p,holm_family,holm_note,space,spearman,med_abs_log2,rel_frob,rho_threshold,log2_threshold,highlight_cdnv,all_pairs_mean_cdnv,ratio_vs_all
P8_ncm_vs_head,aptos2019,cp,0.0,no_dr,B0cp,0.9340720221606649,0.9717451523545707,0.19825812153680805,0.05,True,False,탐색적/exploratory,5,-0.037673130193905814,0.009515547943112266,0.0063832236131871984,-0.05539580015012238,-0.019950460237689243,0.004124021171439497,0.02372905726479689,0.0,,0.04124021171439497,w11-9 P8 aptos2019 (15칸 · 표현×클래스),서술용 · 게이트 아님,,,,,,,,,
P8_ncm_vs_head,aptos2019,cp,1.0,mild,B0cp,0.6972972972972974,0.5351351351351352,0.46993504607164843,0.05,False,False,탐색적/exploratory,5,0.1621621621621622,0.061185034717144704,0.04104416904996605,0.04820527990647319,0.2761190444178512,0.016805057819684336,0.15257799143375964,5.0,,0.1344404625574747,w11-9 P8 aptos2019 (15칸 · 표현×클래스),서술용 · 게이트 아님,,,,,,,,,
P8_ncm_vs_head,aptos2019,cp,2.0,moderate,B0cp,0.5885929648241206,0.749748743718593,0.2857887716196973,0.05,False,False,탐색적/exploratory,5,-0.16115577889447236,0.0285531898726347,0.019154062058900925,-0.2143359807425626,-0.10797557704638211,0.0010923942371669046,0.07120349575568038,0.0,,0.013108730846002855,w11-9 P8 aptos2019 (15칸 · 표현×클래스),서술용 · 게이트 아님,,,,,,,,,
P8_ncm_vs_head,aptos2019,cp,3.0,severe,B0cp,0.6174089068825911,0.3632928475033738,0.6481238959922057,0.05,False,True,탐색적/exploratory,5,0.2541160593792173,0.12276400308512672,0.08235259682650117,0.025468595019950746,0.4827635237384838,0.03672717241992696,0.30613834081633456,5.0,,0.22036303451956174,w11-9 P8 aptos2019 (15칸 · 표현×클래스),서술용 · 게이트 아님,,,,,,,,,
P8_ncm_vs_head,aptos2019,cp,4.0,proliferative,B0cp,0.5220338983050847,0.4779661016949152,0.5520006632541066,0.05,True,False,탐색적/exploratory,5,0.044067796610169505,0.059442975988983654,0.03987556052887658,-0.06664450823724821,0.15478010145758722,0.33110071443106376,0.14823379480248797,4.0,잡음 수준 — 부호 해석 금지,0.6622014288621275,w11-9 P8 aptos2019 (15칸 · 표현×클래스),서술용 · 게이트 아님,,,,,,,,,
P8_ncm_vs_head,aptos2019,frozen,0.0,no_dr,B0,0.8744228993536473,0.9819021237303784,0.07783850744587097,0.05,False,False,탐색적/exploratory,15,-0.10747922437673131,0.015676950325219062,0.008821912735237122,-0.12640034537324044,-0.08855810338022219,7.6982513496589e-09,0.026579024528814013,0.0,,1.0777551889522459e-07,w11-9 P8 aptos2019 (15칸 · 표현×클래스),서술용 · 게이트 아님,,,,,,,,,
P8_ncm_vs_head,aptos2019,frozen,1.0,mild,B0,0.6837837837837838,0.6036036036036035,0.2130024410358483,0.05,False,False,탐색적/exploratory,15,0.0801801801801802,0.05582678697235914,0.03141548788137421,0.012800659977765694,0.1475597003825947,0.0230167268021788,0.09464988467280058,14.0,,0.1611170876152516,w11-9 P8 aptos2019 (15칸 · 표현×클래스),서술용 · 게이트 아님,,,,,,,,,
P8_ncm_vs_head,aptos2019,frozen,2.0,moderate,B0,0.41375041876046903,0.7727638190954774,0.14609330016665323,0.05,False,False,탐색적/exploratory,15,-0.35901340033500834,0.04329335241296759,0.024362530280437736,-0.4112658309644856,-0.3067609697055311,6.434104964070437e-10,0.07340044153024869,0.0,,9.651157446105656e-09,w11-9 P8 aptos2019 (15칸 · 표현×클래스),서술용 · 게이트 아님,,,,,,,,,
P8_ncm_vs_head,aptos2019,frozen,3.0,severe,B0,0.5424651372019794,0.3595141700404858,0.3300445763685315,0.05,False,True,탐색적/exploratory,15,0.18295096716149353,0.08945061723452509,0.05033667409704261,0.0749895386440996,0.2909123956788875,0.0027065214183715756,0.15165641915502934,14.0,,0.029771735602087332,w11-9 P8 aptos2019 (15칸 · 표현×클래스),서술용 · 게이트 아님,,,,,,,,,
P8_ncm_vs_head,aptos2019,frozen,4.0,proliferative,B0,0.3570621468926553,0.5107344632768361,0.3019980864505431,0.05,False,False,탐색적/exploratory,15,-0.15367231638418083,0.08215574033149654,0.04623161755748791,-0.25282927428238794,-0.05451535848597373,0.0050172407172258,0.1392885345781185,1.0,,0.045155166455032196,w11-9 P8 aptos2019 (15칸 · 표현×클래스),서술용 · 게이트 아님,,,,,,,,,
P8_ncm_vs_head,aptos2019,lora_s1ce,0.0,no_dr,S1_ce__B0,0.9673130193905817,0.9844875346260388,0.03551520603943867,0.05,True,False,탐색적/exploratory,5,-0.01717451523545708,0.010064211703371193,0.0067512784526060805,-0.035919069249022564,0.0015700387781084069,0.06371711184167286,0.025097267888518956,0.0,,0.24318114386969056,w11-9 P8 aptos2019 (15칸 · 표현×클래스),서술용 · 게이트 아님,,,,,,,,,
P8_ncm_vs_head,aptos2019,lora_s1ce,1.0,mild,S1_ce__B0,0.7378378378378379,0.6459459459459459,0.13630032351417137,0.05,False,False,탐색적/exploratory,5,0.09189189189189191,0.05268537483680524,0.03534242386654603,-0.006234407858205476,0.1900181916419893,0.06004528921559251,0.13138226868214847,5.0,,0.24318114386969056,w11-9 P8 aptos2019 (15칸 · 표현×클래스),서술용 · 게이트 아님,,,,,,,,,
P8_ncm_vs_head,aptos2019,lora_s1ce,2.0,moderate,S1_ce__B0,0.5635628140703517,0.7887587939698493,0.0918993377280647,0.05,False,False,탐색적/exploratory,5,-0.2251959798994975,0.029120328778067108,0.019534510402470433,-0.2794324756888719,-0.17095948411012307,0.0003233262928525223,0.07261777811173126,0.0,,0.00420324180708279,w11-9 P8 aptos2019 (15칸 · 표현×클래스),서술용 · 게이트 아님,,,,,,,,,
P8_ncm_vs_head,aptos2019,lora_s1ce,3.0,severe,S1_ce__B0,0.6017543859649124,0.40944669365722,0.2087552019663205,0.05,False,True,탐색적/exploratory,5,0.19230769230769235,0.10225511023332108,0.06859481325853209,0.0018579587940842357,0.38275742582130046,0.04863622877393811,0.254995022971949,5.0,,0.24318114386969056,w11-9 P8 aptos2019 (15칸 · 표현×클래스),서술용 · 게이트 아님,,,,,,,,,
P8_ncm_vs_head,aptos2019,lora_s1ce,4.0,proliferative,S1_ce__B0,0.552542372881356,0.5694915254237289,0.17923910489743436,0.05,True,False,탐색적/exploratory,5,-0.01694915254237288,0.05621397949754911,0.03770948383268978,-0.12164746434917975,0.087749159264434,0.6763740241258918,0.14018160031919072,2.0,잡음 수준 — 부호 해석 금지,0.6763740241258918,w11-9 P8 aptos2019 (15칸 · 표현×클래스),서술용 · 게이트 아님,,,,,,,,,
P8_ncm_vs_head,oral_diseases,cp,0.0,CaS,A0cp,0.8275,0.9030555555555556,0.645051266402717,0.05,False,False,탐색적/exploratory,15,-0.07555555555555556,0.07262896757642182,0.04087060306486021,-0.16321428093624035,0.012103169825129226,0.08573661780516861,0.12313664779627206,1.0,,1.0,w11-9 P8 oral_diseases (14칸 · 표현×클래스),서술용 · 게이트 아님,,,,,,,,,
P8_ncm_vs_head,oral_diseases,cp,1.0,CoS,A0cp,0.9733333333333334,0.9733333333333334,0.6447588268169667,0.05,True,False,탐색적/exploratory,15,0.0,0.04364357804719847,0.0245596132537669,-0.05267513156708891,0.05267513156708891,1.0,0.07399422128522228,3.0,잡음 수준 — 부호 해석 금지,1.0,w11-9 P8 oral_diseases (14칸 · 표현×클래스),서술용 · 게이트 아님,,,,,,,,,
P8_ncm_vs_head,oral_diseases,cp,2.0,Gum,A0cp,0.705982905982906,0.6841880341880342,0.71448260558178,0.05,True,False,탐색적/exploratory,15,0.02179487179487181,0.07328067475899917,0.04123733918217609,-0.06665042432821072,0.11024016791795435,0.6054144450129613,0.12424156557887568,4.0,잡음 수준 — 부호 해석 금지,1.0,w11-9 P8 oral_diseases (14칸 · 표현×클래스),서술용 · 게이트 아님,,,,,,,,,
P8_ncm_vs_head,oral_diseases,cp,3.0,MC,A0cp,0.6111111111111112,0.6333333333333333,0.6282411691758891,0.05,True,False,탐색적/exploratory,15,-0.022222222222222223,0.12909944487358055,0.07264831572567788,-0.17803736269030582,0.13359291824586136,0.7641914856996422,0.21887785830585144,6.0,잡음 수준 — 부호 해석 금지,1.0,w11-9 P8 oral_diseases (14칸 · 표현×클래스),서술용 · 게이트 아님,,,,,,,,,
P8_ncm_vs_head,oral_diseases,cp,4.0,OC,A0cp,0.6981818181818181,0.6575757575757577,0.8146981007977168,0.05,True,False,탐색적/exploratory,15,0.04060606060606062,0.19485309656368438,0.10964996242351338,-0.1945697191305783,0.27578184034269954,0.7166833506799635,0.33035795391596123,10.0,잡음 수준 — 부호 해석 금지,1.0,w11-9 P8 oral_diseases (14칸 · 표현×클래스),서술용 · 게이트 아님,,,,,,,,,
P8_ncm_vs_head,oral_diseases,cp,5.0,OLP,A0cp,0.7228070175438595,0.737037037037037,0.5945079889794364,0.05,True,True,탐색적/exploratory,15,-0.014230019493177386,0.07834064540232002,0.044084743717637896,-0.10878239095903518,0.08032235197268041,0.7516262499679026,0.13282034404368684,4.0,잡음 수준 — 부호 해석 금지,1.0,w11-9 P8 oral_diseases (14칸 · 표현×클래스),서술용 · 게이트 아님,,,,,,,,,
P8_ncm_vs_head,oral_diseases,cp,6.0,OT,A0cp,0.6811965811965812,0.7072649572649573,0.7421907756709865,0.05,True,False,탐색적/exploratory,15,-0.026068376068376087,0.12653367084268005,0.07120447402627993,-0.1787867840801303,0.12665003194337812,0.719759187335563,0.2145277921585477,5.0,잡음 수준 — 부호 해석 금지,1.0,w11-9 P8 oral_diseases (14칸 · 표현×클래스),서술용 · 게이트 아님,,,,,,,,,
P8_ncm_vs_head,oral_diseases,frozen,0.0,CaS,A0,0.6322222222222222,0.8902777777777778,0.3551175442515541,0.05,False,False,탐색적/exploratory,15,-0.2580555555555556,0.11040225272795573,0.06212681798020626,-0.3913043277221945,-0.12480678338891674,0.0009745345132421857,0.18717825357730444,0.0,,0.0136434831853906,w11-9 P8 oral_diseases (14칸 · 표현×클래스),서술용 · 게이트 아님,,,,,,,,,
P8_ncm_vs_head,oral_diseases,frozen,1.0,CoS,A0,0.9955555555555555,0.9733333333333334,0.36820995713588356,0.05,True,False,탐색적/exploratory,15,0.022222222222222216,0.04114755998989116,0.023155025433410113,-0.02744036808575397,0.0718848125301984,0.3534812642477436,0.06976242085253152,6.0,잡음 수준 — 부호 해석 금지,1.0,w11-9 P8 oral_diseases (14칸 · 표현×클래스),서술용 · 게이트 아님,,,,,,,,,
P8_ncm_vs_head,oral_diseases,frozen,2.0,Gum,A0,0.6726495726495726,0.6769230769230768,0.44766485088582036,0.05,True,False,탐색적/exploratory,15,-0.004273504273504255,0.10015094584320648,0.05635808535789824,-0.1251495755056597,0.11660256695865119,0.9406291054212774,0.1697979767065003,4.0,잡음 수준 — 부호 해석 금지,1.0,w11-9 P8 oral_diseases (14칸 · 표현×클래스),서술용 · 게이트 아님,,,,,,,,,
P8_ncm_vs_head,oral_diseases,frozen,3.0,MC,A0,0.5481481481481482,0.6148148148148148,0.35342737890607273,0.05,False,False,탐색적/exploratory,15,-0.06666666666666665,0.14578135884103263,0.08203575309229715,-0.24261585783233738,0.10928252449900408,0.4300196885855789,0.24716071889610325,5.0,잡음 수준 — 부호 해석 금지,1.0,w11-9 P8 oral_diseases (14칸 · 표현×클래스),서술용 · 게이트 아님,,,,,,,,,
P8_ncm_vs_head,oral_diseases,frozen,4.0,OC,A0,0.543030303030303,0.6793939393939393,0.46093172131581284,0.05,False,False,탐색적/exploratory,15,-0.13636363636363638,0.14690831940134308,0.08266992922431687,-0.31367300005505827,0.04094572732778548,0.12129460389609603,0.2490713910456037,2.0,,1.0,w11-9 P8 oral_diseases (14칸 · 표현×클래스),서술용 · 게이트 아님,,,,,,,,,
P8_ncm_vs_head,oral_diseases,frozen,5.0,OLP,A0,0.5384015594541911,0.6592592592592592,0.33478143031095714,0.05,False,True,탐색적/exploratory,15,-0.12085769980506819,0.08425103066858824,0.04741070329325586,-0.22254354509326416,-0.019171854516872228,0.023154862295778084,0.14284093297890688,0.0,,0.3010132098451151,w11-9 P8 oral_diseases (14칸 · 표현×클래스),서술용 · 게이트 아님,,,,,,,,,
P8_ncm_vs_head,oral_diseases,frozen,6.0,OT,A0,0.5606837606837607,0.7132478632478633,0.447146111677208,0.05,False,False,탐색적/exploratory,15,-0.15256410256410255,0.19255478631078451,0.10835663099941828,-0.3849659622792765,0.07983775715107141,0.1809534549312862,0.32646135136767207,3.0,잡음 수준 — 부호 해석 금지,1.0,w11-9 P8 oral_diseases (14칸 · 표현×클래스),서술용 · 게이트 아님,,,,,,,,,
P8b_cdnv_agreement,aptos2019,cp vs frozen,,,,,,,,False,,탐색적/exploratory,5,,,,,,,,,,,,,raw,0.8278787878787878,1.708916254332852,0.6019343920256632,0.8,0.5,,,
P8b_cdnv_agreement,aptos2019,cp vs lora_s1ce,,,,,,,,False,,탐색적/exploratory,5,,,,,,,,,,,,,raw,0.806060606060606,3.2931264297210574,0.8427086501555798,0.8,0.5,,,
P8b_cdnv_agreement,aptos2019,frozen vs lora_s1ce,,,,,,,,False,,탐색적/exploratory,5,,,,,,,,,,,,,raw,0.9442424242424241,1.7959410959544677,0.6480799588195999,0.8,0.5,,,
P8b_cdnv_agreement,aptos2019,cp vs frozen,,,,,,,,False,,탐색적/exploratory,5,,,,,,,,,,,,,train_std,0.7818181818181816,1.3908465121190468,0.5520506935524249,0.8,0.5,,,
P8b_cdnv_agreement,aptos2019,cp vs lora_s1ce,,,,,,,,False,,탐색적/exploratory,5,,,,,,,,,,,,,train_std,0.7551515151515151,2.6363319044201368,0.7923606917671433,0.8,0.5,,,
P8b_cdnv_agreement,aptos2019,frozen vs lora_s1ce,,,,,,,,False,,탐색적/exploratory,5,,,,,,,,,,,,,train_std,0.9515151515151514,1.4257050751415514,0.59970179908211,0.8,0.5,,,
P8b_cdnv_agreement,oral_diseases,cp vs frozen,,,,,,,,False,,탐색적/exploratory,15,,,,,,,,,,,,,raw,0.5886580086580087,1.3676485139050931,0.5756302281848344,0.8,0.5,,,
P8b_cdnv_agreement,oral_diseases,cp vs frozen,,,,,,,,False,,탐색적/exploratory,15,,,,,,,,,,,,,train_std,0.7697835497835498,0.9965939799080287,0.45632169628543245,0.8,0.5,,,
highlight_cdnv,aptos2019,cp,,"CDNV[moderate,severe]",,,,,,,,탐색적/exploratory,5,,,,,,,,,,,,,raw,,,,,,17.2882533994889,12.495801446391848,1.3835249762615962
highlight_cdnv,aptos2019,frozen,,"CDNV[moderate,severe]",,,,,,,,탐색적/exploratory,15,,,,,,,,,,,,,raw,,,,,,9.592586753852451,5.332415979437353,1.7989194374262993
highlight_cdnv,aptos2019,lora_s1ce,,"CDNV[moderate,severe]",,,,,,,,탐색적/exploratory,5,,,,,,,,,,,,,raw,,,,,,3.465250906753601,1.932354147331904,1.7932794107841166
highlight_cdnv,aptos2019,cp,,"CDNV[moderate,severe]",,,,,,,,탐색적/exploratory,5,,,,,,,,,,,,,train_std,,,,,,14.737826145636234,11.225036761164775,1.3129423501421968
highlight_cdnv,aptos2019,frozen,,"CDNV[moderate,severe]",,,,,,,,탐색적/exploratory,15,,,,,,,,,,,,,train_std,,,,,,9.675813657067986,5.351817406784174,1.807949136082734
highlight_cdnv,aptos2019,lora_s1ce,,"CDNV[moderate,severe]",,,,,,,,탐색적/exploratory,5,,,,,,,,,,,,,train_std,,,,,,4.116141826497021,2.282808971325076,1.8031039295012805
highlight_cdnv,oral_diseases,cp,,"mean CDNV[OLP, rest]",,,,,,,,탐색적/exploratory,15,,,,,,,,,,,,,raw,,,,,,3.7985722833458326,3.440097157515555,1.10420494230726
highlight_cdnv,oral_diseases,frozen,,"mean CDNV[OLP, rest]",,,,,,,,탐색적/exploratory,15,,,,,,,,,,,,,raw,,,,,,2.163914545714119,1.5906009324938808,1.3604383736411796
highlight_cdnv,oral_diseases,cp,,"mean CDNV[OLP, rest]",,,,,,,,탐색적/exploratory,15,,,,,,,,,,,,,train_std,,,,,,3.3306907460871806,3.024495005106813,1.101238633379576
highlight_cdnv,oral_diseases,frozen,,"mean CDNV[OLP, rest]",,,,,,,,탐색적/exploratory,15,,,,,,,,,,,,,train_std,,,,,,2.284083925445211,1.7322924250771665,1.318532536643439
