dataset,family,frontier_base,axis,recall_level,n_folds_valid,n_folds,bacc_mean,bacc_ci_lo,bacc_ci_hi,bacc_min,bacc_max,exploratory
oral_diseases,panderm,A0,tau,0.0,15,15,0.7558345455713877,0.7072026738789764,0.8044664172637991,0.6886837577627052,0.8212763114078904,탐색적/exploratory
oral_diseases,panderm,A0,tau,0.01,15,15,0.7558345455713877,0.7072026738789764,0.8044664172637991,0.6886837577627052,0.8212763114078904,탐색적/exploratory
oral_diseases,panderm,A0,tau,0.02,15,15,0.7558345455713877,0.7072026738789764,0.8044664172637991,0.6886837577627052,0.8212763114078904,탐색적/exploratory
oral_diseases,panderm,A0,tau,0.03,15,15,0.7558345455713877,0.7072026738789764,0.8044664172637991,0.6886837577627052,0.8212763114078904,탐색적/exploratory
oral_diseases,panderm,A0,tau,0.04,15,15,0.7558345455713877,0.7072026738789764,0.8044664172637991,0.6886837577627052,0.8212763114078904,탐색적/exploratory
oral_diseases,panderm,A0,tau,0.05,15,15,0.7558345455713877,0.7072026738789764,0.8044664172637991,0.6886837577627052,0.8212763114078904,탐색적/exploratory
oral_diseases,panderm,A0,tau,0.06,15,15,0.7558345455713877,0.7072026738789764,0.8044664172637991,0.6886837577627052,0.8212763114078904,탐색적/exploratory
oral_diseases,panderm,A0,tau,0.07,15,15,0.7558345455713877,0.7072026738789764,0.8044664172637991,0.6886837577627052,0.8212763114078904,탐색적/exploratory
oral_diseases,panderm,A0,tau,0.08,15,15,0.7558345455713877,0.7072026738789764,0.8044664172637991,0.6886837577627052,0.8212763114078904,탐색적/exploratory
oral_diseases,panderm,A0,tau,0.09,15,15,0.7558345455713877,0.7072026738789764,0.8044664172637991,0.6886837577627052,0.8212763114078904,탐색적/exploratory
oral_diseases,panderm,A0,tau,0.1,15,15,0.7558345455713877,0.7072026738789764,0.8044664172637991,0.6886837577627052,0.8212763114078904,탐색적/exploratory
oral_diseases,panderm,A0,tau,0.11,15,15,0.7558345455713877,0.7072026738789764,0.8044664172637991,0.6886837577627052,0.8212763114078904,탐색적/exploratory
oral_diseases,panderm,A0,tau,0.12,15,15,0.7558345455713877,0.7072026738789764,0.8044664172637991,0.6886837577627052,0.8212763114078904,탐색적/exploratory
oral_diseases,panderm,A0,tau,0.13,15,15,0.7558345455713877,0.7072026738789764,0.8044664172637991,0.6886837577627052,0.8212763114078904,탐색적/exploratory
oral_diseases,panderm,A0,tau,0.14,15,15,0.7558345455713877,0.7072026738789764,0.8044664172637991,0.6886837577627052,0.8212763114078904,탐색적/exploratory
oral_diseases,panderm,A0,tau,0.15,15,15,0.7558345455713877,0.7072026738789764,0.8044664172637991,0.6886837577627052,0.8212763114078904,탐색적/exploratory
oral_diseases,panderm,A0,tau,0.16,15,15,0.7558345455713877,0.7072026738789764,0.8044664172637991,0.6886837577627052,0.8212763114078904,탐색적/exploratory
oral_diseases,panderm,A0,tau,0.17,15,15,0.7558345455713877,0.7072026738789764,0.8044664172637991,0.6886837577627052,0.8212763114078904,탐색적/exploratory
oral_diseases,panderm,A0,tau,0.18,15,15,0.7558345455713877,0.7072026738789764,0.8044664172637991,0.6886837577627052,0.8212763114078904,탐색적/exploratory
oral_diseases,panderm,A0,tau,0.19,15,15,0.7558345455713877,0.7072026738789764,0.8044664172637991,0.6886837577627052,0.8212763114078904,탐색적/exploratory
oral_diseases,panderm,A0,tau,0.2,15,15,0.7558345455713877,0.7072026738789764,0.8044664172637991,0.6886837577627052,0.8212763114078904,탐색적/exploratory
oral_diseases,panderm,A0,tau,0.21,15,15,0.7558345455713877,0.7072026738789764,0.8044664172637991,0.6886837577627052,0.8212763114078904,탐색적/exploratory
oral_diseases,panderm,A0,tau,0.22,15,15,0.7558345455713877,0.7072026738789764,0.8044664172637991,0.6886837577627052,0.8212763114078904,탐색적/exploratory
oral_diseases,panderm,A0,tau,0.23,15,15,0.7558345455713877,0.7072026738789764,0.8044664172637991,0.6886837577627052,0.8212763114078904,탐색적/exploratory
oral_diseases,panderm,A0,tau,0.24,15,15,0.7558345455713877,0.7072026738789764,0.8044664172637991,0.6886837577627052,0.8212763114078904,탐색적/exploratory
oral_diseases,panderm,A0,tau,0.25,15,15,0.7558345455713877,0.7072026738789764,0.8044664172637991,0.6886837577627052,0.8212763114078904,탐색적/exploratory
oral_diseases,panderm,A0,tau,0.26,15,15,0.7558345455713877,0.7072026738789764,0.8044664172637991,0.6886837577627052,0.8212763114078904,탐색적/exploratory
oral_diseases,panderm,A0,tau,0.27,15,15,0.7558345455713877,0.7072026738789764,0.8044664172637991,0.6886837577627052,0.8212763114078904,탐색적/exploratory
oral_diseases,panderm,A0,tau,0.28,15,15,0.7558345455713877,0.7072026738789764,0.8044664172637991,0.6886837577627052,0.8212763114078904,탐색적/exploratory
oral_diseases,panderm,A0,tau,0.29,15,15,0.7558345455713877,0.7072026738789764,0.8044664172637991,0.6886837577627052,0.8212763114078904,탐색적/exploratory
oral_diseases,panderm,A0,tau,0.3,15,15,0.7558345455713877,0.7072026738789764,0.8044664172637991,0.6886837577627052,0.8212763114078904,탐색적/exploratory
oral_diseases,panderm,A0,tau,0.31,15,15,0.7558345455713877,0.7072026738789764,0.8044664172637991,0.6886837577627052,0.8212763114078904,탐색적/exploratory
oral_diseases,panderm,A0,tau,0.32,15,15,0.7558345455713877,0.7072026738789764,0.8044664172637991,0.6886837577627052,0.8212763114078904,탐색적/exploratory
oral_diseases,panderm,A0,tau,0.33,15,15,0.7558345455713877,0.7072026738789764,0.8044664172637991,0.6886837577627052,0.8212763114078904,탐색적/exploratory
oral_diseases,panderm,A0,tau,0.34,15,15,0.7558345455713877,0.7072026738789764,0.8044664172637991,0.6886837577627052,0.8212763114078904,탐색적/exploratory
oral_diseases,panderm,A0,tau,0.35,15,15,0.7558345455713877,0.7072026738789764,0.8044664172637991,0.6886837577627052,0.8212763114078904,탐색적/exploratory
oral_diseases,panderm,A0,tau,0.36,15,15,0.7558345455713877,0.7072026738789764,0.8044664172637991,0.6886837577627052,0.8212763114078904,탐색적/exploratory
oral_diseases,panderm,A0,tau,0.37,15,15,0.7558345455713877,0.7072026738789764,0.8044664172637991,0.6886837577627052,0.8212763114078904,탐색적/exploratory
oral_diseases,panderm,A0,tau,0.38,15,15,0.7558345455713877,0.7072026738789764,0.8044664172637991,0.6886837577627052,0.8212763114078904,탐색적/exploratory
oral_diseases,panderm,A0,tau,0.39,15,15,0.7558345455713877,0.7072026738789764,0.8044664172637991,0.6886837577627052,0.8212763114078904,탐색적/exploratory
oral_diseases,panderm,A0,tau,0.4,15,15,0.7558345455713877,0.7072026738789764,0.8044664172637991,0.6886837577627052,0.8212763114078904,탐색적/exploratory
oral_diseases,panderm,A0,tau,0.41,15,15,0.7558345455713877,0.7072026738789764,0.8044664172637991,0.6886837577627052,0.8212763114078904,탐색적/exploratory
oral_diseases,panderm,A0,tau,0.42,15,15,0.7558345455713877,0.7072026738789764,0.8044664172637991,0.6886837577627052,0.8212763114078904,탐색적/exploratory
oral_diseases,panderm,A0,tau,0.43,15,15,0.7558345455713877,0.7072026738789764,0.8044664172637991,0.6886837577627052,0.8212763114078904,탐색적/exploratory
oral_diseases,panderm,A0,tau,0.44,15,15,0.7558345455713877,0.7072026738789764,0.8044664172637991,0.6886837577627052,0.8212763114078904,탐색적/exploratory
oral_diseases,panderm,A0,tau,0.45,15,15,0.7558345455713877,0.7072026738789764,0.8044664172637991,0.6886837577627052,0.8212763114078904,탐색적/exploratory
oral_diseases,panderm,A0,tau,0.46,15,15,0.7558345455713877,0.7072026738789764,0.8044664172637991,0.6886837577627052,0.8212763114078904,탐색적/exploratory
oral_diseases,panderm,A0,tau,0.47,15,15,0.7558345455713877,0.7072026738789764,0.8044664172637991,0.6886837577627052,0.8212763114078904,탐색적/exploratory
oral_diseases,panderm,A0,tau,0.48,14,15,0.7523815052950392,0.7040696002325351,0.8006934103575434,0.6886837577627052,0.8212763114078904,탐색적/exploratory
oral_diseases,panderm,A0,tau,0.49,14,15,0.7523815052950392,0.7040696002325351,0.8006934103575434,0.6886837577627052,0.8212763114078904,탐색적/exploratory
oral_diseases,panderm,A0,tau,0.5,14,15,0.7523815052950392,0.7040696002325351,0.8006934103575434,0.6886837577627052,0.8212763114078904,탐색적/exploratory
oral_diseases,panderm,A0,tau,0.51,14,15,0.7523815052950392,0.7040696002325351,0.8006934103575434,0.6886837577627052,0.8212763114078904,탐색적/exploratory
oral_diseases,panderm,A0,tau,0.52,14,15,0.7523815052950392,0.7040696002325351,0.8006934103575434,0.6886837577627052,0.8212763114078904,탐색적/exploratory
oral_diseases,panderm,A0,tau,0.53,12,15,0.759440401216717,0.7113437172553813,0.8075370851780527,0.6886837577627052,0.8212763114078904,탐색적/exploratory
oral_diseases,panderm,A0,tau,0.54,12,15,0.759440401216717,0.7113437172553813,0.8075370851780527,0.6886837577627052,0.8212763114078904,탐색적/exploratory
oral_diseases,panderm,A0,tau,0.55,12,15,0.759440401216717,0.7113437172553813,0.8075370851780527,0.6886837577627052,0.8212763114078904,탐색적/exploratory
oral_diseases,panderm,A0,tau,0.56,11,15,0.7548954368332358,0.7079318732838141,0.8018590003826574,0.6886837577627052,0.8212763114078904,탐색적/exploratory
oral_diseases,panderm,A0,tau,0.57,11,15,0.7548954368332358,0.7079318732838141,0.8018590003826574,0.6886837577627052,0.8212763114078904,탐색적/exploratory
oral_diseases,panderm,A0,tau,0.58,11,15,0.7548954368332358,0.7079318732838141,0.8018590003826574,0.6886837577627052,0.8212763114078904,탐색적/exploratory
oral_diseases,panderm,A0,tau,0.59,11,15,0.7548954368332358,0.7079318732838141,0.8018590003826574,0.6886837577627052,0.8212763114078904,탐색적/exploratory
oral_diseases,panderm,A0,tau,0.6,11,15,0.7548954368332358,0.7079318732838141,0.8018590003826574,0.6886837577627052,0.8212763114078904,탐색적/exploratory
oral_diseases,panderm,A0,tau,0.61,11,15,0.7548954368332358,0.7079318732838141,0.8018590003826574,0.6886837577627052,0.8212763114078904,탐색적/exploratory
oral_diseases,panderm,A0,tau,0.62,11,15,0.7546179365557356,0.7073267383480465,0.8019091347634247,0.6886837577627052,0.8212763114078904,탐색적/exploratory
oral_diseases,panderm,A0,tau,0.63,11,15,0.7546179365557356,0.7073267383480465,0.8019091347634247,0.6886837577627052,0.8212763114078904,탐색적/exploratory
oral_diseases,panderm,A0,tau,0.64,8,15,0.7525581235285183,0.6960764237421287,0.8090398233149078,0.6886837577627052,0.8212763114078904,탐색적/exploratory
oral_diseases,panderm,A0,tau,0.65,8,15,0.7525581235285183,0.6960764237421287,0.8090398233149078,0.6886837577627052,0.8212763114078904,탐색적/exploratory
oral_diseases,panderm,A0,tau,0.66,8,15,0.7525581235285183,0.6960764237421287,0.8090398233149078,0.6886837577627052,0.8212763114078904,탐색적/exploratory
oral_diseases,panderm,A0,tau,0.67,6,15,0.7564411344016607,0.6834648744332905,0.8294173943700309,0.6886837577627052,0.8212763114078904,탐색적/exploratory
oral_diseases,panderm,A0,tau,0.68,6,15,0.7564411344016607,0.6834648744332905,0.8294173943700309,0.6886837577627052,0.8212763114078904,탐색적/exploratory
oral_diseases,panderm,A0,tau,0.69,4,15,0.7633824143692565,0.6396171925965378,0.8871476361419751,0.6886837577627052,0.8212763114078904,탐색적/exploratory
oral_diseases,panderm,A0,tau,0.7,4,15,0.7633824143692565,0.6396171925965378,0.8871476361419751,0.6886837577627052,0.8212763114078904,탐색적/exploratory
oral_diseases,panderm,A0,tau,0.71,4,15,0.7633824143692565,0.6396171925965378,0.8871476361419751,0.6886837577627052,0.8212763114078904,탐색적/exploratory
oral_diseases,panderm,A0,tau,0.72,4,15,0.7633824143692565,0.6396171925965378,0.8871476361419751,0.6886837577627052,0.8212763114078904,탐색적/exploratory
oral_diseases,panderm,A0,tau,0.73,4,15,0.7633824143692565,0.6396171925965378,0.8871476361419751,0.6886837577627052,0.8212763114078904,탐색적/exploratory
oral_diseases,panderm,A0,tau,0.74,4,15,0.758671116894801,0.6469894774222817,0.8703527563673203,0.6886837577627052,0.8059013355065987,탐색적/exploratory
oral_diseases,panderm,A0,tau,0.75,4,15,0.758671116894801,0.6469894774222817,0.8703527563673203,0.6886837577627052,0.8059013355065987,탐색적/exploratory
oral_diseases,panderm,A0,tau,0.76,4,15,0.758671116894801,0.6469894774222817,0.8703527563673203,0.6886837577627052,0.8059013355065987,탐색적/exploratory
oral_diseases,panderm,A0,tau,0.77,4,15,0.758671116894801,0.6469894774222817,0.8703527563673203,0.6886837577627052,0.8059013355065987,탐색적/exploratory
oral_diseases,panderm,A0,tau,0.78,4,15,0.758671116894801,0.6469894774222817,0.8703527563673203,0.6886837577627052,0.8059013355065987,탐색적/exploratory
oral_diseases,panderm,A0,tau,0.79,1,15,0.6886837577627052,,,0.6886837577627052,0.6886837577627052,탐색적/exploratory
oral_diseases,panderm,A0,tau,0.8,1,15,0.6886837577627052,,,0.6886837577627052,0.6886837577627052,탐색적/exploratory
oral_diseases,panderm,A0,tau,0.81,1,15,0.6886837577627052,,,0.6886837577627052,0.6886837577627052,탐색적/exploratory
oral_diseases,panderm,A0,tau,0.82,1,15,0.6886837577627052,,,0.6886837577627052,0.6886837577627052,탐색적/exploratory
oral_diseases,panderm,A0,tau,0.83,1,15,0.6886837577627052,,,0.6886837577627052,0.6886837577627052,탐색적/exploratory
oral_diseases,panderm,A0,tau,0.84,1,15,0.6886837577627052,,,0.6886837577627052,0.6886837577627052,탐색적/exploratory
oral_diseases,panderm,A0,tau,0.85,0,15,,,,,,탐색적/exploratory
oral_diseases,panderm,A0,tau,0.86,0,15,,,,,,탐색적/exploratory
oral_diseases,panderm,A0,tau,0.87,0,15,,,,,,탐색적/exploratory
oral_diseases,panderm,A0,tau,0.88,0,15,,,,,,탐색적/exploratory
oral_diseases,panderm,A0,tau,0.89,0,15,,,,,,탐색적/exploratory
oral_diseases,panderm,A0,tau,0.9,0,15,,,,,,탐색적/exploratory
oral_diseases,panderm,A0,tau,0.91,0,15,,,,,,탐색적/exploratory
oral_diseases,panderm,A0,tau,0.92,0,15,,,,,,탐색적/exploratory
oral_diseases,panderm,A0,tau,0.93,0,15,,,,,,탐색적/exploratory
oral_diseases,panderm,A0,tau,0.94,0,15,,,,,,탐색적/exploratory
oral_diseases,panderm,A0,tau,0.95,0,15,,,,,,탐색적/exploratory
oral_diseases,panderm,A0,tau,0.96,0,15,,,,,,탐색적/exploratory
oral_diseases,panderm,A0,tau,0.97,0,15,,,,,,탐색적/exploratory
oral_diseases,panderm,A0,tau,0.98,0,15,,,,,,탐색적/exploratory
oral_diseases,panderm,A0,tau,0.99,0,15,,,,,,탐색적/exploratory
oral_diseases,panderm,A0,tau,1.0,0,15,,,,,,탐색적/exploratory
oral_diseases,panderm,A0,offset,0.0,15,15,0.7626197924882135,0.7186490802544414,0.8065905047219857,0.6851627173995596,0.8173715173715174,탐색적/exploratory
oral_diseases,panderm,A0,offset,0.01,15,15,0.7626197924882135,0.7186490802544414,0.8065905047219857,0.6851627173995596,0.8173715173715174,탐색적/exploratory
oral_diseases,panderm,A0,offset,0.02,15,15,0.7626197924882135,0.7186490802544414,0.8065905047219857,0.6851627173995596,0.8173715173715174,탐색적/exploratory
oral_diseases,panderm,A0,offset,0.03,15,15,0.7626197924882135,0.7186490802544414,0.8065905047219857,0.6851627173995596,0.8173715173715174,탐색적/exploratory
oral_diseases,panderm,A0,offset,0.04,15,15,0.7626197924882135,0.7186490802544414,0.8065905047219857,0.6851627173995596,0.8173715173715174,탐색적/exploratory
oral_diseases,panderm,A0,offset,0.05,15,15,0.7626197924882135,0.7186490802544414,0.8065905047219857,0.6851627173995596,0.8173715173715174,탐색적/exploratory
oral_diseases,panderm,A0,offset,0.06,15,15,0.7626197924882135,0.7186490802544414,0.8065905047219857,0.6851627173995596,0.8173715173715174,탐색적/exploratory
oral_diseases,panderm,A0,offset,0.07,15,15,0.7626197924882135,0.7186490802544414,0.8065905047219857,0.6851627173995596,0.8173715173715174,탐색적/exploratory
oral_diseases,panderm,A0,offset,0.08,15,15,0.7626197924882135,0.7186490802544414,0.8065905047219857,0.6851627173995596,0.8173715173715174,탐색적/exploratory
oral_diseases,panderm,A0,offset,0.09,15,15,0.7626197924882135,0.7186490802544414,0.8065905047219857,0.6851627173995596,0.8173715173715174,탐색적/exploratory
oral_diseases,panderm,A0,offset,0.1,15,15,0.7626197924882135,0.7186490802544414,0.8065905047219857,0.6851627173995596,0.8173715173715174,탐색적/exploratory
oral_diseases,panderm,A0,offset,0.11,15,15,0.7626197924882135,0.7186490802544414,0.8065905047219857,0.6851627173995596,0.8173715173715174,탐색적/exploratory
oral_diseases,panderm,A0,offset,0.12,15,15,0.7626197924882135,0.7186490802544414,0.8065905047219857,0.6851627173995596,0.8173715173715174,탐색적/exploratory
oral_diseases,panderm,A0,offset,0.13,15,15,0.7626197924882135,0.7186490802544414,0.8065905047219857,0.6851627173995596,0.8173715173715174,탐색적/exploratory
oral_diseases,panderm,A0,offset,0.14,15,15,0.7626197924882135,0.7186490802544414,0.8065905047219857,0.6851627173995596,0.8173715173715174,탐색적/exploratory
oral_diseases,panderm,A0,offset,0.15,15,15,0.7626197924882135,0.7186490802544414,0.8065905047219857,0.6851627173995596,0.8173715173715174,탐색적/exploratory
oral_diseases,panderm,A0,offset,0.16,15,15,0.7626197924882135,0.7186490802544414,0.8065905047219857,0.6851627173995596,0.8173715173715174,탐색적/exploratory
oral_diseases,panderm,A0,offset,0.17,15,15,0.7626197924882135,0.7186490802544414,0.8065905047219857,0.6851627173995596,0.8173715173715174,탐색적/exploratory
oral_diseases,panderm,A0,offset,0.18,15,15,0.7626197924882135,0.7186490802544414,0.8065905047219857,0.6851627173995596,0.8173715173715174,탐색적/exploratory
oral_diseases,panderm,A0,offset,0.19,15,15,0.7626197924882135,0.7186490802544414,0.8065905047219857,0.6851627173995596,0.8173715173715174,탐색적/exploratory
oral_diseases,panderm,A0,offset,0.2,15,15,0.7626197924882135,0.7186490802544414,0.8065905047219857,0.6851627173995596,0.8173715173715174,탐색적/exploratory
oral_diseases,panderm,A0,offset,0.21,15,15,0.7626197924882135,0.7186490802544414,0.8065905047219857,0.6851627173995596,0.8173715173715174,탐색적/exploratory
oral_diseases,panderm,A0,offset,0.22,15,15,0.7626197924882135,0.7186490802544414,0.8065905047219857,0.6851627173995596,0.8173715173715174,탐색적/exploratory
oral_diseases,panderm,A0,offset,0.23,15,15,0.7626197924882135,0.7186490802544414,0.8065905047219857,0.6851627173995596,0.8173715173715174,탐색적/exploratory
oral_diseases,panderm,A0,offset,0.24,15,15,0.7626197924882135,0.7186490802544414,0.8065905047219857,0.6851627173995596,0.8173715173715174,탐색적/exploratory
oral_diseases,panderm,A0,offset,0.25,15,15,0.7626197924882135,0.7186490802544414,0.8065905047219857,0.6851627173995596,0.8173715173715174,탐색적/exploratory
oral_diseases,panderm,A0,offset,0.26,15,15,0.7626197924882135,0.7186490802544414,0.8065905047219857,0.6851627173995596,0.8173715173715174,탐색적/exploratory
oral_diseases,panderm,A0,offset,0.27,15,15,0.7626197924882135,0.7186490802544414,0.8065905047219857,0.6851627173995596,0.8173715173715174,탐색적/exploratory
oral_diseases,panderm,A0,offset,0.28,15,15,0.7626197924882135,0.7186490802544414,0.8065905047219857,0.6851627173995596,0.8173715173715174,탐색적/exploratory
oral_diseases,panderm,A0,offset,0.29,15,15,0.7626197924882135,0.7186490802544414,0.8065905047219857,0.6851627173995596,0.8173715173715174,탐색적/exploratory
oral_diseases,panderm,A0,offset,0.3,15,15,0.7626197924882135,0.7186490802544414,0.8065905047219857,0.6851627173995596,0.8173715173715174,탐색적/exploratory
oral_diseases,panderm,A0,offset,0.31,15,15,0.7626197924882135,0.7186490802544414,0.8065905047219857,0.6851627173995596,0.8173715173715174,탐색적/exploratory
oral_diseases,panderm,A0,offset,0.32,15,15,0.7626197924882135,0.7186490802544414,0.8065905047219857,0.6851627173995596,0.8173715173715174,탐색적/exploratory
oral_diseases,panderm,A0,offset,0.33,15,15,0.7626197924882135,0.7186490802544414,0.8065905047219857,0.6851627173995596,0.8173715173715174,탐색적/exploratory
oral_diseases,panderm,A0,offset,0.34,15,15,0.7626197924882135,0.7186490802544414,0.8065905047219857,0.6851627173995596,0.8173715173715174,탐색적/exploratory
oral_diseases,panderm,A0,offset,0.35,15,15,0.7626197924882135,0.7186490802544414,0.8065905047219857,0.6851627173995596,0.8173715173715174,탐색적/exploratory
oral_diseases,panderm,A0,offset,0.36,15,15,0.7626197924882135,0.7186490802544414,0.8065905047219857,0.6851627173995596,0.8173715173715174,탐색적/exploratory
oral_diseases,panderm,A0,offset,0.37,15,15,0.7626197924882135,0.7186490802544414,0.8065905047219857,0.6851627173995596,0.8173715173715174,탐색적/exploratory
oral_diseases,panderm,A0,offset,0.38,15,15,0.7626197924882135,0.7186490802544414,0.8065905047219857,0.6851627173995596,0.8173715173715174,탐색적/exploratory
oral_diseases,panderm,A0,offset,0.39,15,15,0.7626197924882135,0.7186490802544414,0.8065905047219857,0.6851627173995596,0.8173715173715174,탐색적/exploratory
oral_diseases,panderm,A0,offset,0.4,15,15,0.7626197924882135,0.7186490802544414,0.8065905047219857,0.6851627173995596,0.8173715173715174,탐색적/exploratory
oral_diseases,panderm,A0,offset,0.41,15,15,0.7626197924882135,0.7186490802544414,0.8065905047219857,0.6851627173995596,0.8173715173715174,탐색적/exploratory
oral_diseases,panderm,A0,offset,0.42,15,15,0.7626197924882135,0.7186490802544414,0.8065905047219857,0.6851627173995596,0.8173715173715174,탐색적/exploratory
oral_diseases,panderm,A0,offset,0.43,15,15,0.7626197924882135,0.7186490802544414,0.8065905047219857,0.6851627173995596,0.8173715173715174,탐색적/exploratory
oral_diseases,panderm,A0,offset,0.44,15,15,0.7626197924882135,0.7186490802544414,0.8065905047219857,0.6851627173995596,0.8173715173715174,탐색적/exploratory
oral_diseases,panderm,A0,offset,0.45,15,15,0.7626197924882135,0.7186490802544414,0.8065905047219857,0.6851627173995596,0.8173715173715174,탐색적/exploratory
oral_diseases,panderm,A0,offset,0.46,15,15,0.7626197924882135,0.7186490802544414,0.8065905047219857,0.6851627173995596,0.8173715173715174,탐색적/exploratory
oral_diseases,panderm,A0,offset,0.47,15,15,0.7626197924882135,0.7186490802544414,0.8065905047219857,0.6851627173995596,0.8173715173715174,탐색적/exploratory
oral_diseases,panderm,A0,offset,0.48,15,15,0.7584459741038689,0.7146249015504761,0.8022670466572618,0.6851627173995596,0.8173715173715174,탐색적/exploratory
oral_diseases,panderm,A0,offset,0.49,15,15,0.7584459741038689,0.7146249015504761,0.8022670466572618,0.6851627173995596,0.8173715173715174,탐색적/exploratory
oral_diseases,panderm,A0,offset,0.5,15,15,0.7584459741038689,0.7146249015504761,0.8022670466572618,0.6851627173995596,0.8173715173715174,탐색적/exploratory
oral_diseases,panderm,A0,offset,0.51,15,15,0.7584459741038689,0.7146249015504761,0.8022670466572618,0.6851627173995596,0.8173715173715174,탐색적/exploratory
oral_diseases,panderm,A0,offset,0.52,15,15,0.7584459741038689,0.7146249015504761,0.8022670466572618,0.6851627173995596,0.8173715173715174,탐색적/exploratory
oral_diseases,panderm,A0,offset,0.53,15,15,0.7563848383585227,0.7105762976604802,0.8021933790565651,0.6834918736234527,0.8173715173715174,탐색적/exploratory
oral_diseases,panderm,A0,offset,0.54,15,15,0.7563848383585227,0.7105762976604802,0.8021933790565651,0.6834918736234527,0.8173715173715174,탐색적/exploratory
oral_diseases,panderm,A0,offset,0.55,15,15,0.7563848383585227,0.7105762976604802,0.8021933790565651,0.6834918736234527,0.8173715173715174,탐색적/exploratory
oral_diseases,panderm,A0,offset,0.56,15,15,0.7559778379515223,0.7109827136353037,0.8009729622677408,0.6834918736234527,0.8112665112665113,탐색적/exploratory
oral_diseases,panderm,A0,offset,0.57,15,15,0.7559778379515223,0.7109827136353037,0.8009729622677408,0.6834918736234527,0.8112665112665113,탐색적/exploratory
oral_diseases,panderm,A0,offset,0.58,15,15,0.755156339761603,0.7093790672101816,0.8009336123130244,0.6834918736234527,0.8112665112665113,탐색적/exploratory
oral_diseases,panderm,A0,offset,0.59,15,15,0.755156339761603,0.7093790672101816,0.8009336123130244,0.6834918736234527,0.8112665112665113,탐색적/exploratory
oral_diseases,panderm,A0,offset,0.6,15,15,0.755156339761603,0.7093790672101816,0.8009336123130244,0.6834918736234527,0.8112665112665113,탐색적/exploratory
oral_diseases,panderm,A0,offset,0.61,15,15,0.755156339761603,0.7093790672101816,0.8009336123130244,0.6834918736234527,0.8112665112665113,탐색적/exploratory
oral_diseases,panderm,A0,offset,0.62,15,15,0.7527195173247806,0.7072385256533021,0.798200508996259,0.6834918736234527,0.8112665112665113,탐색적/exploratory
oral_diseases,panderm,A0,offset,0.63,15,15,0.7527195173247806,0.7072385256533021,0.798200508996259,0.6834918736234527,0.8112665112665113,탐색적/exploratory
oral_diseases,panderm,A0,offset,0.64,15,15,0.751528383896805,0.7050130178637414,0.7980437499298686,0.6834918736234527,0.8112665112665113,탐색적/exploratory
oral_diseases,panderm,A0,offset,0.65,15,15,0.751528383896805,0.7050130178637414,0.7980437499298686,0.6834918736234527,0.8112665112665113,탐색적/exploratory
oral_diseases,panderm,A0,offset,0.66,15,15,0.751528383896805,0.7050130178637414,0.7980437499298686,0.6834918736234527,0.8112665112665113,탐색적/exploratory
oral_diseases,panderm,A0,offset,0.67,15,15,0.751528383896805,0.7050130178637414,0.7980437499298686,0.6834918736234527,0.8112665112665113,탐색적/exploratory
oral_diseases,panderm,A0,offset,0.68,15,15,0.751528383896805,0.7050130178637414,0.7980437499298686,0.6834918736234527,0.8112665112665113,탐색적/exploratory
oral_diseases,panderm,A0,offset,0.69,15,15,0.7424739685266001,0.6934063288585955,0.7915416081946046,0.6834918736234527,0.8112665112665113,탐색적/exploratory
oral_diseases,panderm,A0,offset,0.7,15,15,0.7424739685266001,0.6934063288585955,0.7915416081946046,0.6834918736234527,0.8112665112665113,탐색적/exploratory
oral_diseases,panderm,A0,offset,0.71,15,15,0.7424739685266001,0.6934063288585955,0.7915416081946046,0.6834918736234527,0.8112665112665113,탐색적/exploratory
oral_diseases,panderm,A0,offset,0.72,15,15,0.7424739685266001,0.6934063288585955,0.7915416081946046,0.6834918736234527,0.8112665112665113,탐색적/exploratory
oral_diseases,panderm,A0,offset,0.73,15,15,0.741537867590499,0.6943598446916595,0.7887158904893385,0.6834918736234527,0.8059013355065987,탐색적/exploratory
oral_diseases,panderm,A0,offset,0.74,15,15,0.7341960184065447,0.6737828176597386,0.7946092191533508,0.6143512189564821,0.8059013355065987,탐색적/exploratory
oral_diseases,panderm,A0,offset,0.75,15,15,0.7341960184065447,0.6737828176597386,0.7946092191533508,0.6143512189564821,0.8059013355065987,탐색적/exploratory
oral_diseases,panderm,A0,offset,0.76,15,15,0.7341960184065447,0.6737828176597386,0.7946092191533508,0.6143512189564821,0.8059013355065987,탐색적/exploratory
oral_diseases,panderm,A0,offset,0.77,15,15,0.7341960184065447,0.6737828176597386,0.7946092191533508,0.6143512189564821,0.8059013355065987,탐색적/exploratory
oral_diseases,panderm,A0,offset,0.78,15,15,0.7293060935166199,0.6698686986009252,0.7887434884323146,0.6143512189564821,0.8059013355065987,탐색적/exploratory
oral_diseases,panderm,A0,offset,0.79,15,15,0.7050173754121122,0.6367367927353534,0.7732979580888709,0.5921108861898335,0.7744590935380409,탐색적/exploratory
oral_diseases,panderm,A0,offset,0.8,15,15,0.7050173754121122,0.6367367927353534,0.7732979580888709,0.5921108861898335,0.7744590935380409,탐색적/exploratory
oral_diseases,panderm,A0,offset,0.81,15,15,0.7050173754121122,0.6367367927353534,0.7732979580888709,0.5921108861898335,0.7744590935380409,탐색적/exploratory
oral_diseases,panderm,A0,offset,0.82,15,15,0.7050173754121122,0.6367367927353534,0.7732979580888709,0.5921108861898335,0.7744590935380409,탐색적/exploratory
oral_diseases,panderm,A0,offset,0.83,15,15,0.7050173754121122,0.6367367927353534,0.7732979580888709,0.5921108861898335,0.7744590935380409,탐색적/exploratory
oral_diseases,panderm,A0,offset,0.84,15,15,0.6945952049899418,0.6154665033769653,0.7737239066029182,0.5637140637140636,0.7744590935380409,탐색적/exploratory
oral_diseases,panderm,A0,offset,0.85,15,15,0.673518172860278,0.5903678122497542,0.7566685334708019,0.5409453119979436,0.7576201576201574,탐색적/exploratory
oral_diseases,panderm,A0,offset,0.86,15,15,0.673518172860278,0.5903678122497542,0.7566685334708019,0.5409453119979436,0.7576201576201574,탐색적/exploratory
oral_diseases,panderm,A0,offset,0.87,15,15,0.673518172860278,0.5903678122497542,0.7566685334708019,0.5409453119979436,0.7576201576201574,탐색적/exploratory
oral_diseases,panderm,A0,offset,0.88,15,15,0.673518172860278,0.5903678122497542,0.7566685334708019,0.5409453119979436,0.7576201576201574,탐색적/exploratory
oral_diseases,panderm,A0,offset,0.89,15,15,0.6483714677135729,0.5508831122956683,0.7458598231314775,0.45987345987345984,0.7342825303351619,탐색적/exploratory
oral_diseases,panderm,A0,offset,0.9,15,15,0.6034523420049738,0.4999642025772032,0.7069404814327443,0.45987345987345984,0.7251041356304514,탐색적/exploratory
oral_diseases,panderm,A0,offset,0.91,15,15,0.6034523420049738,0.4999642025772032,0.7069404814327443,0.45987345987345984,0.7251041356304514,탐색적/exploratory
oral_diseases,panderm,A0,offset,0.92,15,15,0.6034523420049738,0.4999642025772032,0.7069404814327443,0.45987345987345984,0.7251041356304514,탐색적/exploratory
oral_diseases,panderm,A0,offset,0.93,15,15,0.6034523420049738,0.4999642025772032,0.7069404814327443,0.45987345987345984,0.7251041356304514,탐색적/exploratory
oral_diseases,panderm,A0,offset,0.94,15,15,0.6034523420049738,0.4999642025772032,0.7069404814327443,0.45987345987345984,0.7251041356304514,탐색적/exploratory
oral_diseases,panderm,A0,offset,0.95,15,15,0.5136077811077812,0.4435867643347422,0.5836287978808201,0.4319444444444444,0.6248126873126872,탐색적/exploratory
oral_diseases,panderm,A0,offset,0.96,15,15,0.5136077811077812,0.4435867643347422,0.5836287978808201,0.4319444444444444,0.6248126873126872,탐색적/exploratory
oral_diseases,panderm,A0,offset,0.97,15,15,0.5136077811077812,0.4435867643347422,0.5836287978808201,0.4319444444444444,0.6248126873126872,탐색적/exploratory
oral_diseases,panderm,A0,offset,0.98,15,15,0.5136077811077812,0.4435867643347422,0.5836287978808201,0.4319444444444444,0.6248126873126872,탐색적/exploratory
oral_diseases,panderm,A0,offset,0.99,15,15,0.5136077811077812,0.4435867643347422,0.5836287978808201,0.4319444444444444,0.6248126873126872,탐색적/exploratory
oral_diseases,panderm,A0,offset,1.0,15,15,0.5136077811077812,0.4435867643347422,0.5836287978808201,0.4319444444444444,0.6248126873126872,탐색적/exploratory
oral_diseases,panderm,A0,union,0.0,15,15,0.7673671893408737,0.7225815743706329,0.8121528043111145,0.6886837577627052,0.8212763114078904,탐색적/exploratory
oral_diseases,panderm,A0,union,0.01,15,15,0.7673671893408737,0.7225815743706329,0.8121528043111145,0.6886837577627052,0.8212763114078904,탐색적/exploratory
oral_diseases,panderm,A0,union,0.02,15,15,0.7673671893408737,0.7225815743706329,0.8121528043111145,0.6886837577627052,0.8212763114078904,탐색적/exploratory
oral_diseases,panderm,A0,union,0.03,15,15,0.7673671893408737,0.7225815743706329,0.8121528043111145,0.6886837577627052,0.8212763114078904,탐색적/exploratory
oral_diseases,panderm,A0,union,0.04,15,15,0.7673671893408737,0.7225815743706329,0.8121528043111145,0.6886837577627052,0.8212763114078904,탐색적/exploratory
oral_diseases,panderm,A0,union,0.05,15,15,0.7673671893408737,0.7225815743706329,0.8121528043111145,0.6886837577627052,0.8212763114078904,탐색적/exploratory
oral_diseases,panderm,A0,union,0.06,15,15,0.7673671893408737,0.7225815743706329,0.8121528043111145,0.6886837577627052,0.8212763114078904,탐색적/exploratory
oral_diseases,panderm,A0,union,0.07,15,15,0.7673671893408737,0.7225815743706329,0.8121528043111145,0.6886837577627052,0.8212763114078904,탐색적/exploratory
oral_diseases,panderm,A0,union,0.08,15,15,0.7673671893408737,0.7225815743706329,0.8121528043111145,0.6886837577627052,0.8212763114078904,탐색적/exploratory
oral_diseases,panderm,A0,union,0.09,15,15,0.7673671893408737,0.7225815743706329,0.8121528043111145,0.6886837577627052,0.8212763114078904,탐색적/exploratory
oral_diseases,panderm,A0,union,0.1,15,15,0.7673671893408737,0.7225815743706329,0.8121528043111145,0.6886837577627052,0.8212763114078904,탐색적/exploratory
oral_diseases,panderm,A0,union,0.11,15,15,0.7673671893408737,0.7225815743706329,0.8121528043111145,0.6886837577627052,0.8212763114078904,탐색적/exploratory
oral_diseases,panderm,A0,union,0.12,15,15,0.7673671893408737,0.7225815743706329,0.8121528043111145,0.6886837577627052,0.8212763114078904,탐색적/exploratory
oral_diseases,panderm,A0,union,0.13,15,15,0.7673671893408737,0.7225815743706329,0.8121528043111145,0.6886837577627052,0.8212763114078904,탐색적/exploratory
oral_diseases,panderm,A0,union,0.14,15,15,0.7673671893408737,0.7225815743706329,0.8121528043111145,0.6886837577627052,0.8212763114078904,탐색적/exploratory
oral_diseases,panderm,A0,union,0.15,15,15,0.7673671893408737,0.7225815743706329,0.8121528043111145,0.6886837577627052,0.8212763114078904,탐색적/exploratory
oral_diseases,panderm,A0,union,0.16,15,15,0.7673671893408737,0.7225815743706329,0.8121528043111145,0.6886837577627052,0.8212763114078904,탐색적/exploratory
oral_diseases,panderm,A0,union,0.17,15,15,0.7673671893408737,0.7225815743706329,0.8121528043111145,0.6886837577627052,0.8212763114078904,탐색적/exploratory
oral_diseases,panderm,A0,union,0.18,15,15,0.7673671893408737,0.7225815743706329,0.8121528043111145,0.6886837577627052,0.8212763114078904,탐색적/exploratory
oral_diseases,panderm,A0,union,0.19,15,15,0.7673671893408737,0.7225815743706329,0.8121528043111145,0.6886837577627052,0.8212763114078904,탐색적/exploratory
oral_diseases,panderm,A0,union,0.2,15,15,0.7673671893408737,0.7225815743706329,0.8121528043111145,0.6886837577627052,0.8212763114078904,탐색적/exploratory
oral_diseases,panderm,A0,union,0.21,15,15,0.7673671893408737,0.7225815743706329,0.8121528043111145,0.6886837577627052,0.8212763114078904,탐색적/exploratory
oral_diseases,panderm,A0,union,0.22,15,15,0.7673671893408737,0.7225815743706329,0.8121528043111145,0.6886837577627052,0.8212763114078904,탐색적/exploratory
oral_diseases,panderm,A0,union,0.23,15,15,0.7673671893408737,0.7225815743706329,0.8121528043111145,0.6886837577627052,0.8212763114078904,탐색적/exploratory
oral_diseases,panderm,A0,union,0.24,15,15,0.7673671893408737,0.7225815743706329,0.8121528043111145,0.6886837577627052,0.8212763114078904,탐색적/exploratory
oral_diseases,panderm,A0,union,0.25,15,15,0.7673671893408737,0.7225815743706329,0.8121528043111145,0.6886837577627052,0.8212763114078904,탐색적/exploratory
oral_diseases,panderm,A0,union,0.26,15,15,0.7673671893408737,0.7225815743706329,0.8121528043111145,0.6886837577627052,0.8212763114078904,탐색적/exploratory
oral_diseases,panderm,A0,union,0.27,15,15,0.7673671893408737,0.7225815743706329,0.8121528043111145,0.6886837577627052,0.8212763114078904,탐색적/exploratory
oral_diseases,panderm,A0,union,0.28,15,15,0.7673671893408737,0.7225815743706329,0.8121528043111145,0.6886837577627052,0.8212763114078904,탐색적/exploratory
oral_diseases,panderm,A0,union,0.29,15,15,0.7673671893408737,0.7225815743706329,0.8121528043111145,0.6886837577627052,0.8212763114078904,탐색적/exploratory
oral_diseases,panderm,A0,union,0.3,15,15,0.7673671893408737,0.7225815743706329,0.8121528043111145,0.6886837577627052,0.8212763114078904,탐색적/exploratory
oral_diseases,panderm,A0,union,0.31,15,15,0.7673671893408737,0.7225815743706329,0.8121528043111145,0.6886837577627052,0.8212763114078904,탐색적/exploratory
oral_diseases,panderm,A0,union,0.32,15,15,0.7673671893408737,0.7225815743706329,0.8121528043111145,0.6886837577627052,0.8212763114078904,탐색적/exploratory
oral_diseases,panderm,A0,union,0.33,15,15,0.7673671893408737,0.7225815743706329,0.8121528043111145,0.6886837577627052,0.8212763114078904,탐색적/exploratory
oral_diseases,panderm,A0,union,0.34,15,15,0.7673671893408737,0.7225815743706329,0.8121528043111145,0.6886837577627052,0.8212763114078904,탐색적/exploratory
oral_diseases,panderm,A0,union,0.35,15,15,0.7673671893408737,0.7225815743706329,0.8121528043111145,0.6886837577627052,0.8212763114078904,탐색적/exploratory
oral_diseases,panderm,A0,union,0.36,15,15,0.7673671893408737,0.7225815743706329,0.8121528043111145,0.6886837577627052,0.8212763114078904,탐색적/exploratory
oral_diseases,panderm,A0,union,0.37,15,15,0.7673671893408737,0.7225815743706329,0.8121528043111145,0.6886837577627052,0.8212763114078904,탐색적/exploratory
oral_diseases,panderm,A0,union,0.38,15,15,0.7673671893408737,0.7225815743706329,0.8121528043111145,0.6886837577627052,0.8212763114078904,탐색적/exploratory
oral_diseases,panderm,A0,union,0.39,15,15,0.7673671893408737,0.7225815743706329,0.8121528043111145,0.6886837577627052,0.8212763114078904,탐색적/exploratory
oral_diseases,panderm,A0,union,0.4,15,15,0.7673671893408737,0.7225815743706329,0.8121528043111145,0.6886837577627052,0.8212763114078904,탐색적/exploratory
oral_diseases,panderm,A0,union,0.41,15,15,0.7673671893408737,0.7225815743706329,0.8121528043111145,0.6886837577627052,0.8212763114078904,탐색적/exploratory
oral_diseases,panderm,A0,union,0.42,15,15,0.7673671893408737,0.7225815743706329,0.8121528043111145,0.6886837577627052,0.8212763114078904,탐색적/exploratory
oral_diseases,panderm,A0,union,0.43,15,15,0.7673671893408737,0.7225815743706329,0.8121528043111145,0.6886837577627052,0.8212763114078904,탐색적/exploratory
oral_diseases,panderm,A0,union,0.44,15,15,0.7673671893408737,0.7225815743706329,0.8121528043111145,0.6886837577627052,0.8212763114078904,탐색적/exploratory
oral_diseases,panderm,A0,union,0.45,15,15,0.7673671893408737,0.7225815743706329,0.8121528043111145,0.6886837577627052,0.8212763114078904,탐색적/exploratory
oral_diseases,panderm,A0,union,0.46,15,15,0.7673671893408737,0.7225815743706329,0.8121528043111145,0.6886837577627052,0.8212763114078904,탐색적/exploratory
oral_diseases,panderm,A0,union,0.47,15,15,0.7673671893408737,0.7225815743706329,0.8121528043111145,0.6886837577627052,0.8212763114078904,탐색적/exploratory
oral_diseases,panderm,A0,union,0.48,15,15,0.762327570090728,0.7180547478943354,0.8066003922871207,0.6886837577627052,0.8212763114078904,탐색적/exploratory
oral_diseases,panderm,A0,union,0.49,15,15,0.762327570090728,0.7180547478943354,0.8066003922871207,0.6886837577627052,0.8212763114078904,탐색적/exploratory
oral_diseases,panderm,A0,union,0.5,15,15,0.762327570090728,0.7180547478943354,0.8066003922871207,0.6886837577627052,0.8212763114078904,탐색적/exploratory
oral_diseases,panderm,A0,union,0.51,15,15,0.762327570090728,0.7180547478943354,0.8066003922871207,0.6886837577627052,0.8212763114078904,탐색적/exploratory
oral_diseases,panderm,A0,union,0.52,15,15,0.762327570090728,0.7180547478943354,0.8066003922871207,0.6886837577627052,0.8212763114078904,탐색적/exploratory
oral_diseases,panderm,A0,union,0.53,15,15,0.759400633479581,0.7109501601182612,0.8078511068409008,0.6834918736234527,0.8212763114078904,탐색적/exploratory
oral_diseases,panderm,A0,union,0.54,15,15,0.759400633479581,0.7109501601182612,0.8078511068409008,0.6834918736234527,0.8212763114078904,탐색적/exploratory
oral_diseases,panderm,A0,union,0.55,15,15,0.759400633479581,0.7109501601182612,0.8078511068409008,0.6834918736234527,0.8212763114078904,탐색적/exploratory
oral_diseases,panderm,A0,union,0.56,15,15,0.7589936330725806,0.7112713258522969,0.8067159402928643,0.6834918736234527,0.8212763114078904,탐색적/exploratory
oral_diseases,panderm,A0,union,0.57,15,15,0.7589936330725806,0.7112713258522969,0.8067159402928643,0.6834918736234527,0.8212763114078904,탐색적/exploratory
oral_diseases,panderm,A0,union,0.58,15,15,0.7581721348826613,0.7096319504203852,0.8067123193449375,0.6834918736234527,0.8212763114078904,탐색적/exploratory
oral_diseases,panderm,A0,union,0.59,15,15,0.7581721348826613,0.7096319504203852,0.8067123193449375,0.6834918736234527,0.8212763114078904,탐색적/exploratory
oral_diseases,panderm,A0,union,0.6,15,15,0.7581721348826613,0.7096319504203852,0.8067123193449375,0.6834918736234527,0.8212763114078904,탐색적/exploratory
oral_diseases,panderm,A0,union,0.61,15,15,0.7581721348826613,0.7096319504203852,0.8067123193449375,0.6834918736234527,0.8212763114078904,탐색적/exploratory
oral_diseases,panderm,A0,union,0.62,15,15,0.7557353124458389,0.7072373617462383,0.8042332631454395,0.6834918736234527,0.8212763114078904,탐색적/exploratory
oral_diseases,panderm,A0,union,0.63,15,15,0.7557353124458389,0.7072373617462383,0.8042332631454395,0.6834918736234527,0.8212763114078904,탐색적/exploratory
oral_diseases,panderm,A0,union,0.64,15,15,0.753093582830425,0.7044797794810801,0.80170738617977,0.6834918736234527,0.8212763114078904,탐색적/exploratory
oral_diseases,panderm,A0,union,0.65,15,15,0.753093582830425,0.7044797794810801,0.80170738617977,0.6834918736234527,0.8212763114078904,탐색적/exploratory
oral_diseases,panderm,A0,union,0.66,15,15,0.753093582830425,0.7044797794810801,0.80170738617977,0.6834918736234527,0.8212763114078904,탐색적/exploratory
oral_diseases,panderm,A0,union,0.67,15,15,0.7525533822902245,0.7039673337594048,0.8011394308210442,0.6834918736234527,0.8212763114078904,탐색적/exploratory
oral_diseases,panderm,A0,union,0.68,15,15,0.7525533822902245,0.7039673337594048,0.8011394308210442,0.6834918736234527,0.8212763114078904,탐색적/exploratory
oral_diseases,panderm,A0,union,0.69,15,15,0.7434989669200196,0.6921810555948226,0.7948168782452166,0.6834918736234527,0.8212763114078904,탐색적/exploratory
oral_diseases,panderm,A0,union,0.7,15,15,0.7434989669200196,0.6921810555948226,0.7948168782452166,0.6834918736234527,0.8212763114078904,탐색적/exploratory
oral_diseases,panderm,A0,union,0.71,15,15,0.7434989669200196,0.6921810555948226,0.7948168782452166,0.6834918736234527,0.8212763114078904,탐색적/exploratory
oral_diseases,panderm,A0,union,0.72,15,15,0.7434989669200196,0.6921810555948226,0.7948168782452166,0.6834918736234527,0.8212763114078904,탐색적/exploratory
oral_diseases,panderm,A0,union,0.73,15,15,0.7425628659839185,0.6930183840183928,0.7921073479494443,0.6834918736234527,0.8212763114078904,탐색적/exploratory
oral_diseases,panderm,A0,union,0.74,15,15,0.7341960184065447,0.6737828176597386,0.7946092191533508,0.6143512189564821,0.8059013355065987,탐색적/exploratory
oral_diseases,panderm,A0,union,0.75,15,15,0.7341960184065447,0.6737828176597386,0.7946092191533508,0.6143512189564821,0.8059013355065987,탐색적/exploratory
oral_diseases,panderm,A0,union,0.76,15,15,0.7341960184065447,0.6737828176597386,0.7946092191533508,0.6143512189564821,0.8059013355065987,탐색적/exploratory
oral_diseases,panderm,A0,union,0.77,15,15,0.7341960184065447,0.6737828176597386,0.7946092191533508,0.6143512189564821,0.8059013355065987,탐색적/exploratory
oral_diseases,panderm,A0,union,0.78,15,15,0.7293060935166199,0.6698686986009252,0.7887434884323146,0.6143512189564821,0.8059013355065987,탐색적/exploratory
oral_diseases,panderm,A0,union,0.79,15,15,0.7050173754121122,0.6367367927353534,0.7732979580888709,0.5921108861898335,0.7744590935380409,탐색적/exploratory
oral_diseases,panderm,A0,union,0.8,15,15,0.7050173754121122,0.6367367927353534,0.7732979580888709,0.5921108861898335,0.7744590935380409,탐색적/exploratory
oral_diseases,panderm,A0,union,0.81,15,15,0.7050173754121122,0.6367367927353534,0.7732979580888709,0.5921108861898335,0.7744590935380409,탐색적/exploratory
oral_diseases,panderm,A0,union,0.82,15,15,0.7050173754121122,0.6367367927353534,0.7732979580888709,0.5921108861898335,0.7744590935380409,탐색적/exploratory
oral_diseases,panderm,A0,union,0.83,15,15,0.7050173754121122,0.6367367927353534,0.7732979580888709,0.5921108861898335,0.7744590935380409,탐색적/exploratory
oral_diseases,panderm,A0,union,0.84,15,15,0.6945952049899418,0.6154665033769653,0.7737239066029182,0.5637140637140636,0.7744590935380409,탐색적/exploratory
oral_diseases,panderm,A0,union,0.85,15,15,0.673518172860278,0.5903678122497542,0.7566685334708019,0.5409453119979436,0.7576201576201574,탐색적/exploratory
oral_diseases,panderm,A0,union,0.86,15,15,0.673518172860278,0.5903678122497542,0.7566685334708019,0.5409453119979436,0.7576201576201574,탐색적/exploratory
oral_diseases,panderm,A0,union,0.87,15,15,0.673518172860278,0.5903678122497542,0.7566685334708019,0.5409453119979436,0.7576201576201574,탐색적/exploratory
oral_diseases,panderm,A0,union,0.88,15,15,0.673518172860278,0.5903678122497542,0.7566685334708019,0.5409453119979436,0.7576201576201574,탐색적/exploratory
oral_diseases,panderm,A0,union,0.89,15,15,0.6483714677135729,0.5508831122956683,0.7458598231314775,0.45987345987345984,0.7342825303351619,탐색적/exploratory
oral_diseases,panderm,A0,union,0.9,15,15,0.6034523420049738,0.4999642025772032,0.7069404814327443,0.45987345987345984,0.7251041356304514,탐색적/exploratory
oral_diseases,panderm,A0,union,0.91,15,15,0.6034523420049738,0.4999642025772032,0.7069404814327443,0.45987345987345984,0.7251041356304514,탐색적/exploratory
oral_diseases,panderm,A0,union,0.92,15,15,0.6034523420049738,0.4999642025772032,0.7069404814327443,0.45987345987345984,0.7251041356304514,탐색적/exploratory
oral_diseases,panderm,A0,union,0.93,15,15,0.6034523420049738,0.4999642025772032,0.7069404814327443,0.45987345987345984,0.7251041356304514,탐색적/exploratory
oral_diseases,panderm,A0,union,0.94,15,15,0.6034523420049738,0.4999642025772032,0.7069404814327443,0.45987345987345984,0.7251041356304514,탐색적/exploratory
oral_diseases,panderm,A0,union,0.95,15,15,0.5136077811077812,0.4435867643347422,0.5836287978808201,0.4319444444444444,0.6248126873126872,탐색적/exploratory
oral_diseases,panderm,A0,union,0.96,15,15,0.5136077811077812,0.4435867643347422,0.5836287978808201,0.4319444444444444,0.6248126873126872,탐색적/exploratory
oral_diseases,panderm,A0,union,0.97,15,15,0.5136077811077812,0.4435867643347422,0.5836287978808201,0.4319444444444444,0.6248126873126872,탐색적/exploratory
oral_diseases,panderm,A0,union,0.98,15,15,0.5136077811077812,0.4435867643347422,0.5836287978808201,0.4319444444444444,0.6248126873126872,탐색적/exploratory
oral_diseases,panderm,A0,union,0.99,15,15,0.5136077811077812,0.4435867643347422,0.5836287978808201,0.4319444444444444,0.6248126873126872,탐색적/exploratory
oral_diseases,panderm,A0,union,1.0,15,15,0.5136077811077812,0.4435867643347422,0.5836287978808201,0.4319444444444444,0.6248126873126872,탐색적/exploratory
oral_diseases,dinov2,A0d,tau,0.0,15,15,0.7098225410067515,0.6741367280806727,0.7455083539328302,0.6663372446267184,0.7739986621565569,탐색적/exploratory
oral_diseases,dinov2,A0d,tau,0.01,15,15,0.7098225410067515,0.6741367280806727,0.7455083539328302,0.6663372446267184,0.7739986621565569,탐색적/exploratory
oral_diseases,dinov2,A0d,tau,0.02,15,15,0.7098225410067515,0.6741367280806727,0.7455083539328302,0.6663372446267184,0.7739986621565569,탐색적/exploratory
oral_diseases,dinov2,A0d,tau,0.03,15,15,0.7098225410067515,0.6741367280806727,0.7455083539328302,0.6663372446267184,0.7739986621565569,탐색적/exploratory
oral_diseases,dinov2,A0d,tau,0.04,15,15,0.7098225410067515,0.6741367280806727,0.7455083539328302,0.6663372446267184,0.7739986621565569,탐색적/exploratory
oral_diseases,dinov2,A0d,tau,0.05,15,15,0.7098225410067515,0.6741367280806727,0.7455083539328302,0.6663372446267184,0.7739986621565569,탐색적/exploratory
oral_diseases,dinov2,A0d,tau,0.06,15,15,0.7098225410067515,0.6741367280806727,0.7455083539328302,0.6663372446267184,0.7739986621565569,탐색적/exploratory
oral_diseases,dinov2,A0d,tau,0.07,15,15,0.7098225410067515,0.6741367280806727,0.7455083539328302,0.6663372446267184,0.7739986621565569,탐색적/exploratory
oral_diseases,dinov2,A0d,tau,0.08,15,15,0.7098225410067515,0.6741367280806727,0.7455083539328302,0.6663372446267184,0.7739986621565569,탐색적/exploratory
oral_diseases,dinov2,A0d,tau,0.09,15,15,0.7098225410067515,0.6741367280806727,0.7455083539328302,0.6663372446267184,0.7739986621565569,탐색적/exploratory
oral_diseases,dinov2,A0d,tau,0.1,15,15,0.7098225410067515,0.6741367280806727,0.7455083539328302,0.6663372446267184,0.7739986621565569,탐색적/exploratory
oral_diseases,dinov2,A0d,tau,0.11,15,15,0.7098225410067515,0.6741367280806727,0.7455083539328302,0.6663372446267184,0.7739986621565569,탐색적/exploratory
oral_diseases,dinov2,A0d,tau,0.12,15,15,0.7098225410067515,0.6741367280806727,0.7455083539328302,0.6663372446267184,0.7739986621565569,탐색적/exploratory
oral_diseases,dinov2,A0d,tau,0.13,15,15,0.7098225410067515,0.6741367280806727,0.7455083539328302,0.6663372446267184,0.7739986621565569,탐색적/exploratory
oral_diseases,dinov2,A0d,tau,0.14,15,15,0.7098225410067515,0.6741367280806727,0.7455083539328302,0.6663372446267184,0.7739986621565569,탐색적/exploratory
oral_diseases,dinov2,A0d,tau,0.15,15,15,0.7098225410067515,0.6741367280806727,0.7455083539328302,0.6663372446267184,0.7739986621565569,탐색적/exploratory
oral_diseases,dinov2,A0d,tau,0.16,15,15,0.7098225410067515,0.6741367280806727,0.7455083539328302,0.6663372446267184,0.7739986621565569,탐색적/exploratory
oral_diseases,dinov2,A0d,tau,0.17,15,15,0.7098225410067515,0.6741367280806727,0.7455083539328302,0.6663372446267184,0.7739986621565569,탐색적/exploratory
oral_diseases,dinov2,A0d,tau,0.18,15,15,0.7098225410067515,0.6741367280806727,0.7455083539328302,0.6663372446267184,0.7739986621565569,탐색적/exploratory
oral_diseases,dinov2,A0d,tau,0.19,15,15,0.7098225410067515,0.6741367280806727,0.7455083539328302,0.6663372446267184,0.7739986621565569,탐색적/exploratory
oral_diseases,dinov2,A0d,tau,0.2,15,15,0.7098225410067515,0.6741367280806727,0.7455083539328302,0.6663372446267184,0.7739986621565569,탐색적/exploratory
oral_diseases,dinov2,A0d,tau,0.21,15,15,0.7098225410067515,0.6741367280806727,0.7455083539328302,0.6663372446267184,0.7739986621565569,탐색적/exploratory
oral_diseases,dinov2,A0d,tau,0.22,15,15,0.7098225410067515,0.6741367280806727,0.7455083539328302,0.6663372446267184,0.7739986621565569,탐색적/exploratory
oral_diseases,dinov2,A0d,tau,0.23,15,15,0.7098225410067515,0.6741367280806727,0.7455083539328302,0.6663372446267184,0.7739986621565569,탐색적/exploratory
oral_diseases,dinov2,A0d,tau,0.24,15,15,0.7098225410067515,0.6741367280806727,0.7455083539328302,0.6663372446267184,0.7739986621565569,탐색적/exploratory
oral_diseases,dinov2,A0d,tau,0.25,15,15,0.7098225410067515,0.6741367280806727,0.7455083539328302,0.6663372446267184,0.7739986621565569,탐색적/exploratory
oral_diseases,dinov2,A0d,tau,0.26,15,15,0.7098225410067515,0.6741367280806727,0.7455083539328302,0.6663372446267184,0.7739986621565569,탐색적/exploratory
oral_diseases,dinov2,A0d,tau,0.27,15,15,0.7098225410067515,0.6741367280806727,0.7455083539328302,0.6663372446267184,0.7739986621565569,탐색적/exploratory
oral_diseases,dinov2,A0d,tau,0.28,15,15,0.7098225410067515,0.6741367280806727,0.7455083539328302,0.6663372446267184,0.7739986621565569,탐색적/exploratory
oral_diseases,dinov2,A0d,tau,0.29,15,15,0.7098225410067515,0.6741367280806727,0.7455083539328302,0.6663372446267184,0.7739986621565569,탐색적/exploratory
oral_diseases,dinov2,A0d,tau,0.3,15,15,0.7098225410067515,0.6741367280806727,0.7455083539328302,0.6663372446267184,0.7739986621565569,탐색적/exploratory
oral_diseases,dinov2,A0d,tau,0.31,15,15,0.7098225410067515,0.6741367280806727,0.7455083539328302,0.6663372446267184,0.7739986621565569,탐색적/exploratory
oral_diseases,dinov2,A0d,tau,0.32,15,15,0.7098225410067515,0.6741367280806727,0.7455083539328302,0.6663372446267184,0.7739986621565569,탐색적/exploratory
oral_diseases,dinov2,A0d,tau,0.33,15,15,0.7098225410067515,0.6741367280806727,0.7455083539328302,0.6663372446267184,0.7739986621565569,탐색적/exploratory
oral_diseases,dinov2,A0d,tau,0.34,15,15,0.7098225410067515,0.6741367280806727,0.7455083539328302,0.6663372446267184,0.7739986621565569,탐색적/exploratory
oral_diseases,dinov2,A0d,tau,0.35,15,15,0.7098225410067515,0.6741367280806727,0.7455083539328302,0.6663372446267184,0.7739986621565569,탐색적/exploratory
oral_diseases,dinov2,A0d,tau,0.36,15,15,0.7098225410067515,0.6741367280806727,0.7455083539328302,0.6663372446267184,0.7739986621565569,탐색적/exploratory
oral_diseases,dinov2,A0d,tau,0.37,15,15,0.7098225410067515,0.6741367280806727,0.7455083539328302,0.6663372446267184,0.7739986621565569,탐색적/exploratory
oral_diseases,dinov2,A0d,tau,0.38,15,15,0.7098225410067515,0.6741367280806727,0.7455083539328302,0.6663372446267184,0.7739986621565569,탐색적/exploratory
oral_diseases,dinov2,A0d,tau,0.39,15,15,0.7098225410067515,0.6741367280806727,0.7455083539328302,0.6663372446267184,0.7739986621565569,탐색적/exploratory
oral_diseases,dinov2,A0d,tau,0.4,15,15,0.7098225410067515,0.6741367280806727,0.7455083539328302,0.6663372446267184,0.7739986621565569,탐색적/exploratory
oral_diseases,dinov2,A0d,tau,0.41,15,15,0.7098225410067515,0.6741367280806727,0.7455083539328302,0.6663372446267184,0.7739986621565569,탐색적/exploratory
oral_diseases,dinov2,A0d,tau,0.42,15,15,0.7098225410067515,0.6741367280806727,0.7455083539328302,0.6663372446267184,0.7739986621565569,탐색적/exploratory
oral_diseases,dinov2,A0d,tau,0.43,15,15,0.708736492552282,0.6707013821111203,0.7467716029934437,0.6500465178096757,0.7739986621565569,탐색적/exploratory
oral_diseases,dinov2,A0d,tau,0.44,15,15,0.708736492552282,0.6707013821111203,0.7467716029934437,0.6500465178096757,0.7739986621565569,탐색적/exploratory
oral_diseases,dinov2,A0d,tau,0.45,14,15,0.7091757918355662,0.669178740309096,0.7491728433620365,0.6500465178096757,0.7739986621565569,탐색적/exploratory
oral_diseases,dinov2,A0d,tau,0.46,14,15,0.7091757918355662,0.669178740309096,0.7491728433620365,0.6500465178096757,0.7739986621565569,탐색적/exploratory
oral_diseases,dinov2,A0d,tau,0.47,14,15,0.7091757918355662,0.669178740309096,0.7491728433620365,0.6500465178096757,0.7739986621565569,탐색적/exploratory
oral_diseases,dinov2,A0d,tau,0.48,14,15,0.708471921770794,0.6672767303488893,0.7496671131926986,0.645660552897395,0.7739986621565569,탐색적/exploratory
oral_diseases,dinov2,A0d,tau,0.49,14,15,0.708471921770794,0.6672767303488893,0.7496671131926986,0.645660552897395,0.7739986621565569,탐색적/exploratory
oral_diseases,dinov2,A0d,tau,0.5,14,15,0.708471921770794,0.6672767303488893,0.7496671131926986,0.645660552897395,0.7739986621565569,탐색적/exploratory
oral_diseases,dinov2,A0d,tau,0.51,14,15,0.708471921770794,0.6672767303488893,0.7496671131926986,0.645660552897395,0.7739986621565569,탐색적/exploratory
oral_diseases,dinov2,A0d,tau,0.52,14,15,0.708471921770794,0.6672767303488893,0.7496671131926986,0.645660552897395,0.7739986621565569,탐색적/exploratory
oral_diseases,dinov2,A0d,tau,0.53,12,15,0.7154665205652049,0.677677200081155,0.7532558410492548,0.6778907496012759,0.7739986621565569,탐색적/exploratory
oral_diseases,dinov2,A0d,tau,0.54,12,15,0.7154665205652049,0.677677200081155,0.7532558410492548,0.6778907496012759,0.7739986621565569,탐색적/exploratory
oral_diseases,dinov2,A0d,tau,0.55,12,15,0.7154665205652049,0.677677200081155,0.7532558410492548,0.6778907496012759,0.7739986621565569,탐색적/exploratory
oral_diseases,dinov2,A0d,tau,0.56,12,15,0.7154665205652049,0.677677200081155,0.7532558410492548,0.6778907496012759,0.7739986621565569,탐색적/exploratory
oral_diseases,dinov2,A0d,tau,0.57,12,15,0.7154665205652049,0.677677200081155,0.7532558410492548,0.6778907496012759,0.7739986621565569,탐색적/exploratory
oral_diseases,dinov2,A0d,tau,0.58,11,15,0.718267325444359,0.6811337286472431,0.7554009222414749,0.6819069819069818,0.7739986621565569,탐색적/exploratory
oral_diseases,dinov2,A0d,tau,0.59,11,15,0.718267325444359,0.6811337286472431,0.7554009222414749,0.6819069819069818,0.7739986621565569,탐색적/exploratory
oral_diseases,dinov2,A0d,tau,0.6,11,15,0.718267325444359,0.6811337286472431,0.7554009222414749,0.6819069819069818,0.7739986621565569,탐색적/exploratory
oral_diseases,dinov2,A0d,tau,0.61,11,15,0.718267325444359,0.6811337286472431,0.7554009222414749,0.6819069819069818,0.7739986621565569,탐색적/exploratory
oral_diseases,dinov2,A0d,tau,0.62,11,15,0.7168091876225848,0.6766109434263311,0.7570074318188386,0.6658674658674659,0.7739986621565569,탐색적/exploratory
oral_diseases,dinov2,A0d,tau,0.63,11,15,0.7168091876225848,0.6766109434263311,0.7570074318188386,0.6658674658674659,0.7739986621565569,탐색적/exploratory
oral_diseases,dinov2,A0d,tau,0.64,9,15,0.7158477568565288,0.6681348497744753,0.7635606639385822,0.6658674658674659,0.7739986621565569,탐색적/exploratory
oral_diseases,dinov2,A0d,tau,0.65,9,15,0.7158477568565288,0.6681348497744753,0.7635606639385822,0.6658674658674659,0.7739986621565569,탐색적/exploratory
oral_diseases,dinov2,A0d,tau,0.66,9,15,0.7158477568565288,0.6681348497744753,0.7635606639385822,0.6658674658674659,0.7739986621565569,탐색적/exploratory
oral_diseases,dinov2,A0d,tau,0.67,8,15,0.7220952932301616,0.6773838008523921,0.7668067856079311,0.6886534518113466,0.7739986621565569,탐색적/exploratory
oral_diseases,dinov2,A0d,tau,0.68,8,15,0.7220952932301616,0.6773838008523921,0.7668067856079311,0.6886534518113466,0.7739986621565569,탐색적/exploratory
oral_diseases,dinov2,A0d,tau,0.69,3,15,0.7191778250988777,0.6072210378100592,0.8311346123876963,0.6898434898434899,0.756545209176788,탐색적/exploratory
oral_diseases,dinov2,A0d,tau,0.7,3,15,0.7191778250988777,0.6072210378100592,0.8311346123876963,0.6898434898434899,0.756545209176788,탐색적/exploratory
oral_diseases,dinov2,A0d,tau,0.71,3,15,0.7191778250988777,0.6072210378100592,0.8311346123876963,0.6898434898434899,0.756545209176788,탐색적/exploratory
oral_diseases,dinov2,A0d,tau,0.72,3,15,0.7191778250988777,0.6072210378100592,0.8311346123876963,0.6898434898434899,0.756545209176788,탐색적/exploratory
oral_diseases,dinov2,A0d,tau,0.73,3,15,0.7191223250433776,0.606929781207636,0.8313148688791192,0.6896769896769898,0.756545209176788,탐색적/exploratory
oral_diseases,dinov2,A0d,tau,0.74,2,15,0.6976767749794066,0.5731852433890897,0.8221683065697235,0.6896769896769898,0.7056765602818235,탐색적/exploratory
oral_diseases,dinov2,A0d,tau,0.75,2,15,0.6976767749794066,0.5731852433890897,0.8221683065697235,0.6896769896769898,0.7056765602818235,탐색적/exploratory
oral_diseases,dinov2,A0d,tau,0.76,2,15,0.6976767749794066,0.5731852433890897,0.8221683065697235,0.6896769896769898,0.7056765602818235,탐색적/exploratory
oral_diseases,dinov2,A0d,tau,0.77,2,15,0.6976767749794066,0.5731852433890897,0.8221683065697235,0.6896769896769898,0.7056765602818235,탐색적/exploratory
oral_diseases,dinov2,A0d,tau,0.78,1,15,0.7056765602818235,,,0.7056765602818235,0.7056765602818235,탐색적/exploratory
oral_diseases,dinov2,A0d,tau,0.79,0,15,,,,,,탐색적/exploratory
oral_diseases,dinov2,A0d,tau,0.8,0,15,,,,,,탐색적/exploratory
oral_diseases,dinov2,A0d,tau,0.81,0,15,,,,,,탐색적/exploratory
oral_diseases,dinov2,A0d,tau,0.82,0,15,,,,,,탐색적/exploratory
oral_diseases,dinov2,A0d,tau,0.83,0,15,,,,,,탐색적/exploratory
oral_diseases,dinov2,A0d,tau,0.84,0,15,,,,,,탐색적/exploratory
oral_diseases,dinov2,A0d,tau,0.85,0,15,,,,,,탐색적/exploratory
oral_diseases,dinov2,A0d,tau,0.86,0,15,,,,,,탐색적/exploratory
oral_diseases,dinov2,A0d,tau,0.87,0,15,,,,,,탐색적/exploratory
oral_diseases,dinov2,A0d,tau,0.88,0,15,,,,,,탐색적/exploratory
oral_diseases,dinov2,A0d,tau,0.89,0,15,,,,,,탐색적/exploratory
oral_diseases,dinov2,A0d,tau,0.9,0,15,,,,,,탐색적/exploratory
oral_diseases,dinov2,A0d,tau,0.91,0,15,,,,,,탐색적/exploratory
oral_diseases,dinov2,A0d,tau,0.92,0,15,,,,,,탐색적/exploratory
oral_diseases,dinov2,A0d,tau,0.93,0,15,,,,,,탐색적/exploratory
oral_diseases,dinov2,A0d,tau,0.94,0,15,,,,,,탐색적/exploratory
oral_diseases,dinov2,A0d,tau,0.95,0,15,,,,,,탐색적/exploratory
oral_diseases,dinov2,A0d,tau,0.96,0,15,,,,,,탐색적/exploratory
oral_diseases,dinov2,A0d,tau,0.97,0,15,,,,,,탐색적/exploratory
oral_diseases,dinov2,A0d,tau,0.98,0,15,,,,,,탐색적/exploratory
oral_diseases,dinov2,A0d,tau,0.99,0,15,,,,,,탐색적/exploratory
oral_diseases,dinov2,A0d,tau,1.0,0,15,,,,,,탐색적/exploratory
oral_diseases,dinov2,A0d,offset,0.0,15,15,0.7168657901552639,0.6787535416833707,0.7549780386271571,0.6500465178096757,0.7758885850991114,탐색적/exploratory
oral_diseases,dinov2,A0d,offset,0.01,15,15,0.7168657901552639,0.6787535416833707,0.7549780386271571,0.6500465178096757,0.7758885850991114,탐색적/exploratory
oral_diseases,dinov2,A0d,offset,0.02,15,15,0.7168657901552639,0.6787535416833707,0.7549780386271571,0.6500465178096757,0.7758885850991114,탐색적/exploratory
oral_diseases,dinov2,A0d,offset,0.03,15,15,0.7168657901552639,0.6787535416833707,0.7549780386271571,0.6500465178096757,0.7758885850991114,탐색적/exploratory
oral_diseases,dinov2,A0d,offset,0.04,15,15,0.7168657901552639,0.6787535416833707,0.7549780386271571,0.6500465178096757,0.7758885850991114,탐색적/exploratory
oral_diseases,dinov2,A0d,offset,0.05,15,15,0.7168657901552639,0.6787535416833707,0.7549780386271571,0.6500465178096757,0.7758885850991114,탐색적/exploratory
oral_diseases,dinov2,A0d,offset,0.06,15,15,0.7168657901552639,0.6787535416833707,0.7549780386271571,0.6500465178096757,0.7758885850991114,탐색적/exploratory
oral_diseases,dinov2,A0d,offset,0.07,15,15,0.7168657901552639,0.6787535416833707,0.7549780386271571,0.6500465178096757,0.7758885850991114,탐색적/exploratory
oral_diseases,dinov2,A0d,offset,0.08,15,15,0.7168657901552639,0.6787535416833707,0.7549780386271571,0.6500465178096757,0.7758885850991114,탐색적/exploratory
oral_diseases,dinov2,A0d,offset,0.09,15,15,0.7168657901552639,0.6787535416833707,0.7549780386271571,0.6500465178096757,0.7758885850991114,탐색적/exploratory
oral_diseases,dinov2,A0d,offset,0.1,15,15,0.7168657901552639,0.6787535416833707,0.7549780386271571,0.6500465178096757,0.7758885850991114,탐색적/exploratory
oral_diseases,dinov2,A0d,offset,0.11,15,15,0.7168657901552639,0.6787535416833707,0.7549780386271571,0.6500465178096757,0.7758885850991114,탐색적/exploratory
oral_diseases,dinov2,A0d,offset,0.12,15,15,0.7168657901552639,0.6787535416833707,0.7549780386271571,0.6500465178096757,0.7758885850991114,탐색적/exploratory
oral_diseases,dinov2,A0d,offset,0.13,15,15,0.7168657901552639,0.6787535416833707,0.7549780386271571,0.6500465178096757,0.7758885850991114,탐색적/exploratory
oral_diseases,dinov2,A0d,offset,0.14,15,15,0.7168657901552639,0.6787535416833707,0.7549780386271571,0.6500465178096757,0.7758885850991114,탐색적/exploratory
oral_diseases,dinov2,A0d,offset,0.15,15,15,0.7168657901552639,0.6787535416833707,0.7549780386271571,0.6500465178096757,0.7758885850991114,탐색적/exploratory
oral_diseases,dinov2,A0d,offset,0.16,15,15,0.7168657901552639,0.6787535416833707,0.7549780386271571,0.6500465178096757,0.7758885850991114,탐색적/exploratory
oral_diseases,dinov2,A0d,offset,0.17,15,15,0.7168657901552639,0.6787535416833707,0.7549780386271571,0.6500465178096757,0.7758885850991114,탐색적/exploratory
oral_diseases,dinov2,A0d,offset,0.18,15,15,0.7168657901552639,0.6787535416833707,0.7549780386271571,0.6500465178096757,0.7758885850991114,탐색적/exploratory
oral_diseases,dinov2,A0d,offset,0.19,15,15,0.7168657901552639,0.6787535416833707,0.7549780386271571,0.6500465178096757,0.7758885850991114,탐색적/exploratory
oral_diseases,dinov2,A0d,offset,0.2,15,15,0.7168657901552639,0.6787535416833707,0.7549780386271571,0.6500465178096757,0.7758885850991114,탐색적/exploratory
oral_diseases,dinov2,A0d,offset,0.21,15,15,0.7168657901552639,0.6787535416833707,0.7549780386271571,0.6500465178096757,0.7758885850991114,탐색적/exploratory
oral_diseases,dinov2,A0d,offset,0.22,15,15,0.7168657901552639,0.6787535416833707,0.7549780386271571,0.6500465178096757,0.7758885850991114,탐색적/exploratory
oral_diseases,dinov2,A0d,offset,0.23,15,15,0.7168657901552639,0.6787535416833707,0.7549780386271571,0.6500465178096757,0.7758885850991114,탐색적/exploratory
oral_diseases,dinov2,A0d,offset,0.24,15,15,0.7168657901552639,0.6787535416833707,0.7549780386271571,0.6500465178096757,0.7758885850991114,탐색적/exploratory
oral_diseases,dinov2,A0d,offset,0.25,15,15,0.7168657901552639,0.6787535416833707,0.7549780386271571,0.6500465178096757,0.7758885850991114,탐색적/exploratory
oral_diseases,dinov2,A0d,offset,0.26,15,15,0.7168657901552639,0.6787535416833707,0.7549780386271571,0.6500465178096757,0.7758885850991114,탐색적/exploratory
oral_diseases,dinov2,A0d,offset,0.27,15,15,0.7164733950260266,0.6780332584479729,0.7549135316040803,0.6500465178096757,0.7758885850991114,탐색적/exploratory
oral_diseases,dinov2,A0d,offset,0.28,15,15,0.7164733950260266,0.6780332584479729,0.7549135316040803,0.6500465178096757,0.7758885850991114,탐색적/exploratory
oral_diseases,dinov2,A0d,offset,0.29,15,15,0.7164733950260266,0.6780332584479729,0.7549135316040803,0.6500465178096757,0.7758885850991114,탐색적/exploratory
oral_diseases,dinov2,A0d,offset,0.3,15,15,0.7164733950260266,0.6780332584479729,0.7549135316040803,0.6500465178096757,0.7758885850991114,탐색적/exploratory
oral_diseases,dinov2,A0d,offset,0.31,15,15,0.7164733950260266,0.6780332584479729,0.7549135316040803,0.6500465178096757,0.7758885850991114,탐색적/exploratory
oral_diseases,dinov2,A0d,offset,0.32,15,15,0.7164733950260266,0.6780332584479729,0.7549135316040803,0.6500465178096757,0.7758885850991114,탐색적/exploratory
oral_diseases,dinov2,A0d,offset,0.33,15,15,0.7164733950260266,0.6780332584479729,0.7549135316040803,0.6500465178096757,0.7758885850991114,탐색적/exploratory
oral_diseases,dinov2,A0d,offset,0.34,15,15,0.7164733950260266,0.6780332584479729,0.7549135316040803,0.6500465178096757,0.7758885850991114,탐색적/exploratory
oral_diseases,dinov2,A0d,offset,0.35,15,15,0.7164733950260266,0.6780332584479729,0.7549135316040803,0.6500465178096757,0.7758885850991114,탐색적/exploratory
oral_diseases,dinov2,A0d,offset,0.36,15,15,0.7164733950260266,0.6780332584479729,0.7549135316040803,0.6500465178096757,0.7758885850991114,탐색적/exploratory
oral_diseases,dinov2,A0d,offset,0.37,15,15,0.7156607573712837,0.6762777165950336,0.7550437981475338,0.6500465178096757,0.7758885850991114,탐색적/exploratory
oral_diseases,dinov2,A0d,offset,0.38,15,15,0.7156607573712837,0.6762777165950336,0.7550437981475338,0.6500465178096757,0.7758885850991114,탐색적/exploratory
oral_diseases,dinov2,A0d,offset,0.39,15,15,0.7156607573712837,0.6762777165950336,0.7550437981475338,0.6500465178096757,0.7758885850991114,탐색적/exploratory
oral_diseases,dinov2,A0d,offset,0.4,15,15,0.7156607573712837,0.6762777165950336,0.7550437981475338,0.6500465178096757,0.7758885850991114,탐색적/exploratory
oral_diseases,dinov2,A0d,offset,0.41,15,15,0.7156607573712837,0.6762777165950336,0.7550437981475338,0.6500465178096757,0.7758885850991114,탐색적/exploratory
oral_diseases,dinov2,A0d,offset,0.42,15,15,0.7156607573712837,0.6762777165950336,0.7550437981475338,0.6500465178096757,0.7758885850991114,탐색적/exploratory
oral_diseases,dinov2,A0d,offset,0.43,15,15,0.7156607573712837,0.6762777165950336,0.7550437981475338,0.6500465178096757,0.7758885850991114,탐색적/exploratory
oral_diseases,dinov2,A0d,offset,0.44,15,15,0.7156607573712837,0.6762777165950336,0.7550437981475338,0.6500465178096757,0.7758885850991114,탐색적/exploratory
oral_diseases,dinov2,A0d,offset,0.45,15,15,0.7156607573712837,0.6762777165950336,0.7550437981475338,0.6500465178096757,0.7758885850991114,탐색적/exploratory
oral_diseases,dinov2,A0d,offset,0.46,15,15,0.7156607573712837,0.6762777165950336,0.7550437981475338,0.6500465178096757,0.7758885850991114,탐색적/exploratory
oral_diseases,dinov2,A0d,offset,0.47,15,15,0.7156607573712837,0.6762777165950336,0.7550437981475338,0.6500465178096757,0.7758885850991114,탐색적/exploratory
oral_diseases,dinov2,A0d,offset,0.48,15,15,0.714204202230518,0.6749592971411454,0.7534491073198905,0.645660552897395,0.7758885850991114,탐색적/exploratory
oral_diseases,dinov2,A0d,offset,0.49,15,15,0.714204202230518,0.6749592971411454,0.7534491073198905,0.645660552897395,0.7758885850991114,탐색적/exploratory
oral_diseases,dinov2,A0d,offset,0.5,15,15,0.714204202230518,0.6749592971411454,0.7534491073198905,0.645660552897395,0.7758885850991114,탐색적/exploratory
oral_diseases,dinov2,A0d,offset,0.51,15,15,0.714204202230518,0.6749592971411454,0.7534491073198905,0.645660552897395,0.7758885850991114,탐색적/exploratory
oral_diseases,dinov2,A0d,offset,0.52,15,15,0.714204202230518,0.6749592971411454,0.7534491073198905,0.645660552897395,0.7758885850991114,탐색적/exploratory
oral_diseases,dinov2,A0d,offset,0.53,15,15,0.7135472568367304,0.6724357950895256,0.7546587185839352,0.6358063719905825,0.7758885850991114,탐색적/exploratory
oral_diseases,dinov2,A0d,offset,0.54,15,15,0.7135472568367304,0.6724357950895256,0.7546587185839352,0.6358063719905825,0.7758885850991114,탐색적/exploratory
oral_diseases,dinov2,A0d,offset,0.55,15,15,0.7135472568367304,0.6724357950895256,0.7546587185839352,0.6358063719905825,0.7758885850991114,탐색적/exploratory
oral_diseases,dinov2,A0d,offset,0.56,15,15,0.7135472568367304,0.6724357950895256,0.7546587185839352,0.6358063719905825,0.7758885850991114,탐색적/exploratory
oral_diseases,dinov2,A0d,offset,0.57,15,15,0.7135472568367304,0.6724357950895256,0.7546587185839352,0.6358063719905825,0.7758885850991114,탐색적/exploratory
oral_diseases,dinov2,A0d,offset,0.58,15,15,0.7119210078420604,0.6740861801381266,0.7497558355459941,0.6358063719905825,0.756545209176788,탐색적/exploratory
oral_diseases,dinov2,A0d,offset,0.59,15,15,0.7119210078420604,0.6740861801381266,0.7497558355459941,0.6358063719905825,0.756545209176788,탐색적/exploratory
oral_diseases,dinov2,A0d,offset,0.6,15,15,0.7119210078420604,0.6740861801381266,0.7497558355459941,0.6358063719905825,0.756545209176788,탐색적/exploratory
oral_diseases,dinov2,A0d,offset,0.61,15,15,0.7119210078420604,0.6740861801381266,0.7497558355459941,0.6358063719905825,0.756545209176788,탐색적/exploratory
oral_diseases,dinov2,A0d,offset,0.62,15,15,0.7119210078420604,0.6740861801381266,0.7497558355459941,0.6358063719905825,0.756545209176788,탐색적/exploratory
oral_diseases,dinov2,A0d,offset,0.63,15,15,0.7119210078420604,0.6740861801381266,0.7497558355459941,0.6358063719905825,0.756545209176788,탐색적/exploratory
oral_diseases,dinov2,A0d,offset,0.64,15,15,0.70936849213165,0.6702381414057524,0.7484988428575475,0.6303381559960507,0.756545209176788,탐색적/exploratory
oral_diseases,dinov2,A0d,offset,0.65,15,15,0.70936849213165,0.6702381414057524,0.7484988428575475,0.6303381559960507,0.756545209176788,탐색적/exploratory
oral_diseases,dinov2,A0d,offset,0.66,15,15,0.70936849213165,0.6702381414057524,0.7484988428575475,0.6303381559960507,0.756545209176788,탐색적/exploratory
oral_diseases,dinov2,A0d,offset,0.67,15,15,0.70936849213165,0.6702381414057524,0.7484988428575475,0.6303381559960507,0.756545209176788,탐색적/exploratory
oral_diseases,dinov2,A0d,offset,0.68,15,15,0.70936849213165,0.6702381414057524,0.7484988428575475,0.6303381559960507,0.756545209176788,탐색적/exploratory
oral_diseases,dinov2,A0d,offset,0.69,15,15,0.6988734851892746,0.6590604928450212,0.738686477533528,0.6280027720817195,0.756545209176788,탐색적/exploratory
oral_diseases,dinov2,A0d,offset,0.7,15,15,0.6988734851892746,0.6590604928450212,0.738686477533528,0.6280027720817195,0.756545209176788,탐색적/exploratory
oral_diseases,dinov2,A0d,offset,0.71,15,15,0.6988734851892746,0.6590604928450212,0.738686477533528,0.6280027720817195,0.756545209176788,탐색적/exploratory
oral_diseases,dinov2,A0d,offset,0.72,15,15,0.6988734851892746,0.6590604928450212,0.738686477533528,0.6280027720817195,0.756545209176788,탐색적/exploratory
oral_diseases,dinov2,A0d,offset,0.73,15,15,0.697291363607153,0.6575119242627644,0.7370708029515417,0.6280027720817195,0.756545209176788,탐색적/exploratory
oral_diseases,dinov2,A0d,offset,0.74,15,15,0.6936151032203663,0.6535029529997419,0.7337272534409908,0.6280027720817195,0.7497378352641509,탐색적/exploratory
oral_diseases,dinov2,A0d,offset,0.75,15,15,0.6936151032203663,0.6535029529997419,0.7337272534409908,0.6280027720817195,0.7497378352641509,탐색적/exploratory
oral_diseases,dinov2,A0d,offset,0.76,15,15,0.6936151032203663,0.6535029529997419,0.7337272534409908,0.6280027720817195,0.7497378352641509,탐색적/exploratory
oral_diseases,dinov2,A0d,offset,0.77,15,15,0.6936151032203663,0.6535029529997419,0.7337272534409908,0.6280027720817195,0.7497378352641509,탐색적/exploratory
oral_diseases,dinov2,A0d,offset,0.78,15,15,0.6928825024877656,0.6524310828632117,0.7333339221123195,0.6280027720817195,0.7497378352641509,탐색적/exploratory
oral_diseases,dinov2,A0d,offset,0.79,15,15,0.6804357435936382,0.6323266215337819,0.7285448656534945,0.6151572842362315,0.7497378352641509,탐색적/exploratory
oral_diseases,dinov2,A0d,offset,0.8,15,15,0.6804357435936382,0.6323266215337819,0.7285448656534945,0.6151572842362315,0.7497378352641509,탐색적/exploratory
oral_diseases,dinov2,A0d,offset,0.81,15,15,0.6804357435936382,0.6323266215337819,0.7285448656534945,0.6151572842362315,0.7497378352641509,탐색적/exploratory
oral_diseases,dinov2,A0d,offset,0.82,15,15,0.6804357435936382,0.6323266215337819,0.7285448656534945,0.6151572842362315,0.7497378352641509,탐색적/exploratory
oral_diseases,dinov2,A0d,offset,0.83,15,15,0.6804357435936382,0.6323266215337819,0.7285448656534945,0.6151572842362315,0.7497378352641509,탐색적/exploratory
oral_diseases,dinov2,A0d,offset,0.84,15,15,0.6778065209644156,0.6280081244280614,0.7276049175007698,0.6151572842362315,0.7497378352641509,탐색적/exploratory
oral_diseases,dinov2,A0d,offset,0.85,15,15,0.6671253015989858,0.6190412468089883,0.7152093563889832,0.595814054366686,0.7497378352641509,탐색적/exploratory
oral_diseases,dinov2,A0d,offset,0.86,15,15,0.6671253015989858,0.6190412468089883,0.7152093563889832,0.595814054366686,0.7497378352641509,탐색적/exploratory
oral_diseases,dinov2,A0d,offset,0.87,15,15,0.6671253015989858,0.6190412468089883,0.7152093563889832,0.595814054366686,0.7497378352641509,탐색적/exploratory
oral_diseases,dinov2,A0d,offset,0.88,15,15,0.6671253015989858,0.6190412468089883,0.7152093563889832,0.595814054366686,0.7497378352641509,탐색적/exploratory
oral_diseases,dinov2,A0d,offset,0.89,15,15,0.6650140794877636,0.6170422397611144,0.7129859192144128,0.595814054366686,0.7497378352641509,탐색적/exploratory
oral_diseases,dinov2,A0d,offset,0.9,15,15,0.641294392741761,0.5746776701815905,0.7079111153019315,0.5288600288600288,0.7497378352641509,탐색적/exploratory
oral_diseases,dinov2,A0d,offset,0.91,15,15,0.641294392741761,0.5746776701815905,0.7079111153019315,0.5288600288600288,0.7497378352641509,탐색적/exploratory
oral_diseases,dinov2,A0d,offset,0.92,15,15,0.641294392741761,0.5746776701815905,0.7079111153019315,0.5288600288600288,0.7497378352641509,탐색적/exploratory
oral_diseases,dinov2,A0d,offset,0.93,15,15,0.641294392741761,0.5746776701815905,0.7079111153019315,0.5288600288600288,0.7497378352641509,탐색적/exploratory
oral_diseases,dinov2,A0d,offset,0.94,15,15,0.641294392741761,0.5746776701815905,0.7079111153019315,0.5288600288600288,0.7497378352641509,탐색적/exploratory
oral_diseases,dinov2,A0d,offset,0.95,15,15,0.5668596218596219,0.4633698151624495,0.6703494285567944,0.4123321123321123,0.6949023199023199,탐색적/exploratory
oral_diseases,dinov2,A0d,offset,0.96,15,15,0.5668596218596219,0.4633698151624495,0.6703494285567944,0.4123321123321123,0.6949023199023199,탐색적/exploratory
oral_diseases,dinov2,A0d,offset,0.97,15,15,0.5668596218596219,0.4633698151624495,0.6703494285567944,0.4123321123321123,0.6949023199023199,탐색적/exploratory
oral_diseases,dinov2,A0d,offset,0.98,15,15,0.5668596218596219,0.4633698151624495,0.6703494285567944,0.4123321123321123,0.6949023199023199,탐색적/exploratory
oral_diseases,dinov2,A0d,offset,0.99,15,15,0.5668596218596219,0.4633698151624495,0.6703494285567944,0.4123321123321123,0.6949023199023199,탐색적/exploratory
oral_diseases,dinov2,A0d,offset,1.0,15,15,0.5668596218596219,0.4633698151624495,0.6703494285567944,0.4123321123321123,0.6949023199023199,탐색적/exploratory
oral_diseases,dinov2,A0d,union,0.0,15,15,0.7181664388243335,0.683145069072765,0.7531878085759021,0.6663372446267184,0.7758885850991114,탐색적/exploratory
oral_diseases,dinov2,A0d,union,0.01,15,15,0.7181664388243335,0.683145069072765,0.7531878085759021,0.6663372446267184,0.7758885850991114,탐색적/exploratory
oral_diseases,dinov2,A0d,union,0.02,15,15,0.7181664388243335,0.683145069072765,0.7531878085759021,0.6663372446267184,0.7758885850991114,탐색적/exploratory
oral_diseases,dinov2,A0d,union,0.03,15,15,0.7181664388243335,0.683145069072765,0.7531878085759021,0.6663372446267184,0.7758885850991114,탐색적/exploratory
oral_diseases,dinov2,A0d,union,0.04,15,15,0.7181664388243335,0.683145069072765,0.7531878085759021,0.6663372446267184,0.7758885850991114,탐색적/exploratory
oral_diseases,dinov2,A0d,union,0.05,15,15,0.7181664388243335,0.683145069072765,0.7531878085759021,0.6663372446267184,0.7758885850991114,탐색적/exploratory
oral_diseases,dinov2,A0d,union,0.06,15,15,0.7181664388243335,0.683145069072765,0.7531878085759021,0.6663372446267184,0.7758885850991114,탐색적/exploratory
oral_diseases,dinov2,A0d,union,0.07,15,15,0.7181664388243335,0.683145069072765,0.7531878085759021,0.6663372446267184,0.7758885850991114,탐색적/exploratory
oral_diseases,dinov2,A0d,union,0.08,15,15,0.7181664388243335,0.683145069072765,0.7531878085759021,0.6663372446267184,0.7758885850991114,탐색적/exploratory
oral_diseases,dinov2,A0d,union,0.09,15,15,0.7181664388243335,0.683145069072765,0.7531878085759021,0.6663372446267184,0.7758885850991114,탐색적/exploratory
oral_diseases,dinov2,A0d,union,0.1,15,15,0.7181664388243335,0.683145069072765,0.7531878085759021,0.6663372446267184,0.7758885850991114,탐색적/exploratory
oral_diseases,dinov2,A0d,union,0.11,15,15,0.7181664388243335,0.683145069072765,0.7531878085759021,0.6663372446267184,0.7758885850991114,탐색적/exploratory
oral_diseases,dinov2,A0d,union,0.12,15,15,0.7181664388243335,0.683145069072765,0.7531878085759021,0.6663372446267184,0.7758885850991114,탐색적/exploratory
oral_diseases,dinov2,A0d,union,0.13,15,15,0.7181664388243335,0.683145069072765,0.7531878085759021,0.6663372446267184,0.7758885850991114,탐색적/exploratory
oral_diseases,dinov2,A0d,union,0.14,15,15,0.7181664388243335,0.683145069072765,0.7531878085759021,0.6663372446267184,0.7758885850991114,탐색적/exploratory
oral_diseases,dinov2,A0d,union,0.15,15,15,0.7181664388243335,0.683145069072765,0.7531878085759021,0.6663372446267184,0.7758885850991114,탐색적/exploratory
oral_diseases,dinov2,A0d,union,0.16,15,15,0.7181664388243335,0.683145069072765,0.7531878085759021,0.6663372446267184,0.7758885850991114,탐색적/exploratory
oral_diseases,dinov2,A0d,union,0.17,15,15,0.7181664388243335,0.683145069072765,0.7531878085759021,0.6663372446267184,0.7758885850991114,탐색적/exploratory
oral_diseases,dinov2,A0d,union,0.18,15,15,0.7181664388243335,0.683145069072765,0.7531878085759021,0.6663372446267184,0.7758885850991114,탐색적/exploratory
oral_diseases,dinov2,A0d,union,0.19,15,15,0.7181664388243335,0.683145069072765,0.7531878085759021,0.6663372446267184,0.7758885850991114,탐색적/exploratory
oral_diseases,dinov2,A0d,union,0.2,15,15,0.7181664388243335,0.683145069072765,0.7531878085759021,0.6663372446267184,0.7758885850991114,탐색적/exploratory
oral_diseases,dinov2,A0d,union,0.21,15,15,0.7181664388243335,0.683145069072765,0.7531878085759021,0.6663372446267184,0.7758885850991114,탐색적/exploratory
oral_diseases,dinov2,A0d,union,0.22,15,15,0.7181664388243335,0.683145069072765,0.7531878085759021,0.6663372446267184,0.7758885850991114,탐색적/exploratory
oral_diseases,dinov2,A0d,union,0.23,15,15,0.7181664388243335,0.683145069072765,0.7531878085759021,0.6663372446267184,0.7758885850991114,탐색적/exploratory
oral_diseases,dinov2,A0d,union,0.24,15,15,0.7181664388243335,0.683145069072765,0.7531878085759021,0.6663372446267184,0.7758885850991114,탐색적/exploratory
oral_diseases,dinov2,A0d,union,0.25,15,15,0.7181664388243335,0.683145069072765,0.7531878085759021,0.6663372446267184,0.7758885850991114,탐색적/exploratory
oral_diseases,dinov2,A0d,union,0.26,15,15,0.7181664388243335,0.683145069072765,0.7531878085759021,0.6663372446267184,0.7758885850991114,탐색적/exploratory
oral_diseases,dinov2,A0d,union,0.27,15,15,0.7177740436950963,0.6823736189547759,0.7531744684354168,0.6663372446267184,0.7758885850991114,탐색적/exploratory
oral_diseases,dinov2,A0d,union,0.28,15,15,0.7177740436950963,0.6823736189547759,0.7531744684354168,0.6663372446267184,0.7758885850991114,탐색적/exploratory
oral_diseases,dinov2,A0d,union,0.29,15,15,0.7177740436950963,0.6823736189547759,0.7531744684354168,0.6663372446267184,0.7758885850991114,탐색적/exploratory
oral_diseases,dinov2,A0d,union,0.3,15,15,0.7177740436950963,0.6823736189547759,0.7531744684354168,0.6663372446267184,0.7758885850991114,탐색적/exploratory
oral_diseases,dinov2,A0d,union,0.31,15,15,0.7177740436950963,0.6823736189547759,0.7531744684354168,0.6663372446267184,0.7758885850991114,탐색적/exploratory
oral_diseases,dinov2,A0d,union,0.32,15,15,0.7177740436950963,0.6823736189547759,0.7531744684354168,0.6663372446267184,0.7758885850991114,탐색적/exploratory
oral_diseases,dinov2,A0d,union,0.33,15,15,0.7177740436950963,0.6823736189547759,0.7531744684354168,0.6663372446267184,0.7758885850991114,탐색적/exploratory
oral_diseases,dinov2,A0d,union,0.34,15,15,0.7177740436950963,0.6823736189547759,0.7531744684354168,0.6663372446267184,0.7758885850991114,탐색적/exploratory
oral_diseases,dinov2,A0d,union,0.35,15,15,0.7177740436950963,0.6823736189547759,0.7531744684354168,0.6663372446267184,0.7758885850991114,탐색적/exploratory
oral_diseases,dinov2,A0d,union,0.36,15,15,0.7177740436950963,0.6823736189547759,0.7531744684354168,0.6663372446267184,0.7758885850991114,탐색적/exploratory
oral_diseases,dinov2,A0d,union,0.37,15,15,0.7171170983013088,0.6808825373140578,0.7533516592885597,0.6663372446267184,0.7758885850991114,탐색적/exploratory
oral_diseases,dinov2,A0d,union,0.38,15,15,0.7171170983013088,0.6808825373140578,0.7533516592885597,0.6663372446267184,0.7758885850991114,탐색적/exploratory
oral_diseases,dinov2,A0d,union,0.39,15,15,0.7171170983013088,0.6808825373140578,0.7533516592885597,0.6663372446267184,0.7758885850991114,탐색적/exploratory
oral_diseases,dinov2,A0d,union,0.4,15,15,0.7171170983013088,0.6808825373140578,0.7533516592885597,0.6663372446267184,0.7758885850991114,탐색적/exploratory
oral_diseases,dinov2,A0d,union,0.41,15,15,0.7171170983013088,0.6808825373140578,0.7533516592885597,0.6663372446267184,0.7758885850991114,탐색적/exploratory
oral_diseases,dinov2,A0d,union,0.42,15,15,0.7171170983013088,0.6808825373140578,0.7533516592885597,0.6663372446267184,0.7758885850991114,탐색적/exploratory
oral_diseases,dinov2,A0d,union,0.43,15,15,0.7160310498468392,0.6771612016653571,0.7549008980283213,0.6500465178096757,0.7758885850991114,탐색적/exploratory
oral_diseases,dinov2,A0d,union,0.44,15,15,0.7160310498468392,0.6771612016653571,0.7549008980283213,0.6500465178096757,0.7758885850991114,탐색적/exploratory
oral_diseases,dinov2,A0d,union,0.45,15,15,0.7160310498468392,0.6771612016653571,0.7549008980283213,0.6500465178096757,0.7758885850991114,탐색적/exploratory
oral_diseases,dinov2,A0d,union,0.46,15,15,0.7160310498468392,0.6771612016653571,0.7549008980283213,0.6500465178096757,0.7758885850991114,탐색적/exploratory
oral_diseases,dinov2,A0d,union,0.47,15,15,0.7160310498468392,0.6771612016653571,0.7549008980283213,0.6500465178096757,0.7758885850991114,탐색적/exploratory
oral_diseases,dinov2,A0d,union,0.48,15,15,0.7144188024451182,0.675465273414475,0.7533723314757614,0.645660552897395,0.7758885850991114,탐색적/exploratory
oral_diseases,dinov2,A0d,union,0.49,15,15,0.7144188024451182,0.675465273414475,0.7533723314757614,0.645660552897395,0.7758885850991114,탐색적/exploratory
oral_diseases,dinov2,A0d,union,0.5,15,15,0.7144188024451182,0.675465273414475,0.7533723314757614,0.645660552897395,0.7758885850991114,탐색적/exploratory
oral_diseases,dinov2,A0d,union,0.51,15,15,0.7144188024451182,0.675465273414475,0.7533723314757614,0.645660552897395,0.7758885850991114,탐색적/exploratory
oral_diseases,dinov2,A0d,union,0.52,15,15,0.7144188024451182,0.675465273414475,0.7533723314757614,0.645660552897395,0.7758885850991114,탐색적/exploratory
oral_diseases,dinov2,A0d,union,0.53,15,15,0.7137618570513307,0.672923061685657,0.7546006524170044,0.6358063719905825,0.7758885850991114,탐색적/exploratory
oral_diseases,dinov2,A0d,union,0.54,15,15,0.7137618570513307,0.672923061685657,0.7546006524170044,0.6358063719905825,0.7758885850991114,탐색적/exploratory
oral_diseases,dinov2,A0d,union,0.55,15,15,0.7137618570513307,0.672923061685657,0.7546006524170044,0.6358063719905825,0.7758885850991114,탐색적/exploratory
oral_diseases,dinov2,A0d,union,0.56,15,15,0.7137618570513307,0.672923061685657,0.7546006524170044,0.6358063719905825,0.7758885850991114,탐색적/exploratory
oral_diseases,dinov2,A0d,union,0.57,15,15,0.7137618570513307,0.672923061685657,0.7546006524170044,0.6358063719905825,0.7758885850991114,탐색적/exploratory
oral_diseases,dinov2,A0d,union,0.58,15,15,0.7136358621884936,0.6730930447276838,0.7541786796493034,0.6358063719905825,0.7739986621565569,탐색적/exploratory
oral_diseases,dinov2,A0d,union,0.59,15,15,0.7136358621884936,0.6730930447276838,0.7541786796493034,0.6358063719905825,0.7739986621565569,탐색적/exploratory
oral_diseases,dinov2,A0d,union,0.6,15,15,0.7136358621884936,0.6730930447276838,0.7541786796493034,0.6358063719905825,0.7739986621565569,탐색적/exploratory
oral_diseases,dinov2,A0d,union,0.61,15,15,0.7136358621884936,0.6730930447276838,0.7541786796493034,0.6358063719905825,0.7739986621565569,탐색적/exploratory
oral_diseases,dinov2,A0d,union,0.62,15,15,0.7134212619738934,0.6726048348042751,0.7542376891435117,0.6358063719905825,0.7739986621565569,탐색적/exploratory
oral_diseases,dinov2,A0d,union,0.63,15,15,0.7134212619738934,0.6726048348042751,0.7542376891435117,0.6358063719905825,0.7739986621565569,탐색적/exploratory
oral_diseases,dinov2,A0d,union,0.64,15,15,0.7109858805911436,0.6686520153495894,0.7533197458326979,0.6303381559960507,0.7739986621565569,탐색적/exploratory
oral_diseases,dinov2,A0d,union,0.65,15,15,0.7109858805911436,0.6686520153495894,0.7533197458326979,0.6303381559960507,0.7739986621565569,탐색적/exploratory
oral_diseases,dinov2,A0d,union,0.66,15,15,0.7109858805911436,0.6686520153495894,0.7533197458326979,0.6303381559960507,0.7739986621565569,탐색적/exploratory
oral_diseases,dinov2,A0d,union,0.67,15,15,0.7109858805911436,0.6686520153495894,0.7533197458326979,0.6303381559960507,0.7739986621565569,탐색적/exploratory
oral_diseases,dinov2,A0d,union,0.68,15,15,0.7109858805911436,0.6686520153495894,0.7533197458326979,0.6303381559960507,0.7739986621565569,탐색적/exploratory
oral_diseases,dinov2,A0d,union,0.69,15,15,0.6988734851892746,0.6590604928450212,0.738686477533528,0.6280027720817195,0.756545209176788,탐색적/exploratory
oral_diseases,dinov2,A0d,union,0.7,15,15,0.6988734851892746,0.6590604928450212,0.738686477533528,0.6280027720817195,0.756545209176788,탐색적/exploratory
oral_diseases,dinov2,A0d,union,0.71,15,15,0.6988734851892746,0.6590604928450212,0.738686477533528,0.6280027720817195,0.756545209176788,탐색적/exploratory
oral_diseases,dinov2,A0d,union,0.72,15,15,0.6988734851892746,0.6590604928450212,0.738686477533528,0.6280027720817195,0.756545209176788,탐색적/exploratory
oral_diseases,dinov2,A0d,union,0.73,15,15,0.697291363607153,0.6575119242627644,0.7370708029515417,0.6280027720817195,0.756545209176788,탐색적/exploratory
oral_diseases,dinov2,A0d,union,0.74,15,15,0.6936151032203663,0.6535029529997419,0.7337272534409908,0.6280027720817195,0.7497378352641509,탐색적/exploratory
oral_diseases,dinov2,A0d,union,0.75,15,15,0.6936151032203663,0.6535029529997419,0.7337272534409908,0.6280027720817195,0.7497378352641509,탐색적/exploratory
oral_diseases,dinov2,A0d,union,0.76,15,15,0.6936151032203663,0.6535029529997419,0.7337272534409908,0.6280027720817195,0.7497378352641509,탐색적/exploratory
oral_diseases,dinov2,A0d,union,0.77,15,15,0.6936151032203663,0.6535029529997419,0.7337272534409908,0.6280027720817195,0.7497378352641509,탐색적/exploratory
oral_diseases,dinov2,A0d,union,0.78,15,15,0.6928825024877656,0.6524310828632117,0.7333339221123195,0.6280027720817195,0.7497378352641509,탐색적/exploratory
oral_diseases,dinov2,A0d,union,0.79,15,15,0.6804357435936382,0.6323266215337819,0.7285448656534945,0.6151572842362315,0.7497378352641509,탐색적/exploratory
oral_diseases,dinov2,A0d,union,0.8,15,15,0.6804357435936382,0.6323266215337819,0.7285448656534945,0.6151572842362315,0.7497378352641509,탐색적/exploratory
oral_diseases,dinov2,A0d,union,0.81,15,15,0.6804357435936382,0.6323266215337819,0.7285448656534945,0.6151572842362315,0.7497378352641509,탐색적/exploratory
oral_diseases,dinov2,A0d,union,0.82,15,15,0.6804357435936382,0.6323266215337819,0.7285448656534945,0.6151572842362315,0.7497378352641509,탐색적/exploratory
oral_diseases,dinov2,A0d,union,0.83,15,15,0.6804357435936382,0.6323266215337819,0.7285448656534945,0.6151572842362315,0.7497378352641509,탐색적/exploratory
oral_diseases,dinov2,A0d,union,0.84,15,15,0.6778065209644156,0.6280081244280614,0.7276049175007698,0.6151572842362315,0.7497378352641509,탐색적/exploratory
oral_diseases,dinov2,A0d,union,0.85,15,15,0.6671253015989858,0.6190412468089883,0.7152093563889832,0.595814054366686,0.7497378352641509,탐색적/exploratory
oral_diseases,dinov2,A0d,union,0.86,15,15,0.6671253015989858,0.6190412468089883,0.7152093563889832,0.595814054366686,0.7497378352641509,탐색적/exploratory
oral_diseases,dinov2,A0d,union,0.87,15,15,0.6671253015989858,0.6190412468089883,0.7152093563889832,0.595814054366686,0.7497378352641509,탐색적/exploratory
oral_diseases,dinov2,A0d,union,0.88,15,15,0.6671253015989858,0.6190412468089883,0.7152093563889832,0.595814054366686,0.7497378352641509,탐색적/exploratory
oral_diseases,dinov2,A0d,union,0.89,15,15,0.6650140794877636,0.6170422397611144,0.7129859192144128,0.595814054366686,0.7497378352641509,탐색적/exploratory
oral_diseases,dinov2,A0d,union,0.9,15,15,0.641294392741761,0.5746776701815905,0.7079111153019315,0.5288600288600288,0.7497378352641509,탐색적/exploratory
oral_diseases,dinov2,A0d,union,0.91,15,15,0.641294392741761,0.5746776701815905,0.7079111153019315,0.5288600288600288,0.7497378352641509,탐색적/exploratory
oral_diseases,dinov2,A0d,union,0.92,15,15,0.641294392741761,0.5746776701815905,0.7079111153019315,0.5288600288600288,0.7497378352641509,탐색적/exploratory
oral_diseases,dinov2,A0d,union,0.93,15,15,0.641294392741761,0.5746776701815905,0.7079111153019315,0.5288600288600288,0.7497378352641509,탐색적/exploratory
oral_diseases,dinov2,A0d,union,0.94,15,15,0.641294392741761,0.5746776701815905,0.7079111153019315,0.5288600288600288,0.7497378352641509,탐색적/exploratory
oral_diseases,dinov2,A0d,union,0.95,15,15,0.5668596218596219,0.4633698151624495,0.6703494285567944,0.4123321123321123,0.6949023199023199,탐색적/exploratory
oral_diseases,dinov2,A0d,union,0.96,15,15,0.5668596218596219,0.4633698151624495,0.6703494285567944,0.4123321123321123,0.6949023199023199,탐색적/exploratory
oral_diseases,dinov2,A0d,union,0.97,15,15,0.5668596218596219,0.4633698151624495,0.6703494285567944,0.4123321123321123,0.6949023199023199,탐색적/exploratory
oral_diseases,dinov2,A0d,union,0.98,15,15,0.5668596218596219,0.4633698151624495,0.6703494285567944,0.4123321123321123,0.6949023199023199,탐색적/exploratory
oral_diseases,dinov2,A0d,union,0.99,15,15,0.5668596218596219,0.4633698151624495,0.6703494285567944,0.4123321123321123,0.6949023199023199,탐색적/exploratory
oral_diseases,dinov2,A0d,union,1.0,15,15,0.5668596218596219,0.4633698151624495,0.6703494285567944,0.4123321123321123,0.6949023199023199,탐색적/exploratory
