bacc,mcc,macro_mae,per_class_recall,arm,dataset,fold,seed,backbone,n_train,n_test
0.6716411512464145,0.6414920075751903,0.5769230769230769,"[0.9375, 0.9333333333333333, 0.5, 0.6111111111111112, 0.5454545454545454, 0.7894736842105263, 0.38461538461538464]",A3n,oral_diseases,0,0,panderm,412,104
0.742071086807929,0.6842515396587112,0.5048543689320388,"[1.0, 0.9333333333333333, 0.75, 0.5, 0.8181818181818182, 0.5263157894736842, 0.6666666666666666]",A3n,oral_diseases,1,0,panderm,413,103
0.7121259588364852,0.6706507468392808,0.5339805825242718,"[0.8125, 1.0, 0.75, 0.7222222222222222, 0.45454545454545453, 0.5789473684210527, 0.6666666666666666]",A3n,oral_diseases,2,0,panderm,413,103
0.7364968364968367,0.6846469488182388,0.49514563106796117,"[0.8666666666666667, 0.9333333333333333, 0.5384615384615384, 0.5555555555555556, 0.7272727272727273, 0.6111111111111112, 0.9230769230769231]",A3n,oral_diseases,3,0,panderm,413,103
0.7229925775978409,0.692288210248763,0.5533980582524272,"[0.8125, 0.9333333333333333, 0.6666666666666666, 0.6666666666666666, 0.5, 0.7894736842105263, 0.6923076923076923]",A3n,oral_diseases,4,0,panderm,413,103
0.7216496223075171,0.6741433132291615,0.46153846153846156,"[0.9375, 0.9333333333333333, 0.5, 0.5, 0.7272727272727273, 0.6842105263157895, 0.7692307692307693]",A3n,oral_diseases,5,0,panderm,412,104
0.7452703729019517,0.7055384757170675,0.5339805825242718,"[0.875, 0.9333333333333333, 0.75, 0.6111111111111112, 0.7272727272727273, 0.7368421052631579, 0.5833333333333334]",A3n,oral_diseases,6,0,panderm,413,103
0.7034290271132376,0.6481321436507378,0.5242718446601942,"[0.75, 0.8, 0.5833333333333334, 0.6666666666666666, 0.9090909090909091, 0.631578947368421, 0.5833333333333334]",A3n,oral_diseases,7,0,panderm,413,103
0.8014985014985015,0.7544772829185845,0.47572815533980584,"[0.9333333333333333, 1.0, 0.6923076923076923, 0.6666666666666666, 0.8181818181818182, 0.5, 1.0]",A3n,oral_diseases,8,0,panderm,413,103
0.7575999293104558,0.7077707136110015,0.4563106796116505,"[0.9375, 1.0, 0.5833333333333334, 0.6111111111111112, 0.9, 0.5789473684210527, 0.6923076923076923]",A3n,oral_diseases,9,0,panderm,413,103
0.7410316291895239,0.6962295959958138,0.49038461538461536,"[0.875, 1.0, 0.5833333333333334, 0.6111111111111112, 0.8181818181818182, 0.6842105263157895, 0.6153846153846154]",A3n,oral_diseases,10,0,panderm,412,104
0.6752658160552897,0.6145941526683881,0.6116504854368932,"[0.875, 0.9333333333333333, 0.6666666666666666, 0.6111111111111112, 0.6363636363636364, 0.42105263157894735, 0.5833333333333334]",A3n,oral_diseases,11,0,panderm,413,103
0.780103668261563,0.7283992706384291,0.33980582524271846,"[0.875, 1.0, 0.8333333333333334, 0.5, 0.8181818181818182, 0.6842105263157895, 0.75]",A3n,oral_diseases,12,0,panderm,413,103
0.7033633033633034,0.6617214343652491,0.5631067961165048,"[0.8666666666666667, 0.9333333333333333, 0.6923076923076923, 0.7777777777777778, 0.6363636363636364, 0.5555555555555556, 0.46153846153846156]",A3n,oral_diseases,13,0,panderm,413,103
0.7431575734207314,0.68266835175746,0.4563106796116505,"[0.875, 1.0, 0.75, 0.6111111111111112, 0.8, 0.47368421052631576, 0.6923076923076923]",A3n,oral_diseases,14,0,panderm,413,103
0.681164960770224,0.6523999861146879,0.5961538461538461,"[0.9375, 1.0, 0.5, 0.6111111111111112, 0.5454545454545454, 0.7894736842105263, 0.38461538461538464]",A4n,oral_diseases,0,0,panderm,412,104
0.8041771094402673,0.7442427108947421,0.4174757281553398,"[1.0, 0.9333333333333333, 0.8333333333333334, 0.5555555555555556, 1.0, 0.47368421052631576, 0.8333333333333334]",A4n,oral_diseases,1,0,panderm,413,103
0.713782562466773,0.6700255048015491,0.5145631067961165,"[0.875, 1.0, 0.6666666666666666, 0.6111111111111112, 0.5454545454545454, 0.631578947368421, 0.6666666666666666]",A4n,oral_diseases,2,0,panderm,413,103
0.7584748584748586,0.7071746686255695,0.4174757281553398,"[0.8666666666666667, 0.9333333333333333, 0.6923076923076923, 0.5, 0.7272727272727273, 0.6666666666666666, 0.9230769230769231]",A4n,oral_diseases,3,0,panderm,413,103
0.755385258016837,0.7156299129645175,0.4854368932038835,"[0.75, 1.0, 0.6666666666666666, 0.6111111111111112, 0.6, 0.7368421052631579, 0.9230769230769231]",A4n,oral_diseases,4,0,panderm,413,103
0.7423967845020477,0.7072933638379626,0.3942307692307692,"[1.0, 0.9333333333333333, 0.6666666666666666, 0.5555555555555556, 0.6363636363636364, 0.7894736842105263, 0.6153846153846154]",A4n,oral_diseases,5,0,panderm,412,104
0.7257566264145213,0.6808112578871974,0.49514563106796117,"[0.9375, 0.9333333333333333, 0.6666666666666666, 0.5555555555555556, 0.6363636363636364, 0.6842105263157895, 0.6666666666666666]",A4n,oral_diseases,6,0,panderm,413,103
0.7320004556846662,0.682846406048811,0.46601941747572817,"[0.75, 1.0, 0.5833333333333334, 0.6666666666666666, 0.9090909090909091, 0.631578947368421, 0.5833333333333334]",A4n,oral_diseases,7,0,panderm,413,103
0.7984459984459985,0.7533974192486541,0.4563106796116505,"[0.9333333333333333, 1.0, 0.6923076923076923, 0.6666666666666666, 0.8181818181818182, 0.5555555555555556, 0.9230769230769231]",A4n,oral_diseases,8,0,panderm,413,103
0.7071476768845191,0.6587688381171847,0.46601941747572817,"[0.875, 1.0, 0.6666666666666666, 0.6666666666666666, 0.6, 0.5263157894736842, 0.6153846153846154]",A4n,oral_diseases,9,0,panderm,413,103
0.8059013355065987,0.7653570833654408,0.3173076923076923,"[0.9375, 1.0, 0.75, 0.5, 0.8181818181818182, 0.7894736842105263, 0.8461538461538461]",A4n,oral_diseases,10,0,panderm,412,104
0.6906309333940913,0.6387569661490117,0.5436893203883495,"[0.9375, 0.9333333333333333, 0.6666666666666666, 0.6111111111111112, 0.5454545454545454, 0.47368421052631576, 0.6666666666666666]",A4n,oral_diseases,11,0,panderm,413,103
0.7805213792055898,0.727956938781612,0.3883495145631068,"[0.875, 1.0, 0.8333333333333334, 0.5555555555555556, 0.8181818181818182, 0.631578947368421, 0.75]",A4n,oral_diseases,12,0,panderm,413,103
0.7058830058830059,0.6597651265386969,0.5631067961165048,"[0.8, 0.9333333333333333, 0.7692307692307693, 0.6666666666666666, 0.5454545454545454, 0.6111111111111112, 0.6153846153846154]",A4n,oral_diseases,13,0,panderm,413,103
0.7824778291883555,0.7275243756752976,0.4368932038834951,"[0.8125, 1.0, 0.75, 0.6666666666666666, 0.9, 0.5789473684210527, 0.7692307692307693]",A4n,oral_diseases,14,0,panderm,413,103
0.6861670336977158,0.7458601181034874,0.20600272851296045,"[0.9889196675900277, 0.581081081081081, 0.78, 0.5384615384615384, 0.5423728813559322]",B3n,aptos2019,0,0,panderm,2929,733
0.6738955822124985,0.7186398765053266,0.24010914051841747,"[0.9750692520775623, 0.6891891891891891, 0.71, 0.4358974358974359, 0.559322033898305]",B3n,aptos2019,1,0,panderm,2929,733
0.6839630016889513,0.7327232442841977,0.21721311475409835,"[0.9778393351800554, 0.7027027027027027, 0.725, 0.42105263157894735, 0.5932203389830508]",B3n,aptos2019,2,0,panderm,2930,732
0.6767843738381322,0.7269849195208327,0.23087431693989072,"[0.9750692520775623, 0.6621621621621622, 0.74, 0.4473684210526316, 0.559322033898305]",B3n,aptos2019,3,0,panderm,2930,732
0.6301810934906221,0.6961265968669379,0.24726775956284153,"[0.9861495844875346, 0.4189189189189189, 0.7336683417085427, 0.4358974358974359, 0.576271186440678]",B3n,aptos2019,4,0,panderm,2930,732
0.6580645246473689,0.7199785357095675,0.2305593451568895,"[0.9861495844875346, 0.5945945945945946, 0.74, 0.41025641025641024, 0.559322033898305]",B3n,aptos2019,5,0,panderm,2929,733
0.6864804660124627,0.7443350932338479,0.2155525238744884,"[0.9861495844875346, 0.581081081081081, 0.76, 0.41025641025641024, 0.6949152542372882]",B3n,aptos2019,6,0,panderm,2929,733
0.6903515023545073,0.7422570651855455,0.21994535519125682,"[0.9861495844875346, 0.6351351351351351, 0.76, 0.5789473684210527, 0.4915254237288136]",B3n,aptos2019,7,0,panderm,2930,732
0.6820056708664155,0.7334805742916773,0.2226775956284153,"[0.9889196675900277, 0.6216216216216216, 0.725, 0.4473684210526316, 0.6271186440677966]",B3n,aptos2019,8,0,panderm,2930,732
0.6214439678089209,0.6785908129109608,0.2677595628415301,"[0.9750692520775623, 0.5675675675675675, 0.6884422110552764, 0.38461538461538464, 0.4915254237288136]",B3n,aptos2019,9,0,panderm,2930,732
0.6948195819434846,0.7517618188638459,0.20054570259208732,"[0.9889196675900277, 0.6621621621621622, 0.76, 0.4358974358974359, 0.6271186440677966]",B3n,aptos2019,10,0,panderm,2929,733
0.6698694867783088,0.7143097447402004,0.23874488403819918,"[0.9778393351800554, 0.6621621621621622, 0.705, 0.5128205128205128, 0.4915254237288136]",B3n,aptos2019,11,0,panderm,2929,733
0.6508913741667861,0.7061308196609852,0.24316939890710382,"[0.9722991689750693, 0.6621621621621622, 0.715, 0.4473684210526316, 0.4576271186440678]",B3n,aptos2019,12,0,panderm,2930,732
0.6512921225841081,0.716536800549629,0.23633879781420766,"[0.9806094182825484, 0.6081081081081081, 0.74, 0.3684210526315789, 0.559322033898305]",B3n,aptos2019,13,0,panderm,2930,732
0.6547308717581416,0.7189447558388536,0.23497267759562843,"[0.9861495844875346, 0.527027027027027, 0.7487437185929648, 0.38461538461538464, 0.6271186440677966]",B3n,aptos2019,14,0,panderm,2930,732
0.6544077633452253,0.733322594906693,0.23192360163710776,"[0.9889196675900277, 0.5945945945945946, 0.795, 0.4358974358974359, 0.4576271186440678]",B4n,aptos2019,0,0,panderm,2929,733
0.6410902801699083,0.7260006482010196,0.2373806275579809,"[0.9750692520775623, 0.6891891891891891, 0.785, 0.23076923076923078, 0.5254237288135594]",B4n,aptos2019,1,0,panderm,2929,733
0.6341011492735987,0.7245136154045433,0.2390710382513661,"[0.9806094182825484, 0.6621621621621622, 0.79, 0.2631578947368421, 0.4745762711864407]",B4n,aptos2019,2,0,panderm,2930,732
0.6899583726174175,0.7416721238434585,0.22540983606557377,"[0.9778393351800554, 0.6621621621621622, 0.775, 0.5263157894736842, 0.5084745762711864]",B4n,aptos2019,3,0,panderm,2930,732
0.6227908705906471,0.7056320947851343,0.2527322404371585,"[0.9861495844875346, 0.4864864864864865, 0.7738693467336684, 0.358974358974359, 0.5084745762711864]",B4n,aptos2019,4,0,panderm,2930,732
0.6043821223195842,0.6970971371966267,0.2646657571623465,"[0.9889196675900277, 0.5945945945945946, 0.75, 0.23076923076923078, 0.4576271186440678]",B4n,aptos2019,5,0,panderm,2929,733
0.6895416732431616,0.7507689700763778,0.21282401091405184,"[0.9861495844875346, 0.6081081081081081, 0.79, 0.48717948717948717, 0.576271186440678]",B4n,aptos2019,6,0,panderm,2929,733
0.646415007429609,0.7175939416175553,0.25546448087431695,"[0.9861495844875346, 0.6756756756756757, 0.75, 0.4473684210526316, 0.3728813559322034]",B4n,aptos2019,7,0,panderm,2930,732
0.6400205948001619,0.716302428946957,0.24180327868852458,"[0.9889196675900277, 0.6351351351351351, 0.75, 0.3684210526315789, 0.4576271186440678]",B4n,aptos2019,8,0,panderm,2930,732
0.5880158655536318,0.6878037314892683,0.28005464480874315,"[0.9750692520775623, 0.527027027027027, 0.7839195979899497, 0.1794871794871795, 0.4745762711864407]",B4n,aptos2019,9,0,panderm,2930,732
0.6604285687884448,0.7346261394587392,0.23192360163710776,"[0.9916897506925207, 0.581081081081081, 0.785, 0.4358974358974359, 0.5084745762711864]",B4n,aptos2019,10,0,panderm,2929,733
0.606780970621996,0.6898874857088382,0.27012278308321963,"[0.9778393351800554, 0.6081081081081081, 0.75, 0.358974358974359, 0.3389830508474576]",B4n,aptos2019,11,0,panderm,2929,733
0.647208002405899,0.7309013451074376,0.24043715846994534,"[0.9833795013850416, 0.6756756756756757, 0.8, 0.42105263157894735, 0.3559322033898305]",B4n,aptos2019,12,0,panderm,2930,732
0.6423926843412265,0.7300217718949632,0.22950819672131148,"[0.9806094182825484, 0.6216216216216216, 0.81, 0.34210526315789475, 0.4576271186440678]",B4n,aptos2019,13,0,panderm,2930,732
0.6518168985775812,0.7338595701470458,0.23087431693989072,"[0.9861495844875346, 0.5675675675675675, 0.8040201005025126, 0.358974358974359, 0.5423728813559322]",B4n,aptos2019,14,0,panderm,2930,732
0.6685956587272377,0.6418598966398769,0.5576923076923077,"[0.9375, 1.0, 0.5, 0.6666666666666666, 0.45454545454545453, 0.7368421052631579, 0.38461538461538464]",A3n,oral_diseases,0,1,panderm,412,104
0.7269461532619428,0.654382486148625,0.5436893203883495,"[1.0, 0.8666666666666667, 0.8333333333333334, 0.4444444444444444, 0.9090909090909091, 0.3684210526315789, 0.6666666666666666]",A3n,oral_diseases,1,1,panderm,413,103
0.757941254651781,0.7064624189090819,0.5242718446601942,"[0.8125, 1.0, 0.9166666666666666, 0.6111111111111112, 0.6363636363636364, 0.5789473684210527, 0.75]",A3n,oral_diseases,2,1,panderm,413,103
0.7354312354312353,0.6849345385335747,0.44660194174757284,"[0.7333333333333333, 0.9333333333333333, 0.9230769230769231, 0.5, 0.5454545454545454, 0.6666666666666666, 0.8461538461538461]",A3n,oral_diseases,3,1,panderm,413,103
0.7455658376711007,0.7150353743380461,0.5242718446601942,"[0.75, 1.0, 0.6666666666666666, 0.6666666666666666, 0.5, 0.7894736842105263, 0.8461538461538461]",A3n,oral_diseases,4,1,panderm,413,103
0.7489195015510804,0.7083428033001579,0.38461538461538464,"[1.0, 0.9333333333333333, 0.6666666666666666, 0.5, 0.6363636363636364, 0.7368421052631579, 0.7692307692307693]",A3n,oral_diseases,5,1,panderm,412,104
0.7277407533986482,0.6819290437264609,0.5339805825242718,"[0.8125, 0.9333333333333333, 0.75, 0.6111111111111112, 0.6363636363636364, 0.6842105263157895, 0.6666666666666666]",A3n,oral_diseases,6,1,panderm,413,103
0.7236462368041315,0.6721494438733234,0.44660194174757284,"[0.75, 1.0, 0.4166666666666667, 0.5555555555555556, 0.9090909090909091, 0.6842105263157895, 0.75]",A3n,oral_diseases,7,1,panderm,413,103
0.7654789654789654,0.7187051198434514,0.5436893203883495,"[0.9333333333333333, 1.0, 0.6153846153846154, 0.7222222222222222, 0.8181818181818182, 0.5, 0.7692307692307693]",A3n,oral_diseases,8,1,panderm,413,103
0.6943729516097937,0.6274357992621993,0.6893203883495146,"[0.8125, 1.0, 0.5833333333333334, 0.5, 0.9, 0.5263157894736842, 0.5384615384615384]",A3n,oral_diseases,9,1,panderm,413,103
0.7861447762763553,0.744307249271246,0.3942307692307692,"[0.9375, 1.0, 1.0, 0.5, 0.6363636363636364, 0.7368421052631579, 0.6923076923076923]",A3n,oral_diseases,10,1,panderm,412,104
0.7019015341383763,0.6487928314206067,0.5631067961165048,"[0.9375, 1.0, 0.5833333333333334, 0.5555555555555556, 0.7272727272727273, 0.5263157894736842, 0.5833333333333334]",A3n,oral_diseases,11,1,panderm,413,103
0.741142629300524,0.6928285655416301,0.42718446601941745,"[0.875, 1.0, 0.8333333333333334, 0.5, 0.5454545454545454, 0.6842105263157895, 0.75]",A3n,oral_diseases,12,1,panderm,413,103
0.7088911088911088,0.6707680537209774,0.5631067961165048,"[0.8666666666666667, 1.0, 0.7692307692307693, 0.6666666666666666, 0.45454545454545453, 0.6666666666666666, 0.5384615384615384]",A3n,oral_diseases,13,1,panderm,413,103
0.759065130775657,0.7053871095020755,0.4368932038834951,"[0.9375, 0.9333333333333333, 0.5833333333333334, 0.6111111111111112, 0.9, 0.5789473684210527, 0.7692307692307693]",A3n,oral_diseases,14,1,panderm,413,103
0.6855509256825048,0.6525184190545597,0.5673076923076923,"[0.9375, 1.0, 0.5833333333333334, 0.6111111111111112, 0.5454545454545454, 0.7368421052631579, 0.38461538461538464]",A4n,oral_diseases,0,1,panderm,412,104
0.7634123186754767,0.6994463587668415,0.5145631067961165,"[1.0, 0.9333333333333333, 0.8333333333333334, 0.4444444444444444, 0.9090909090909091, 0.47368421052631576, 0.75]",A4n,oral_diseases,1,1,panderm,413,103
0.7178410040252146,0.6699902313512074,0.5631067961165048,"[0.8125, 1.0, 0.6666666666666666, 0.6111111111111112, 0.6363636363636364, 0.631578947368421, 0.6666666666666666]",A4n,oral_diseases,2,1,panderm,413,103
0.7584748584748586,0.707182337710872,0.42718446601941745,"[0.8666666666666667, 0.9333333333333333, 0.6923076923076923, 0.5, 0.7272727272727273, 0.6666666666666666, 0.9230769230769231]",A4n,oral_diseases,3,1,panderm,413,103
0.7410995437311226,0.7048272980594954,0.46601941747572817,"[0.75, 1.0, 0.6666666666666666, 0.6111111111111112, 0.5, 0.7368421052631579, 0.9230769230769231]",A4n,oral_diseases,4,1,panderm,413,103
0.7463650384703016,0.7075781187964697,0.3942307692307692,"[1.0, 0.9333333333333333, 0.75, 0.5, 0.6363636363636364, 0.7894736842105263, 0.6153846153846154]",A4n,oral_diseases,5,1,panderm,412,104
0.7520344421660211,0.7152509680156729,0.39805825242718446,"[0.9375, 0.9333333333333333, 0.6666666666666666, 0.6111111111111112, 0.5454545454545454, 0.7368421052631579, 0.8333333333333334]",A4n,oral_diseases,6,1,panderm,413,103
0.7240639477481583,0.6722966567278422,0.44660194174757284,"[0.75, 1.0, 0.5833333333333334, 0.6111111111111112, 0.9090909090909091, 0.631578947368421, 0.5833333333333334]",A4n,oral_diseases,7,1,panderm,413,103
0.7905094905094906,0.7427087936367653,0.47572815533980584,"[0.9333333333333333, 1.0, 0.6923076923076923, 0.6666666666666666, 0.8181818181818182, 0.5, 0.9230769230769231]",A4n,oral_diseases,8,1,panderm,413,103
0.6923430370798792,0.6369472923605799,0.5339805825242718,"[0.75, 1.0, 0.6666666666666666, 0.6111111111111112, 0.6, 0.5263157894736842, 0.6923076923076923]",A4n,oral_diseases,9,1,panderm,413,103
0.776466954098533,0.732573445357197,0.3557692307692308,"[0.875, 1.0, 0.75, 0.5, 0.7272727272727273, 0.7368421052631579, 0.8461538461538461]",A4n,oral_diseases,10,1,panderm,412,104
0.6882499810131388,0.6388396967959925,0.5728155339805825,"[0.9375, 1.0, 0.6666666666666666, 0.6111111111111112, 0.5454545454545454, 0.47368421052631576, 0.5833333333333334]",A4n,oral_diseases,11,1,panderm,413,103
0.76068010936432,0.7051944722684044,0.4077669902912621,"[0.875, 1.0, 0.75, 0.5, 0.8181818181818182, 0.631578947368421, 0.75]",A4n,oral_diseases,12,1,panderm,413,103
0.7138195138195138,0.6711143156706215,0.5631067961165048,"[0.8, 0.9333333333333333, 0.7692307692307693, 0.6666666666666666, 0.5454545454545454, 0.6666666666666666, 0.6153846153846154]",A4n,oral_diseases,13,1,panderm,413,103
0.7680949167791274,0.7158524822040194,0.4368932038834951,"[0.875, 1.0, 0.6666666666666666, 0.6111111111111112, 0.9, 0.631578947368421, 0.6923076923076923]",A4n,oral_diseases,14,1,panderm,413,103
0.6861670336977158,0.7454462881396001,0.2100954979536153,"[0.9889196675900277, 0.581081081081081, 0.78, 0.5384615384615384, 0.5423728813559322]",B3n,aptos2019,0,1,panderm,2929,733
0.664674843873116,0.7164129184850779,0.23874488403819918,"[0.9750692520775623, 0.6756756756756757, 0.72, 0.41025641025641024, 0.5423728813559322]",B3n,aptos2019,1,1,panderm,2929,733
0.6825731711804768,0.7343705275785761,0.2185792349726776,"[0.9778393351800554, 0.7027027027027027, 0.735, 0.42105263157894735, 0.576271186440678]",B3n,aptos2019,2,1,panderm,2930,732
0.6703725298611912,0.7266777909268001,0.23224043715846995,"[0.9778393351800554, 0.6486486486486487, 0.745, 0.42105263157894735, 0.559322033898305]",B3n,aptos2019,3,1,panderm,2930,732
0.628853030333365,0.6964238807809163,0.25136612021857924,"[0.9833795013850416, 0.43243243243243246, 0.7336683417085427, 0.38461538461538464, 0.6101694915254238]",B3n,aptos2019,4,1,panderm,2930,732
0.6521206775183958,0.7124788637460561,0.23192360163710776,"[0.9833795013850416, 0.5945945945945946, 0.73, 0.41025641025641024, 0.5423728813559322]",B3n,aptos2019,5,1,panderm,2929,733
0.6793879328012855,0.7384637181641965,0.21691678035470668,"[0.9861495844875346, 0.5675675675675675, 0.755, 0.41025641025641024, 0.6779661016949152]",B3n,aptos2019,6,1,panderm,2929,733
0.682543464164667,0.7388504692694198,0.22131147540983606,"[0.9861495844875346, 0.6756756756756757, 0.75, 0.5263157894736842, 0.4745762711864407]",B3n,aptos2019,7,1,panderm,2930,732
0.6797489515432142,0.7314072099671698,0.22131147540983606,"[0.9861495844875346, 0.6081081081081081, 0.73, 0.4473684210526316, 0.6271186440677966]",B3n,aptos2019,8,1,panderm,2930,732
0.6257764409856151,0.6893967190255209,0.26366120218579236,"[0.9750692520775623, 0.5540540540540541, 0.7236180904522613, 0.38461538461538464, 0.4915254237288136]",B3n,aptos2019,9,1,panderm,2930,732
0.701393770451191,0.7557427143232232,0.2019099590723056,"[0.9861495844875346, 0.6621621621621622, 0.77, 0.46153846153846156, 0.6271186440677966]",B3n,aptos2019,10,1,panderm,2929,733
0.6755517085270125,0.7182702252395297,0.23465211459754434,"[0.9806094182825484, 0.6621621621621622, 0.705, 0.5384615384615384, 0.4915254237288136]",B3n,aptos2019,11,1,panderm,2929,733
0.6589839073779634,0.7136668527418256,0.24316939890710382,"[0.9722991689750693, 0.6756756756756757, 0.725, 0.4473684210526316, 0.4745762711864407]",B3n,aptos2019,12,1,panderm,2930,732
0.6603349414957942,0.716536800549629,0.2336065573770492,"[0.9806094182825484, 0.6081081081081081, 0.725, 0.39473684210526316, 0.5932203389830508]",B3n,aptos2019,13,1,panderm,2930,732
0.6578845829659737,0.7213513365398379,0.23224043715846995,"[0.9833795013850416, 0.5405405405405406, 0.7537688442211056, 0.38461538461538464, 0.6271186440677966]",B3n,aptos2019,14,1,panderm,2930,732
0.643464225283043,0.7293389396741058,0.23328785811732605,"[0.9889196675900277, 0.6081081081081081, 0.795, 0.38461538461538464, 0.4406779661016949]",B4n,aptos2019,0,1,panderm,2929,733
0.6389928409016629,0.7237545339818808,0.23874488403819918,"[0.9778393351800554, 0.6891891891891891, 0.78, 0.2564102564102564, 0.4915254237288136]",B4n,aptos2019,1,1,panderm,2929,733
0.6397541376768101,0.7227137068855842,0.24453551912568305,"[0.9806094182825484, 0.6621621621621622, 0.775, 0.2894736842105263, 0.4915254237288136]",B4n,aptos2019,2,1,panderm,2930,732
0.6902492313431794,0.7515018081531218,0.21721311475409835,"[0.9806094182825484, 0.6621621621621622, 0.8, 0.5, 0.5084745762711864]",B4n,aptos2019,3,1,panderm,2930,732
0.6296112286502521,0.7097048874663077,0.24863387978142076,"[0.9861495844875346, 0.47297297297297297, 0.7788944723618091, 0.38461538461538464, 0.5254237288135594]",B4n,aptos2019,4,1,panderm,2930,732
0.6005308084017883,0.6852727555744976,0.2810368349249659,"[0.9861495844875346, 0.6081081081081081, 0.72, 0.23076923076923078, 0.4576271186440678]",B4n,aptos2019,5,1,panderm,2929,733
0.6877263403091847,0.7568659434954205,0.208731241473397,"[0.9861495844875346, 0.6216216216216216, 0.81, 0.46153846153846156, 0.559322033898305]",B4n,aptos2019,6,1,panderm,2929,733
0.6624734012382258,0.7298995794246741,0.2527322404371585,"[0.9861495844875346, 0.7027027027027027, 0.76, 0.47368421052631576, 0.3898305084745763]",B4n,aptos2019,7,1,panderm,2930,732
0.6400426082686284,0.709069129034259,0.25136612021857924,"[0.9861495844875346, 0.6486486486486487, 0.73, 0.39473684210526316, 0.4406779661016949]",B4n,aptos2019,8,1,panderm,2930,732
0.5833493342880034,0.6796911273662638,0.28688524590163933,"[0.9750692520775623, 0.527027027027027, 0.7688442211055276, 0.20512820512820512, 0.4406779661016949]",B4n,aptos2019,9,1,panderm,2930,732
0.6567463470397411,0.7347746556629717,0.23465211459754434,"[0.9889196675900277, 0.581081081081081, 0.795, 0.41025641025641024, 0.5084745762711864]",B4n,aptos2019,10,1,panderm,2929,733
0.618555725581877,0.6976120179435031,0.26875852660300137,"[0.9806094182825484, 0.6216216216216216, 0.75, 0.38461538461538464, 0.3559322033898305]",B4n,aptos2019,11,1,panderm,2929,733
0.6437245055281113,0.72298458192846,0.25,"[0.9833795013850416, 0.6756756756756757, 0.775, 0.39473684210526316, 0.3898305084745763]",B4n,aptos2019,12,1,panderm,2930,732
0.645534931851895,0.7383318973503065,0.22131147540983606,"[0.9806094182825484, 0.6486486486486487, 0.825, 0.3157894736842105, 0.4576271186440678]",B4n,aptos2019,13,1,panderm,2930,732
0.6478268297602774,0.7318405610509262,0.23633879781420766,"[0.9833795013850416, 0.5540540540540541, 0.8090452261306532, 0.3333333333333333, 0.559322033898305]",B4n,aptos2019,14,1,panderm,2930,732
0.6598335874651664,0.6185560305913078,0.6057692307692307,"[0.875, 1.0, 0.5, 0.5, 0.5454545454545454, 0.7368421052631579, 0.46153846153846156]",A3n,oral_diseases,0,2,panderm,412,104
0.7424014581909318,0.6747094673313395,0.5631067961165048,"[1.0, 0.8666666666666667, 0.8333333333333334, 0.5, 0.9090909090909091, 0.42105263157894735, 0.6666666666666666]",A3n,oral_diseases,1,2,panderm,413,103
0.7013034480139744,0.658129223928218,0.5631067961165048,"[0.8125, 1.0, 0.6666666666666666, 0.7222222222222222, 0.5454545454545454, 0.5789473684210527, 0.5833333333333334]",A3n,oral_diseases,2,2,panderm,413,103
0.745898545898546,0.6964126286652527,0.44660194174757284,"[0.8, 0.9333333333333333, 0.6923076923076923, 0.5, 0.7272727272727273, 0.7222222222222222, 0.8461538461538461]",A3n,oral_diseases,3,2,panderm,413,103
0.7528307949360581,0.7160153526325418,0.4854368932038835,"[0.75, 1.0, 0.75, 0.6111111111111112, 0.6, 0.7894736842105263, 0.7692307692307693]",A3n,oral_diseases,4,2,panderm,413,103
0.7624045545098178,0.7198443453863312,0.375,"[1.0, 0.9333333333333333, 0.75, 0.4444444444444444, 0.7272727272727273, 0.7894736842105263, 0.6923076923076923]",A3n,oral_diseases,5,2,panderm,412,104
0.7408606744133059,0.7160644731445298,0.49514563106796117,"[0.8125, 0.9333333333333333, 0.75, 0.6666666666666666, 0.5454545454545454, 0.8947368421052632, 0.5833333333333334]",A3n,oral_diseases,6,2,panderm,413,103
0.6980899217741323,0.6480948252520352,0.5242718446601942,"[0.75, 1.0, 0.5833333333333334, 0.6111111111111112, 0.7272727272727273, 0.631578947368421, 0.5833333333333334]",A3n,oral_diseases,7,2,panderm,413,103
0.796980796980797,0.7542685846927288,0.5048543689320388,"[1.0, 1.0, 0.6153846153846154, 0.6666666666666666, 0.8181818181818182, 0.5555555555555556, 0.9230769230769231]",A3n,oral_diseases,8,2,panderm,413,103
0.730198091382302,0.692472900344901,0.4174757281553398,"[0.9375, 1.0, 0.5833333333333334, 0.6666666666666666, 0.6, 0.631578947368421, 0.6923076923076923]",A3n,oral_diseases,9,2,panderm,413,103
0.7861407598249704,0.7432228855631002,0.3942307692307692,"[1.0, 1.0, 0.8333333333333334, 0.5555555555555556, 0.6363636363636364, 0.631578947368421, 0.8461538461538461]",A3n,oral_diseases,10,2,panderm,412,104
0.6817023619655199,0.6269780139654204,0.5728155339805825,"[0.875, 0.9333333333333333, 0.75, 0.6111111111111112, 0.5454545454545454, 0.47368421052631576, 0.5833333333333334]",A3n,oral_diseases,11,2,panderm,413,103
0.755629604313815,0.7038885466279053,0.4077669902912621,"[0.875, 1.0, 0.8333333333333334, 0.5555555555555556, 0.7272727272727273, 0.631578947368421, 0.6666666666666666]",A3n,oral_diseases,12,2,panderm,413,103
0.7173604173604174,0.6826109025688532,0.4563106796116505,"[1.0, 0.9333333333333333, 0.6923076923076923, 0.7222222222222222, 0.5454545454545454, 0.6666666666666666, 0.46153846153846156]",A3n,oral_diseases,13,2,panderm,413,103
0.7095286292654713,0.6599426225605527,0.5242718446601942,"[0.875, 1.0, 0.5833333333333334, 0.6666666666666666, 0.7, 0.5263157894736842, 0.6153846153846154]",A3n,oral_diseases,14,2,panderm,413,103
0.6886837577627052,0.6636861045542342,0.5865384615384616,"[0.9375, 1.0, 0.5, 0.6111111111111112, 0.5454545454545454, 0.8421052631578947, 0.38461538461538464]",A4n,oral_diseases,0,2,panderm,412,104
0.7644945697577278,0.6988711990577655,0.46601941747572817,"[1.0, 0.9333333333333333, 0.75, 0.4444444444444444, 1.0, 0.47368421052631576, 0.75]",A4n,oral_diseases,1,2,panderm,413,103
0.7123727880306828,0.6698470372074525,0.5533980582524272,"[0.8125, 1.0, 0.6666666666666666, 0.6111111111111112, 0.5454545454545454, 0.6842105263157895, 0.6666666666666666]",A4n,oral_diseases,2,2,panderm,413,103
0.7584748584748586,0.7070127389684355,0.4077669902912621,"[0.8666666666666667, 0.9333333333333333, 0.6923076923076923, 0.5, 0.7272727272727273, 0.6666666666666666, 0.9230769230769231]",A4n,oral_diseases,3,2,panderm,413,103
0.763819805925069,0.7273633655204709,0.4563106796116505,"[0.75, 1.0, 0.75, 0.6111111111111112, 0.6, 0.7894736842105263, 0.8461538461538461]",A4n,oral_diseases,4,2,panderm,413,103
0.7388462414778204,0.696459863202094,0.40384615384615385,"[1.0, 0.9333333333333333, 0.75, 0.5, 0.6363636363636364, 0.7368421052631579, 0.6153846153846154]",A4n,oral_diseases,5,2,panderm,412,104
0.7207061213640162,0.6810077053630129,0.4854368932038835,"[0.9375, 0.9333333333333333, 0.6666666666666666, 0.6111111111111112, 0.5454545454545454, 0.6842105263157895, 0.6666666666666666]",A4n,oral_diseases,6,2,panderm,413,103
0.7240639477481583,0.6723437629591881,0.4368932038834951,"[0.75, 1.0, 0.5833333333333334, 0.6111111111111112, 0.9090909090909091, 0.631578947368421, 0.5833333333333334]",A4n,oral_diseases,7,2,panderm,413,103
0.8063825063825065,0.7636203314999104,0.4368932038834951,"[0.9333333333333333, 1.0, 0.6923076923076923, 0.6666666666666666, 0.8181818181818182, 0.6111111111111112, 0.9230769230769231]",A4n,oral_diseases,8,2,panderm,413,103
0.700853897564424,0.6489270079216111,0.46601941747572817,"[0.8125, 1.0, 0.6666666666666666, 0.5555555555555556, 0.6, 0.5789473684210527, 0.6923076923076923]",A4n,oral_diseases,9,2,panderm,413,103
0.7839857510910143,0.7435626238442019,0.34615384615384615,"[0.875, 1.0, 0.75, 0.5, 0.7272727272727273, 0.7894736842105263, 0.8461538461538461]",A4n,oral_diseases,10,2,panderm,412,104
0.6946893749525328,0.6394697929544805,0.5922330097087378,"[0.875, 0.9333333333333333, 0.6666666666666666, 0.6111111111111112, 0.6363636363636364, 0.47368421052631576, 0.6666666666666666]",A4n,oral_diseases,11,2,panderm,413,103
0.7725848712690818,0.7171595900480778,0.39805825242718446,"[0.875, 1.0, 0.8333333333333334, 0.5, 0.8181818181818182, 0.631578947368421, 0.75]",A4n,oral_diseases,12,2,panderm,413,103
0.7044178044178044,0.6602771773753456,0.5533980582524272,"[0.8, 1.0, 0.7692307692307693, 0.6666666666666666, 0.5454545454545454, 0.6111111111111112, 0.5384615384615384]",A4n,oral_diseases,13,2,panderm,413,103
0.7670225242593663,0.7050235114196941,0.46601941747572817,"[0.8125, 1.0, 0.75, 0.6111111111111112, 0.9, 0.5263157894736842, 0.7692307692307693]",A4n,oral_diseases,14,2,panderm,413,103
0.6824286590779853,0.7416977033870573,0.208731241473397,"[0.9889196675900277, 0.581081081081081, 0.77, 0.5128205128205128, 0.559322033898305]",B3n,aptos2019,0,2,panderm,2929,733
0.6698030490013213,0.7184010416974993,0.23465211459754434,"[0.9750692520775623, 0.6756756756756757, 0.72, 0.4358974358974359, 0.5423728813559322]",B3n,aptos2019,1,2,panderm,2929,733
0.6802880746843843,0.7347514232337365,0.2185792349726776,"[0.9750692520775623, 0.7297297297297297, 0.735, 0.3684210526315789, 0.5932203389830508]",B3n,aptos2019,2,2,panderm,2930,732
0.667676265730024,0.7190952588527993,0.2336065573770492,"[0.9750692520775623, 0.6216216216216216, 0.735, 0.4473684210526316, 0.559322033898305]",B3n,aptos2019,3,2,panderm,2930,732
0.6295508234965841,0.6910725631261643,0.2459016393442623,"[0.9861495844875346, 0.4189189189189189, 0.7135678391959799, 0.4358974358974359, 0.5932203389830508]",B3n,aptos2019,4,2,panderm,2930,732
0.6563618219446662,0.7197202551339674,0.22783083219645292,"[0.9861495844875346, 0.581081081081081, 0.745, 0.41025641025641024, 0.559322033898305]",B3n,aptos2019,5,2,panderm,2929,733
0.69157299922364,0.7468126328314982,0.2100954979536153,"[0.9861495844875346, 0.5945945945945946, 0.755, 0.41025641025641024, 0.711864406779661]",B3n,aptos2019,6,2,panderm,2929,733
0.6738749008645247,0.7357072243329699,0.22131147540983606,"[0.9861495844875346, 0.6486486486486487, 0.76, 0.5, 0.4745762711864407]",B3n,aptos2019,7,2,panderm,2930,732
0.6828789982526778,0.7318380938656209,0.21994535519125682,"[0.9889196675900277, 0.6216216216216216, 0.72, 0.47368421052631576, 0.6101694915254238]",B3n,aptos2019,8,2,panderm,2930,732
0.6266484263106654,0.6846615847994115,0.26229508196721313,"[0.9722991689750693, 0.5675675675675675, 0.7085427135678392, 0.41025641025641024, 0.4745762711864407]",B3n,aptos2019,9,2,panderm,2930,732
0.7012606592659177,0.758078031653766,0.19645293315143247,"[0.9889196675900277, 0.6756756756756757, 0.77, 0.46153846153846156, 0.6101694915254238]",B3n,aptos2019,10,2,panderm,2929,733
0.675962019989486,0.7184665129234222,0.23601637107776263,"[0.9778393351800554, 0.6756756756756757, 0.705, 0.5128205128205128, 0.5084745762711864]",B3n,aptos2019,11,2,panderm,2929,733
0.6635599374669285,0.7161453333875936,0.2390710382513661,"[0.9722991689750693, 0.6891891891891891, 0.725, 0.47368421052631576, 0.4576271186440678]",B3n,aptos2019,12,2,panderm,2930,732
0.6531718885419059,0.7108029749490035,0.24180327868852458,"[0.9778393351800554, 0.5945945945945946, 0.73, 0.42105263157894735, 0.5423728813559322]",B3n,aptos2019,13,2,panderm,2930,732
0.6484590770580558,0.7093647713392789,0.24043715846994534,"[0.9833795013850416, 0.5135135135135135, 0.7336683417085427, 0.38461538461538464, 0.6271186440677966]",B3n,aptos2019,14,2,panderm,2930,732
0.6643668763043382,0.7336221783631858,0.23465211459754434,"[0.9889196675900277, 0.6081081081081081, 0.78, 0.48717948717948717, 0.4576271186440678]",B4n,aptos2019,0,2,panderm,2929,733
0.6289052137475538,0.7173476719829762,0.24420190995907232,"[0.9750692520775623, 0.6621621621621622, 0.785, 0.23076923076923078, 0.4915254237288136]",B4n,aptos2019,1,2,panderm,2929,733
0.6400670098710383,0.724981495769867,0.23770491803278687,"[0.9806094182825484, 0.6756756756756757, 0.78, 0.2894736842105263, 0.4745762711864407]",B4n,aptos2019,2,2,panderm,2930,732
0.6876952147226808,0.745743956913294,0.2226775956284153,"[0.9778393351800554, 0.6621621621621622, 0.79, 0.5, 0.5084745762711864]",B4n,aptos2019,3,2,panderm,2930,732
0.6174316868735721,0.6995432691649515,0.25956284153005466,"[0.9861495844875346, 0.47297297297297297, 0.7688442211055276, 0.38461538461538464, 0.4745762711864407]",B4n,aptos2019,4,2,panderm,2930,732
0.6003308755056256,0.6911634351526418,0.2673942701227831,"[0.9889196675900277, 0.581081081081081, 0.735, 0.20512820512820512, 0.4915254237288136]",B4n,aptos2019,5,2,panderm,2929,733
0.6885572481400923,0.7472328187202867,0.21282401091405184,"[0.9861495844875346, 0.6351351351351351, 0.775, 0.48717948717948717, 0.559322033898305]",B4n,aptos2019,6,2,panderm,2929,733
0.6478545522375749,0.7258960573289487,0.2459016393442623,"[0.9861495844875346, 0.6891891891891891, 0.77, 0.42105263157894735, 0.3728813559322034]",B4n,aptos2019,7,2,panderm,2930,732
0.6393334669943901,0.7162857478752578,0.24316939890710382,"[0.9889196675900277, 0.6486486486486487, 0.75, 0.3684210526315789, 0.4406779661016949]",B4n,aptos2019,8,2,panderm,2930,732
0.5778925664824948,0.6813504610256973,0.28415300546448086,"[0.9722991689750693, 0.5135135135135135, 0.7839195979899497, 0.1282051282051282, 0.4915254237288136]",B4n,aptos2019,9,2,panderm,2930,732
0.6570387382799703,0.7330114796136079,0.23328785811732605,"[0.9916897506925207, 0.581081081081081, 0.785, 0.4358974358974359, 0.4915254237288136]",B4n,aptos2019,10,2,panderm,2929,733
0.6121863760274014,0.6941149735891359,0.2673942701227831,"[0.9778393351800554, 0.6351351351351351, 0.75, 0.358974358974359, 0.3389830508474576]",B4n,aptos2019,11,2,panderm,2929,733
0.6383346750196368,0.7170970909998347,0.2527322404371585,"[0.9833795013850416, 0.6756756756756757, 0.765, 0.39473684210526316, 0.3728813559322034]",B4n,aptos2019,12,2,panderm,2930,732
0.6453926843412264,0.7360782137561214,0.22540983606557377,"[0.9806094182825484, 0.6216216216216216, 0.825, 0.34210526315789475, 0.4576271186440678]",B4n,aptos2019,13,2,panderm,2930,732
0.6544733795919534,0.7380402407745189,0.22814207650273224,"[0.9861495844875346, 0.5675675675675675, 0.8090452261306532, 0.3333333333333333, 0.576271186440678]",B4n,aptos2019,14,2,panderm,2930,732
0.681164960770224,0.6521762015059438,0.5576923076923077,"[0.9375, 1.0, 0.5, 0.6111111111111112, 0.5454545454545454, 0.7894736842105263, 0.38461538461538464]",A3n,oral_diseases,0,3,panderm,412,104
0.7364699627857522,0.6751579283096224,0.5242718446601942,"[1.0, 0.9333333333333333, 0.75, 0.6111111111111112, 0.9090909090909091, 0.3684210526315789, 0.5833333333333334]",A3n,oral_diseases,1,3,panderm,413,103
0.7419780511885774,0.7049906330698366,0.46601941747572817,"[0.875, 1.0, 0.8333333333333334, 0.7777777777777778, 0.5454545454545454, 0.5789473684210527, 0.5833333333333334]",A3n,oral_diseases,2,3,panderm,413,103
0.7204573204573205,0.671058188432111,0.46601941747572817,"[0.8666666666666667, 0.9333333333333333, 0.5384615384615384, 0.6111111111111112, 0.6363636363636364, 0.6111111111111112, 0.8461538461538461]",A3n,oral_diseases,3,3,panderm,413,103
0.7247325043377675,0.6925500432070961,0.5145631067961165,"[0.6875, 1.0, 0.5833333333333334, 0.6666666666666666, 0.5, 0.7894736842105263, 0.8461538461538461]",A3n,oral_diseases,4,3,panderm,413,103
0.7119842146157935,0.6638403828559545,0.46153846153846156,"[1.0, 0.9333333333333333, 0.75, 0.3888888888888889, 0.6363636363636364, 0.7368421052631579, 0.5384615384615384]",A3n,oral_diseases,5,3,panderm,412,104
0.7530502392344498,0.7063966529826947,0.5728155339805825,"[0.8125, 0.9333333333333333, 0.75, 0.6666666666666666, 0.7272727272727273, 0.631578947368421, 0.75]",A3n,oral_diseases,6,3,panderm,413,103
0.6861851598693703,0.6362167067830825,0.5436893203883495,"[0.75, 1.0, 0.5, 0.6111111111111112, 0.7272727272727273, 0.631578947368421, 0.5833333333333334]",A3n,oral_diseases,7,3,panderm,413,103
0.7744699744699745,0.7303060479885033,0.42718446601941745,"[0.9333333333333333, 1.0, 0.6923076923076923, 0.7222222222222222, 0.7272727272727273, 0.5, 0.8461538461538461]",A3n,oral_diseases,8,3,panderm,413,103
0.7247051924683504,0.6642341616006119,0.5339805825242718,"[0.8125, 1.0, 0.5833333333333334, 0.6111111111111112, 0.9, 0.47368421052631576, 0.6923076923076923]",A3n,oral_diseases,9,3,panderm,413,103
0.7349792020844651,0.6960322665764801,0.5096153846153846,"[0.875, 1.0, 0.75, 0.5555555555555556, 0.6363636363636364, 0.7894736842105263, 0.5384615384615384]",A3n,oral_diseases,10,3,panderm,412,104
0.6521179843548265,0.6030659250649869,0.6504854368932039,"[0.9375, 1.0, 0.5, 0.5555555555555556, 0.5454545454545454, 0.5263157894736842, 0.5]",A3n,oral_diseases,11,3,panderm,413,103
0.7497674109516216,0.6939916504751956,0.4563106796116505,"[0.9375, 1.0, 0.75, 0.4444444444444444, 0.8181818181818182, 0.631578947368421, 0.6666666666666666]",A3n,oral_diseases,12,3,panderm,413,103
0.7168276168276168,0.6830394703279661,0.47572815533980584,"[0.9333333333333333, 0.9333333333333333, 0.7692307692307693, 0.6666666666666666, 0.45454545454545453, 0.7222222222222222, 0.5384615384615384]",A3n,oral_diseases,13,3,panderm,413,103
0.7905709787288735,0.7398383033525433,0.44660194174757284,"[0.875, 1.0, 0.75, 0.5555555555555556, 0.9, 0.6842105263157895, 0.7692307692307693]",A3n,oral_diseases,14,3,panderm,413,103
0.6776947467736941,0.652683578749327,0.6057692307692307,"[0.9375, 1.0, 0.5, 0.6111111111111112, 0.5454545454545454, 0.8421052631578947, 0.3076923076923077]",A4n,oral_diseases,0,3,panderm,412,104
0.7807852965747702,0.7122924286871951,0.4854368932038835,"[1.0, 0.9333333333333333, 0.8333333333333334, 0.4444444444444444, 1.0, 0.42105263157894735, 0.8333333333333334]",A4n,oral_diseases,1,3,panderm,413,103
0.7048539910382016,0.6580990841090241,0.5533980582524272,"[0.8125, 1.0, 0.75, 0.6111111111111112, 0.5454545454545454, 0.631578947368421, 0.5833333333333334]",A4n,oral_diseases,2,3,panderm,413,103
0.7664113664113665,0.7179147513347804,0.4174757281553398,"[0.8666666666666667, 0.9333333333333333, 0.6923076923076923, 0.5555555555555556, 0.7272727272727273, 0.6666666666666666, 0.9230769230769231]",A4n,oral_diseases,3,3,panderm,413,103
0.7413437439753229,0.7038308409934358,0.5048543689320388,"[0.75, 1.0, 0.6666666666666666, 0.6666666666666666, 0.6, 0.7368421052631579, 0.7692307692307693]",A4n,oral_diseases,4,3,panderm,413,103
0.7662063083115714,0.7303434554863687,0.36538461538461536,"[1.0, 0.9333333333333333, 0.8333333333333334, 0.5555555555555556, 0.6363636363636364, 0.7894736842105263, 0.6153846153846154]",A4n,oral_diseases,5,3,panderm,412,104
0.7157458039036987,0.6695130015623532,0.4854368932038835,"[0.875, 0.9333333333333333, 0.6666666666666666, 0.5555555555555556, 0.5454545454545454, 0.6842105263157895, 0.75]",A4n,oral_diseases,6,3,panderm,413,103
0.716545150755677,0.6604143074926458,0.5048543689320388,"[0.75, 1.0, 0.5833333333333334, 0.6111111111111112, 0.9090909090909091, 0.5789473684210527, 0.5833333333333334]",A4n,oral_diseases,7,3,panderm,413,103
0.7905094905094906,0.7434537665528954,0.44660194174757284,"[0.9333333333333333, 1.0, 0.6923076923076923, 0.6666666666666666, 0.8181818181818182, 0.5, 0.9230769230769231]",A4n,oral_diseases,8,3,panderm,413,103
0.6992111689480112,0.6474495690257491,0.47572815533980584,"[0.875, 1.0, 0.6666666666666666, 0.6111111111111112, 0.6, 0.5263157894736842, 0.6153846153846154]",A4n,oral_diseases,9,3,panderm,413,103
0.7853955255271045,0.7433532328088845,0.34615384615384615,"[0.9375, 1.0, 0.75, 0.5, 0.7272727272727273, 0.7368421052631579, 0.8461538461538461]",A4n,oral_diseases,10,3,panderm,412,104
0.7025356952988533,0.650713615313548,0.5631067961165048,"[0.9375, 0.9333333333333333, 0.75, 0.6111111111111112, 0.5454545454545454, 0.47368421052631576, 0.6666666666666666]",A4n,oral_diseases,11,3,panderm,413,103
0.7487753474595581,0.6936094465546069,0.4368932038834951,"[0.875, 1.0, 0.75, 0.5, 0.8181818181818182, 0.631578947368421, 0.6666666666666666]",A4n,oral_diseases,12,3,panderm,413,103
0.7154068154068154,0.6712495413142044,0.5048543689320388,"[0.8666666666666667, 0.9333333333333333, 0.7692307692307693, 0.6666666666666666, 0.5454545454545454, 0.6111111111111112, 0.6153846153846154]",A4n,oral_diseases,13,3,panderm,413,103
0.7740432812801233,0.717264088197458,0.4563106796116505,"[0.8125, 1.0, 0.6666666666666666, 0.6666666666666666, 0.9, 0.5263157894736842, 0.8461538461538461]",A4n,oral_diseases,14,3,panderm,413,103
0.6941105717598981,0.7442504986913092,0.208731241473397,"[0.9889196675900277, 0.5675675675675675, 0.765, 0.5897435897435898, 0.559322033898305]",B3n,aptos2019,0,3,panderm,2929,733
0.6697518021873625,0.720153164652244,0.2373806275579809,"[0.9750692520775623, 0.6621621621621622, 0.725, 0.41025641025641024, 0.576271186440678]",B3n,aptos2019,1,3,panderm,2929,733
0.6830896743026891,0.7341570876046289,0.21994535519125682,"[0.9778393351800554, 0.7027027027027027, 0.73, 0.39473684210526316, 0.6101694915254238]",B3n,aptos2019,2,3,panderm,2930,732
0.6861400649440463,0.7298076563533348,0.23087431693989072,"[0.9750692520775623, 0.6756756756756757, 0.73, 0.47368421052631576, 0.576271186440678]",B3n,aptos2019,3,3,panderm,2930,732
0.6450688626156793,0.7079068426069937,0.24043715846994534,"[0.9861495844875346, 0.4594594594594595, 0.7336683417085427, 0.4358974358974359, 0.6101694915254238]",B3n,aptos2019,4,3,panderm,2930,732
0.657213210729573,0.7149531140768594,0.2305593451568895,"[0.9833795013850416, 0.6081081081081081, 0.725, 0.41025641025641024, 0.559322033898305]",B3n,aptos2019,5,3,panderm,2929,733
0.6756852300985827,0.7344739001167833,0.21964529331514324,"[0.9861495844875346, 0.5540540540540541, 0.75, 0.41025641025641024, 0.6779661016949152]",B3n,aptos2019,6,3,panderm,2929,733
0.6864012166539986,0.7443497045478771,0.2185792349726776,"[0.9861495844875346, 0.6486486486486487, 0.77, 0.5526315789473685, 0.4745762711864407]",B3n,aptos2019,7,3,panderm,2930,732
0.6831387820516888,0.7333824921545962,0.2226775956284153,"[0.9861495844875346, 0.6081081081081081, 0.73, 0.4473684210526316, 0.6440677966101694]",B3n,aptos2019,8,3,panderm,2930,732
0.6255047653540894,0.6864294813096886,0.2609289617486339,"[0.9750692520775623, 0.5540540540540541, 0.7135678391959799, 0.41025641025641024, 0.4745762711864407]",B3n,aptos2019,9,3,panderm,2930,732
0.6862502994928461,0.7494727316815848,0.20327421555252387,"[0.9889196675900277, 0.6486486486486487, 0.765, 0.38461538461538464, 0.6440677966101694]",B3n,aptos2019,10,3,panderm,2929,733
0.6867724468663948,0.7245875918046545,0.23192360163710776,"[0.9806094182825484, 0.6756756756756757, 0.705, 0.5641025641025641, 0.5084745762711864]",B3n,aptos2019,11,3,panderm,2929,733
0.6616930486522017,0.7104984895520952,0.24180327868852458,"[0.9695290858725761, 0.6756756756756757, 0.715, 0.47368421052631576, 0.4745762711864407]",B3n,aptos2019,12,3,panderm,2930,732
0.6552579831815477,0.7129701078426737,0.2336065573770492,"[0.9806094182825484, 0.6216216216216216, 0.72, 0.39473684210526316, 0.559322033898305]",B3n,aptos2019,13,3,panderm,2930,732
0.6546901747154856,0.7193046306615118,0.23087431693989072,"[0.9861495844875346, 0.5405405405405406, 0.7437185929648241, 0.358974358974359, 0.6440677966101694]",B3n,aptos2019,14,3,panderm,2930,732
0.6544077633452253,0.7333590116500067,0.23192360163710776,"[0.9889196675900277, 0.5945945945945946, 0.795, 0.4358974358974359, 0.4576271186440678]",B4n,aptos2019,0,3,panderm,2929,733
0.6438286547896388,0.7279538283783559,0.23328785811732605,"[0.9750692520775623, 0.6891891891891891, 0.79, 0.2564102564102564, 0.5084745762711864]",B4n,aptos2019,1,3,panderm,2929,733
0.6297113187651242,0.7204977107149371,0.24453551912568305,"[0.9806094182825484, 0.6621621621621622, 0.785, 0.2631578947368421, 0.4576271186440678]",B4n,aptos2019,2,3,panderm,2930,732
0.6883979174253836,0.7436255653523284,0.22540983606557377,"[0.9778393351800554, 0.6756756756756757, 0.78, 0.5, 0.5084745762711864]",B4n,aptos2019,3,3,panderm,2930,732
0.6214110903334287,0.707694539722392,0.25136612021857924,"[0.9861495844875346, 0.4864864864864865, 0.7839195979899497, 0.358974358974359, 0.4915254237288136]",B4n,aptos2019,4,3,panderm,2930,732
0.6018281056990855,0.6913148990305378,0.2660300136425648,"[0.9861495844875346, 0.5945945945945946, 0.74, 0.23076923076923078, 0.4576271186440678]",B4n,aptos2019,5,3,panderm,2929,733
0.6932800478628921,0.7550582116268646,0.208731241473397,"[0.9861495844875346, 0.6081081081081081, 0.8, 0.5128205128205128, 0.559322033898305]",B4n,aptos2019,6,3,panderm,2929,733
0.6444647217291004,0.723798665615973,0.25,"[0.9861495844875346, 0.6891891891891891, 0.77, 0.42105263157894735, 0.3559322033898305]",B4n,aptos2019,7,3,panderm,2930,732
0.6340767476711886,0.7083057183505369,0.25136612021857924,"[0.9861495844875346, 0.6351351351351351, 0.74, 0.3684210526315789, 0.4406779661016949]",B4n,aptos2019,8,3,panderm,2930,732
0.5815078801682084,0.6875932133037946,0.2827868852459016,"[0.9750692520775623, 0.527027027027027, 0.7939698492462312, 0.15384615384615385, 0.4576271186440678]",B4n,aptos2019,9,3,panderm,2930,732
0.6608745521679462,0.7348149298238141,0.23465211459754434,"[0.9889196675900277, 0.581081081081081, 0.79, 0.4358974358974359, 0.5084745762711864]",B4n,aptos2019,10,3,panderm,2929,733
0.6052580289282482,0.6937018968509044,0.26330150068212826,"[0.9806094182825484, 0.6216216216216216, 0.76, 0.358974358974359, 0.3050847457627119]",B4n,aptos2019,11,3,panderm,2929,733
0.6435208746001272,0.7251573288570397,0.2459016393442623,"[0.9833795013850416, 0.6891891891891891, 0.785, 0.42105263157894735, 0.3389830508474576]",B4n,aptos2019,12,3,panderm,2930,732
0.6470953870439292,0.7362283230455957,0.226775956284153,"[0.9806094182825484, 0.6351351351351351, 0.82, 0.34210526315789475, 0.4576271186440678]",B4n,aptos2019,13,3,panderm,2930,732
0.6491141958748785,0.7318917491617593,0.23224043715846995,"[0.9861495844875346, 0.5540540540540541, 0.8040201005025126, 0.358974358974359, 0.5423728813559322]",B4n,aptos2019,14,3,panderm,2930,732
0.6702285287811603,0.6535532023875541,0.5576923076923077,"[0.9375, 1.0, 0.5, 0.6111111111111112, 0.36363636363636365, 0.8947368421052632, 0.38461538461538464]",A3n,oral_diseases,0,4,panderm,412,104
0.7557368800789853,0.6895139346222519,0.4854368932038835,"[0.9375, 0.9333333333333333, 0.8333333333333334, 0.6111111111111112, 0.9090909090909091, 0.3157894736842105, 0.75]",A3n,oral_diseases,1,4,panderm,413,103
0.7061735778841042,0.6593978304184193,0.5048543689320388,"[0.9375, 1.0, 0.6666666666666666, 0.5555555555555556, 0.45454545454545453, 0.5789473684210527, 0.75]",A3n,oral_diseases,2,4,panderm,413,103
0.7076368076368077,0.6487292976094577,0.42718446601941745,"[0.8666666666666667, 0.9333333333333333, 0.6153846153846154, 0.5, 0.6363636363636364, 0.5555555555555556, 0.8461538461538461]",A3n,oral_diseases,3,4,panderm,413,103
0.7694974616027247,0.7266386360610224,0.5145631067961165,"[0.75, 1.0, 0.6666666666666666, 0.6111111111111112, 0.8, 0.7894736842105263, 0.7692307692307693]",A3n,oral_diseases,4,4,panderm,413,103
0.7482827114406062,0.707736368579051,0.41346153846153844,"[1.0, 0.9333333333333333, 0.6666666666666666, 0.6111111111111112, 0.7272727272727273, 0.6842105263157895, 0.6153846153846154]",A3n,oral_diseases,5,4,panderm,412,104
0.7098836105415053,0.6698807304591078,0.5631067961165048,"[0.9375, 0.9333333333333333, 0.5, 0.6111111111111112, 0.6363636363636364, 0.6842105263157895, 0.6666666666666666]",A3n,oral_diseases,6,4,panderm,413,103
0.7044391281233386,0.6475146724058031,0.5631067961165048,"[0.75, 0.9333333333333333, 0.5833333333333334, 0.5555555555555556, 0.7272727272727273, 0.631578947368421, 0.75]",A3n,oral_diseases,7,4,panderm,413,103
0.7685314685314684,0.7201771089805175,0.5242718446601942,"[0.9333333333333333, 1.0, 0.6153846153846154, 0.6666666666666666, 0.8181818181818182, 0.5, 0.8461538461538461]",A3n,oral_diseases,8,4,panderm,413,103
0.6772082449714029,0.6141672218822009,0.6019417475728155,"[0.8125, 1.0, 0.5833333333333334, 0.5555555555555556, 0.7, 0.47368421052631576, 0.6153846153846154]",A3n,oral_diseases,9,4,panderm,413,103
0.6896053507895613,0.6402946580121339,0.5769230769230769,"[0.9375, 1.0, 0.5833333333333334, 0.5, 0.6363636363636364, 0.631578947368421, 0.5384615384615384]",A3n,oral_diseases,10,4,panderm,412,104
0.6788135110503531,0.6372800579908162,0.6213592233009708,"[0.9375, 1.0, 0.6666666666666666, 0.6666666666666666, 0.45454545454545453, 0.5263157894736842, 0.5]",A3n,oral_diseases,11,4,panderm,413,103
0.7314023695602643,0.6828114310861191,0.44660194174757284,"[0.875, 1.0, 0.8333333333333334, 0.5, 0.7272727272727273, 0.6842105263157895, 0.5]",A3n,oral_diseases,12,4,panderm,413,103
0.7022533022533023,0.6716057818737183,0.5825242718446602,"[0.8, 1.0, 0.7692307692307693, 0.7222222222222222, 0.36363636363636365, 0.7222222222222222, 0.5384615384615384]",A3n,oral_diseases,13,4,panderm,413,103
0.7710670908039329,0.7170110583989491,0.47572815533980584,"[0.875, 1.0, 0.5833333333333334, 0.6666666666666666, 0.9, 0.5263157894736842, 0.8461538461538461]",A3n,oral_diseases,14,4,panderm,413,103
0.6901489592279066,0.6641819837039813,0.5769230769230769,"[0.9375, 0.9333333333333333, 0.5, 0.6111111111111112, 0.5454545454545454, 0.8421052631578947, 0.46153846153846156]",A4n,oral_diseases,0,4,panderm,412,104
0.7713488266119846,0.7098916384556028,0.46601941747572817,"[1.0, 0.9333333333333333, 0.8333333333333334, 0.5, 0.9090909090909091, 0.47368421052631576, 0.75]",A4n,oral_diseases,1,4,panderm,413,103
0.7178410040252146,0.6695873547195108,0.5436893203883495,"[0.8125, 1.0, 0.6666666666666666, 0.6111111111111112, 0.6363636363636364, 0.631578947368421, 0.6666666666666666]",A4n,oral_diseases,2,4,panderm,413,103
0.7584748584748586,0.7070127389684355,0.4077669902912621,"[0.8666666666666667, 0.9333333333333333, 0.6923076923076923, 0.5, 0.7272727272727273, 0.6666666666666666, 0.9230769230769231]",A4n,oral_diseases,3,4,panderm,413,103
0.7301105327421116,0.6923079644798812,0.5242718446601942,"[0.75, 1.0, 0.6666666666666666, 0.6111111111111112, 0.5, 0.7368421052631579, 0.8461538461538461]",A4n,oral_diseases,4,4,panderm,413,103
0.7662063083115714,0.7299006638185546,0.3557692307692308,"[1.0, 0.9333333333333333, 0.8333333333333334, 0.5555555555555556, 0.6363636363636364, 0.7894736842105263, 0.6153846153846154]",A4n,oral_diseases,5,4,panderm,412,104
0.7455978962557911,0.7045731758473405,0.46601941747572817,"[0.9375, 0.9333333333333333, 0.6666666666666666, 0.6111111111111112, 0.6363636363636364, 0.6842105263157895, 0.75]",A4n,oral_diseases,6,4,panderm,413,103
0.7240639477481583,0.6722966567278422,0.44660194174757284,"[0.75, 1.0, 0.5833333333333334, 0.6111111111111112, 0.9090909090909091, 0.631578947368421, 0.5833333333333334]",A4n,oral_diseases,7,4,panderm,413,103
0.7984459984459985,0.7537849900377552,0.46601941747572817,"[0.9333333333333333, 1.0, 0.6923076923076923, 0.6666666666666666, 0.8181818181818182, 0.5555555555555556, 0.9230769230769231]",A4n,oral_diseases,8,4,panderm,413,103
0.7287079879185142,0.6815364847830679,0.4368932038834951,"[0.875, 1.0, 0.6666666666666666, 0.6111111111111112, 0.6, 0.5789473684210527, 0.7692307692307693]",A4n,oral_diseases,9,4,panderm,413,103
0.7929143225195857,0.7540699114042942,0.33653846153846156,"[0.9375, 1.0, 0.75, 0.5, 0.7272727272727273, 0.7894736842105263, 0.8461538461538461]",A4n,oral_diseases,10,4,panderm,412,104
0.6697976000607578,0.6160399586978288,0.6601941747572816,"[0.875, 0.9333333333333333, 0.6666666666666666, 0.6111111111111112, 0.5454545454545454, 0.47368421052631576, 0.5833333333333334]",A4n,oral_diseases,11,4,panderm,413,103
0.7725848712690818,0.7171595900480778,0.39805825242718446,"[0.875, 1.0, 0.8333333333333334, 0.5, 0.8181818181818182, 0.631578947368421, 0.75]",A4n,oral_diseases,12,4,panderm,413,103
0.7138195138195138,0.6711143156706215,0.5631067961165048,"[0.8, 0.9333333333333333, 0.7692307692307693, 0.6666666666666666, 0.5454545454545454, 0.6666666666666666, 0.6153846153846154]",A4n,oral_diseases,13,4,panderm,413,103
0.7790076151918257,0.7270713514699054,0.42718446601941745,"[0.8125, 1.0, 0.75, 0.6666666666666666, 0.9, 0.631578947368421, 0.6923076923076923]",A4n,oral_diseases,14,4,panderm,413,103
0.6865568642061903,0.7418340158589839,0.2100954979536153,"[0.9889196675900277, 0.581081081081081, 0.765, 0.5384615384615384, 0.559322033898305]",B3n,aptos2019,0,4,panderm,2929,733
0.6743983520190383,0.7225398424278779,0.23465211459754434,"[0.9778393351800554, 0.6756756756756757, 0.715, 0.41025641025641024, 0.5932203389830508]",B3n,aptos2019,1,4,panderm,2929,733
0.6716073105830371,0.7243727638514814,0.226775956284153,"[0.9778393351800554, 0.6891891891891891, 0.72, 0.39473684210526316, 0.576271186440678]",B3n,aptos2019,2,4,panderm,2930,732
0.681047531732869,0.7276904301942847,0.23087431693989072,"[0.9750692520775623, 0.6621621621621622, 0.735, 0.47368421052631576, 0.559322033898305]",B3n,aptos2019,3,4,panderm,2930,732
0.6285457983709559,0.6888672735250804,0.2540983606557377,"[0.9861495844875346, 0.4189189189189189, 0.7085427135678392, 0.4358974358974359, 0.5932203389830508]",B3n,aptos2019,4,4,panderm,2930,732
0.645417974815693,0.702771730069748,0.2373806275579809,"[0.9833795013850416, 0.581081081081081, 0.71, 0.41025641025641024, 0.5423728813559322]",B3n,aptos2019,5,4,panderm,2929,733
0.6654800666561312,0.728386139207418,0.22646657571623466,"[0.9861495844875346, 0.5675675675675675, 0.745, 0.38461538461538464, 0.6440677966101694]",B3n,aptos2019,6,4,panderm,2929,733
0.6874781749682449,0.7403380694658728,0.22131147540983606,"[0.9861495844875346, 0.6351351351351351, 0.755, 0.5526315789473685, 0.5084745762711864]",B3n,aptos2019,7,4,panderm,2930,732
0.6891751623918392,0.7336508608100194,0.2226775956284153,"[0.9889196675900277, 0.6216216216216216, 0.71, 0.4473684210526316, 0.6779661016949152]",B3n,aptos2019,8,4,panderm,2930,732
0.6220742378029589,0.6840499913984757,0.2650273224043716,"[0.9750692520775623, 0.5675675675675675, 0.7085427135678392, 0.38461538461538464, 0.4745762711864407]",B3n,aptos2019,9,4,panderm,2930,732
0.7084658227083693,0.7582149487118439,0.19781718963165076,"[0.9889196675900277, 0.6621621621621622, 0.76, 0.48717948717948717, 0.6440677966101694]",B3n,aptos2019,10,4,panderm,2929,733
0.6584488904098745,0.7031063460668764,0.24420190995907232,"[0.9750692520775623, 0.6621621621621622, 0.685, 0.46153846153846156, 0.5084745762711864]",B3n,aptos2019,11,4,panderm,2929,733
0.6576536038362415,0.7112386448062148,0.24043715846994534,"[0.9722991689750693, 0.6891891891891891, 0.72, 0.5, 0.4067796610169492]",B3n,aptos2019,12,4,panderm,2930,732
0.663691765759844,0.7209480657860659,0.23497267759562843,"[0.9806094182825484, 0.6081081081081081, 0.74, 0.4473684210526316, 0.5423728813559322]",B3n,aptos2019,13,4,panderm,2930,732
0.6474595765781023,0.7056287997550635,0.24453551912568305,"[0.9833795013850416, 0.5405405405405406, 0.7185929648241206, 0.38461538461538464, 0.6101694915254238]",B3n,aptos2019,14,4,panderm,2930,732
0.6495567584942203,0.7331787927879867,0.23192360163710776,"[0.9889196675900277, 0.6216216216216216, 0.795, 0.38461538461538464, 0.4576271186440678]",B4n,aptos2019,0,4,panderm,2929,733
0.6307364306452528,0.7235130580447131,0.24147339699863574,"[0.9778393351800554, 0.6891891891891891, 0.79, 0.20512820512820512, 0.4915254237288136]",B4n,aptos2019,1,4,panderm,2929,733
0.6338038519763014,0.720681843592091,0.24043715846994534,"[0.9806094182825484, 0.6756756756756757, 0.775, 0.2631578947368421, 0.4745762711864407]",B4n,aptos2019,2,4,panderm,2930,732
0.6920850452311553,0.7497861879088066,0.2185792349726776,"[0.9778393351800554, 0.6621621621621622, 0.795, 0.5, 0.5254237288135594]",B4n,aptos2019,3,4,panderm,2930,732
0.6259497225102517,0.703769781034256,0.2581967213114754,"[0.9861495844875346, 0.47297297297297297, 0.7688442211055276, 0.41025641025641024, 0.4915254237288136]",B4n,aptos2019,4,4,panderm,2930,732
0.5903457419794338,0.6805399510155944,0.2810368349249659,"[0.9861495844875346, 0.581081081081081, 0.73, 0.23076923076923078, 0.423728813559322]",B4n,aptos2019,5,4,panderm,2929,733
0.6888188735203619,0.7508989092776905,0.2100954979536153,"[0.9861495844875346, 0.6351351351351351, 0.785, 0.46153846153846156, 0.576271186440678]",B4n,aptos2019,6,4,panderm,2929,733
0.6378886916401354,0.7175687746325314,0.2540983606557377,"[0.9861495844875346, 0.6756756756756757, 0.76, 0.39473684210526316, 0.3728813559322034]",B4n,aptos2019,7,4,panderm,2930,732
0.63353823108051,0.7159570592338291,0.24043715846994534,"[0.9889196675900277, 0.6216216216216216, 0.765, 0.3684210526315789, 0.423728813559322]",B4n,aptos2019,8,4,panderm,2930,732
0.5777539306515471,0.685550628410077,0.2814207650273224,"[0.9750692520775623, 0.5, 0.7939698492462312, 0.1282051282051282, 0.4915254237288136]",B4n,aptos2019,9,4,panderm,2930,732
0.6587414409826731,0.7330992000387242,0.23328785811732605,"[0.9916897506925207, 0.5945945945945946, 0.78, 0.4358974358974359, 0.4915254237288136]",B4n,aptos2019,10,4,panderm,2929,733
0.609965328621228,0.6918032370791668,0.27148703956343795,"[0.9750692520775623, 0.6081081081081081, 0.76, 0.38461538461538464, 0.3220338983050847]",B4n,aptos2019,11,4,panderm,2929,733
0.6378181718974244,0.7171487173886653,0.2527322404371585,"[0.9833795013850416, 0.6756756756756757, 0.77, 0.42105263157894735, 0.3389830508474576]",B4n,aptos2019,12,4,panderm,2930,732
0.644222059657667,0.7342772969387026,0.22540983606557377,"[0.9806094182825484, 0.6351351351351351, 0.815, 0.3157894736842105, 0.4745762711864407]",B4n,aptos2019,13,4,panderm,2930,732
0.6498068483263248,0.729773465838643,0.23633879781420766,"[0.9861495844875346, 0.5675675675675675, 0.7939698492462312, 0.358974358974359, 0.5423728813559322]",B4n,aptos2019,14,4,panderm,2930,732
0.6913154855802398,0.7268337364966162,0.22510231923601637,"[0.9778393351800554, 0.6216216216216216, 0.725, 0.5897435897435898, 0.5423728813559322]",B3nd,aptos2019,0,0,dinov2,2929,733
0.6337314071304398,0.6807182418579326,0.26330150068212826,"[0.9806094182825484, 0.581081081081081, 0.63, 0.28205128205128205, 0.6949152542372882]",B3nd,aptos2019,1,0,dinov2,2929,733
0.6814993471334145,0.7123380942942567,0.22540983606557377,"[0.9778393351800554, 0.5405405405405406, 0.7, 0.5789473684210527, 0.6101694915254238]",B3nd,aptos2019,2,0,dinov2,2930,732
0.6665094567312512,0.6911973407943107,0.27049180327868855,"[0.961218836565097, 0.6081081081081081, 0.67, 0.5, 0.5932203389830508]",B3nd,aptos2019,3,0,dinov2,2930,732
0.5980018096144528,0.6593534897586579,0.3005464480874317,"[0.9806094182825484, 0.3783783783783784, 0.678391959798995, 0.41025641025641024, 0.5423728813559322]",B3nd,aptos2019,4,0,dinov2,2930,732
0.6312381389396272,0.6828850833580065,0.25375170532060026,"[0.9861495844875346, 0.5135135135135135, 0.67, 0.41025641025641024, 0.576271186440678]",B3nd,aptos2019,5,0,dinov2,2929,733
0.646601566378739,0.6860772319132725,0.24693042291950887,"[0.9695290858725761, 0.5135135135135135, 0.67, 0.4358974358974359, 0.6440677966101694]",B3nd,aptos2019,6,0,dinov2,2929,733
0.6463636853906352,0.6821407899030931,0.27049180327868855,"[0.9695290858725761, 0.4864864864864865, 0.675, 0.47368421052631576, 0.6271186440677966]",B3nd,aptos2019,7,0,dinov2,2930,732
0.6623007272261228,0.7189100751071585,0.226775956284153,"[0.9861495844875346, 0.581081081081081, 0.73, 0.42105263157894735, 0.5932203389830508]",B3nd,aptos2019,8,0,dinov2,2930,732
0.6296088623440677,0.6893059940413676,0.27595628415300544,"[0.9806094182825484, 0.5945945945945946, 0.6884422110552764, 0.358974358974359, 0.5254237288135594]",B3nd,aptos2019,9,0,dinov2,2930,732
0.6592951499679984,0.7093035242732804,0.24965893587994542,"[0.9750692520775623, 0.6216216216216216, 0.705, 0.38461538461538464, 0.6101694915254238]",B3nd,aptos2019,10,0,dinov2,2929,733
0.6808635052182638,0.6979373565444318,0.2646657571623465,"[0.9667590027700831, 0.5945945945945946, 0.66, 0.5897435897435898, 0.5932203389830508]",B3nd,aptos2019,11,0,dinov2,2929,733
0.6214086259601073,0.6823373271791741,0.25956284153005466,"[0.9695290858725761, 0.5675675675675675, 0.71, 0.3684210526315789, 0.4915254237288136]",B3nd,aptos2019,12,0,dinov2,2930,732
0.6220631040919318,0.6808557324171302,0.26229508196721313,"[0.9806094182825484, 0.5945945945945946, 0.66, 0.3157894736842105, 0.559322033898305]",B3nd,aptos2019,13,0,dinov2,2930,732
0.6442432417483502,0.6916499705784164,0.25956284153005466,"[0.9778393351800554, 0.4594594594594595, 0.7035175879396985, 0.48717948717948717, 0.5932203389830508]",B3nd,aptos2019,14,0,dinov2,2930,732
0.6531874243621745,0.7211304971113637,0.24147339699863574,"[0.9889196675900277, 0.5945945945945946, 0.755, 0.4358974358974359, 0.4915254237288136]",B4nd,aptos2019,0,0,dinov2,2929,733
0.6265004573205897,0.6906539188659838,0.26330150068212826,"[0.9861495844875346, 0.581081081081081, 0.69, 0.28205128205128205, 0.5932203389830508]",B4nd,aptos2019,1,0,dinov2,2929,733
0.6239781426104258,0.6949988222838658,0.2650273224043716,"[0.9778393351800554, 0.5540540540540541, 0.745, 0.3684210526315789, 0.4745762711864407]",B4nd,aptos2019,2,0,dinov2,2930,732
0.6308567754100878,0.6863123521493983,0.2718579234972678,"[0.9750692520775623, 0.5540540540540541, 0.705, 0.39473684210526316, 0.5254237288135594]",B4nd,aptos2019,3,0,dinov2,2930,732
0.5904728794988346,0.6809230890070241,0.2923497267759563,"[0.9889196675900277, 0.43243243243243246, 0.7487437185929648, 0.3076923076923077, 0.4745762711864407]",B4nd,aptos2019,4,0,dinov2,2930,732
0.5867154006007004,0.678016794247384,0.27967257844474763,"[0.9916897506925207, 0.581081081081081, 0.715, 0.20512820512820512, 0.4406779661016949]",B4nd,aptos2019,5,0,dinov2,2929,733
0.6312125882035268,0.7068285552874353,0.24283765347885403,"[0.9833795013850416, 0.5135135135135135, 0.75, 0.28205128205128205, 0.6271186440677966]",B4nd,aptos2019,6,0,dinov2,2929,733
0.5894986936323618,0.6662926387969899,0.28825136612021857,"[0.9833795013850416, 0.43243243243243246, 0.715, 0.34210526315789475, 0.4745762711864407]",B4nd,aptos2019,7,0,dinov2,2930,732
0.5969940994565155,0.6839203866287851,0.2691256830601093,"[0.9861495844875346, 0.5675675675675675, 0.735, 0.2894736842105263, 0.4067796610169492]",B4nd,aptos2019,8,0,dinov2,2930,732
0.615229200700385,0.6917271538785451,0.27459016393442626,"[0.9861495844875346, 0.5945945945945946, 0.7135678391959799, 0.2564102564102564, 0.5254237288135594]",B4nd,aptos2019,9,0,dinov2,2930,732
0.6062430141518361,0.6925313879787992,0.2810368349249659,"[0.9778393351800554, 0.581081081081081, 0.75, 0.23076923076923078, 0.4915254237288136]",B4nd,aptos2019,10,0,dinov2,2929,733
0.6036530899830115,0.6760631337934935,0.2837653478854025,"[0.9833795013850416, 0.581081081081081, 0.705, 0.358974358974359, 0.3898305084745763]",B4nd,aptos2019,11,0,dinov2,2929,733
0.6182171209662173,0.6957534228182007,0.25546448087431695,"[0.9722991689750693, 0.5540540540540541, 0.765, 0.34210526315789475, 0.4576271186440678]",B4nd,aptos2019,12,0,dinov2,2930,732
0.6303023920676393,0.6910047285853612,0.2773224043715847,"[0.9833795013850416, 0.6351351351351351, 0.69, 0.3684210526315789, 0.4745762711864407]",B4nd,aptos2019,13,0,dinov2,2930,732
0.6338947298985294,0.6970290378913562,0.26366120218579236,"[0.9833795013850416, 0.5135135135135135, 0.7286432160804021, 0.38461538461538464, 0.559322033898305]",B4nd,aptos2019,14,0,dinov2,2930,732
0.6832768109083898,0.6397416453396059,0.6057692307692307,"[0.625, 0.9333333333333333, 0.5833333333333334, 0.6666666666666666, 0.5454545454545454, 0.7368421052631579, 0.6923076923076923]",A3nd,oral_diseases,0,0,dinov2,412,104
0.6307767524872788,0.5596563262996855,0.7281553398058253,"[0.6875, 1.0, 0.75, 0.2777777777777778, 0.45454545454545453, 0.5789473684210527, 0.6666666666666666]",A3nd,oral_diseases,1,0,dinov2,413,103
0.698105111263006,0.6582269192162561,0.6213592233009708,"[1.0, 0.8666666666666667, 0.8333333333333334, 0.5555555555555556, 0.36363636363636365, 0.6842105263157895, 0.5833333333333334]",A3nd,oral_diseases,2,0,dinov2,413,103
0.6924852924852924,0.6480752638418622,0.5436893203883495,"[0.8666666666666667, 0.9333333333333333, 0.5384615384615384, 0.4444444444444444, 0.36363636363636365, 0.7777777777777778, 0.9230769230769231]",A3nd,oral_diseases,3,0,dinov2,413,103
0.662438146648673,0.6129862285381362,0.6796116504854369,"[0.75, 1.0, 0.5833333333333334, 0.5555555555555556, 0.4, 0.5789473684210527, 0.7692307692307693]",A3nd,oral_diseases,4,0,dinov2,413,103
0.6701857353173144,0.6312212237602622,0.7115384615384616,"[0.8125, 0.9333333333333333, 0.6666666666666666, 0.5, 0.2727272727272727, 0.7368421052631579, 0.7692307692307693]",A3nd,oral_diseases,5,0,dinov2,412,104
0.6414881901724009,0.6026094943503577,0.7572815533980582,"[0.875, 0.9333333333333333, 0.5, 0.6111111111111112, 0.2727272727272727, 0.631578947368421, 0.6666666666666666]",A3nd,oral_diseases,6,0,dinov2,413,103
0.6570811498443078,0.5950377920231215,0.6796116504854369,"[0.6875, 0.9333333333333333, 0.5, 0.6111111111111112, 0.7272727272727273, 0.47368421052631576, 0.6666666666666666]",A3nd,oral_diseases,7,0,dinov2,413,103
0.6706737706737708,0.615112682280159,0.7087378640776699,"[0.8, 1.0, 0.6153846153846154, 0.5555555555555556, 0.45454545454545453, 0.5, 0.7692307692307693]",A3nd,oral_diseases,8,0,dinov2,413,103
0.6498730801362381,0.5807743536834573,0.7378640776699029,"[0.875, 1.0, 0.75, 0.3888888888888889, 0.6, 0.47368421052631576, 0.46153846153846156]",A3nd,oral_diseases,9,0,dinov2,413,103
0.68706768377821,0.6314944011574086,0.7211538461538461,"[0.8125, 1.0, 0.8333333333333334, 0.3888888888888889, 0.2727272727272727, 0.5789473684210527, 0.9230769230769231]",A3nd,oral_diseases,10,0,dinov2,412,104
0.609438368648895,0.5484925353682307,0.7961165048543689,"[0.875, 0.9333333333333333, 0.6666666666666666, 0.3333333333333333, 0.5454545454545454, 0.5789473684210527, 0.3333333333333333]",A3nd,oral_diseases,11,0,dinov2,413,103
0.6336864889496469,0.5812084419457593,0.7572815533980582,"[0.75, 1.0, 0.5833333333333334, 0.6666666666666666, 0.5454545454545454, 0.47368421052631576, 0.4166666666666667]",A3nd,oral_diseases,12,0,dinov2,413,103
0.6611055611055612,0.6135295316879054,0.6019417475728155,"[0.9333333333333333, 0.9333333333333333, 0.6153846153846154, 0.6111111111111112, 0.36363636363636365, 0.5555555555555556, 0.6153846153846154]",A3nd,oral_diseases,13,0,dinov2,413,103
0.7538855150697257,0.7035860718676867,0.5825242718446602,"[0.6875, 1.0, 0.6666666666666666, 0.7222222222222222, 0.8, 0.631578947368421, 0.7692307692307693]",A3nd,oral_diseases,14,0,dinov2,413,103
0.7054436061015009,0.6619845067705593,0.6442307692307693,"[0.6875, 0.9333333333333333, 0.75, 0.7222222222222222, 0.5454545454545454, 0.6842105263157895, 0.6153846153846154]",A4nd,oral_diseases,0,0,dinov2,412,104
0.6779116351484772,0.6161802647986618,0.6504854368932039,"[0.8125, 1.0, 0.6666666666666666, 0.4444444444444444, 0.5454545454545454, 0.5263157894736842, 0.75]",A4nd,oral_diseases,1,0,dinov2,413,103
0.7120177337282599,0.6697653993187009,0.6116504854368932,"[0.9375, 0.8666666666666667, 0.75, 0.7222222222222222, 0.5454545454545454, 0.5789473684210527, 0.5833333333333334]",A4nd,oral_diseases,2,0,dinov2,413,103
0.6817404817404817,0.647430354339178,0.5436893203883495,"[0.8666666666666667, 0.8666666666666667, 0.46153846153846156, 0.6666666666666666, 0.36363636363636365, 0.7777777777777778, 0.7692307692307693]",A4nd,oral_diseases,3,0,dinov2,413,103
0.6864043120622069,0.6470979334684929,0.5728155339805825,"[0.8125, 1.0, 0.5833333333333334, 0.5555555555555556, 0.4, 0.6842105263157895, 0.7692307692307693]",A4nd,oral_diseases,4,0,dinov2,413,103
0.7111447762763552,0.6624216036418421,0.625,"[0.8125, 0.9333333333333333, 0.6666666666666666, 0.5, 0.6363636363636364, 0.7368421052631579, 0.6923076923076923]",A4nd,oral_diseases,5,0,dinov2,412,104
0.7241000227842332,0.6817175908465297,0.6019417475728155,"[0.875, 0.9333333333333333, 0.6666666666666666, 0.6666666666666666, 0.5454545454545454, 0.631578947368421, 0.75]",A4nd,oral_diseases,6,0,dinov2,413,103
0.6743402065770487,0.6178718090881911,0.5728155339805825,"[0.6875, 0.9333333333333333, 0.5, 0.6111111111111112, 0.5454545454545454, 0.5263157894736842, 0.9166666666666666]",A4nd,oral_diseases,7,0,dinov2,413,103
0.6820734820734821,0.6286100095682936,0.5825242718446602,"[0.7333333333333333, 1.0, 0.5384615384615384, 0.6666666666666666, 0.5454545454545454, 0.4444444444444444, 0.8461538461538461]",A4nd,oral_diseases,8,0,dinov2,413,103
0.7476166377482166,0.705591930146198,0.5631067961165048,"[0.9375, 1.0, 0.6666666666666666, 0.5, 0.7, 0.7368421052631579, 0.6923076923076923]",A4nd,oral_diseases,9,0,dinov2,413,103
0.7630096511675459,0.7100179872066469,0.5480769230769231,"[0.875, 1.0, 0.75, 0.4444444444444444, 0.8181818181818182, 0.6842105263157895, 0.7692307692307693]",A4nd,oral_diseases,10,0,dinov2,412,104
0.645660552897395,0.5812666218681042,0.7572815533980582,"[0.8125, 0.9333333333333333, 0.6666666666666666, 0.4444444444444444, 0.6363636363636364, 0.5263157894736842, 0.5]",A4nd,oral_diseases,11,0,dinov2,413,103
0.6811346548188653,0.6365851309046614,0.6990291262135923,"[0.75, 1.0, 0.5833333333333334, 0.6666666666666666, 0.6363636363636364, 0.631578947368421, 0.5]",A4nd,oral_diseases,12,0,dinov2,413,103
0.6548784548784549,0.6129603871463002,0.6407766990291263,"[0.8666666666666667, 0.8666666666666667, 0.6153846153846154, 0.6666666666666666, 0.36363636363636365, 0.6666666666666666, 0.5384615384615384]",A4nd,oral_diseases,13,0,dinov2,413,103
0.71817122935544,0.669546390665867,0.6310679611650486,"[0.6875, 0.9333333333333333, 0.5833333333333334, 0.7222222222222222, 0.7, 0.631578947368421, 0.7692307692307693]",A4nd,oral_diseases,14,0,dinov2,413,103
