dataset,arm,config,fold,exploratory,bacc,per_class_recall,qwk,macro_mae,bacc_leakex,n_leaked,train_acc,a_ratio,pair_cos,row_cos,wnorm_ratio,wnorm_spearman
oral_diseases,A0,ce·wd1e-4,0,탐색적/exploratory (w13 · 판정 아님 / not a verdict),0.6886837577627052,"[0.9375, 1.0, 0.5, 0.6111111111111112, 0.5454545454545454, 0.8421052631578947, 0.38461538461538464]",,0.5865384615384616,,0,1.0,,,,,
oral_diseases,A2,wce·wd1e-4,0,탐색적/exploratory (w13 · 판정 아님 / not a verdict),0.6886837577627052,"[0.9375, 1.0, 0.5, 0.6111111111111112, 0.5454545454545454, 0.8421052631578947, 0.38461538461538464]",,0.5865384615384616,,0,1.0,,,,,
oral_diseases,affine,full,0,탐색적/exploratory (w13 · 판정 아님 / not a verdict),0.6541352653194759,"[0.9375, 0.9333333333333333, 0.5, 0.5555555555555556, 0.6363636363636364, 0.631578947368421, 0.38461538461538464]",,0.6538461538461539,,0,,1.3513679504394531,0.9970569326764062,1.0,,
oral_diseases,affine_offset,offset,0,탐색적/exploratory (w13 · 판정 아님 / not a verdict),0.681164960770224,"[0.9375, 1.0, 0.5, 0.6111111111111112, 0.5454545454545454, 0.7894736842105263, 0.38461538461538464]",,0.5961538461538461,,0,,1.0,1.0000000141915821,1.0,,
oral_diseases,affine_scale,scale,0,탐색적/exploratory (w13 · 판정 아님 / not a verdict),0.6581908588487536,"[0.9375, 1.0, 0.5, 0.5555555555555556, 0.5454545454545454, 0.6842105263157895, 0.38461538461538464]",,0.6346153846153846,,0,,1.3084086179733276,0.9985837936401367,1.0,,
oral_diseases,affine_taunorm,tau=0.0,0,탐색적/exploratory (w13 · 판정 아님 / not a verdict),0.6886837577627052,"[0.9375, 1.0, 0.5, 0.6111111111111112, 0.5454545454545454, 0.8421052631578947, 0.38461538461538464]",,0.5865384615384616,,0,,,,,1.5866403579711914,0.3214285714285715
oral_diseases,vs,"g=0.3,t=1.5",0,탐색적/exploratory (w13 · 판정 아님 / not a verdict),0.6581908588487536,"[0.9375, 1.0, 0.5, 0.5555555555555556, 0.5454545454545454, 0.6842105263157895, 0.38461538461538464]",,0.6346153846153846,,0,1.0,,0.992142623379117,0.9922001361846924,,
oral_diseases,vs_la_corner,"g=0,t=1",0,탐색적/exploratory (w13 · 판정 아님 / not a verdict),0.681164960770224,"[0.9375, 1.0, 0.5, 0.6111111111111112, 0.5454545454545454, 0.7894736842105263, 0.38461538461538464]",,0.5961538461538461,,0,,,0.9976728132792881,0.9976428151130676,,
oral_diseases,wd_ce,wd=1.0,0,탐색적/exploratory (w13 · 판정 아님 / not a verdict),0.6487473783526415,"[0.9375, 0.9333333333333333, 0.4166666666666667, 0.6111111111111112, 0.5454545454545454, 0.7894736842105263, 0.3076923076923077]",,0.6634615384615384,,0,1.0,,,0.9386078119277954,,
oral_diseases,wd_wce,wd=0.0001,0,탐색적/exploratory (w13 · 판정 아님 / not a verdict),0.6886837577627052,"[0.9375, 1.0, 0.5, 0.6111111111111112, 0.5454545454545454, 0.8421052631578947, 0.38461538461538464]",,0.5865384615384616,,0,1.0,,,0.9931269288063049,,
oral_diseases,A0,ce·wd1e-4,1,탐색적/exploratory (w13 · 판정 아님 / not a verdict),0.7911900964532543,"[1.0, 0.9333333333333333, 0.8333333333333334, 0.5555555555555556, 0.9090909090909091, 0.47368421052631576, 0.8333333333333334]",,0.4368932038834951,,0,1.0,,,,,
oral_diseases,A2,wce·wd1e-4,1,탐색적/exploratory (w13 · 판정 아님 / not a verdict),0.8041771094402673,"[1.0, 0.9333333333333333, 0.8333333333333334, 0.5555555555555556, 1.0, 0.47368421052631576, 0.8333333333333334]",,0.4077669902912621,,0,1.0,,,,,
oral_diseases,affine,full,1,탐색적/exploratory (w13 · 판정 아님 / not a verdict),0.7887218045112782,"[1.0, 0.9333333333333333, 0.8333333333333334, 0.5, 1.0, 0.42105263157894735, 0.8333333333333334]",,0.44660194174757284,,0,,1.4409035444259644,0.9970115224520365,1.0,,
oral_diseases,affine_offset,offset,1,탐색적/exploratory (w13 · 판정 아님 / not a verdict),0.7911900964532543,"[1.0, 0.9333333333333333, 0.8333333333333334, 0.5555555555555556, 0.9090909090909091, 0.47368421052631576, 0.8333333333333334]",,0.4368932038834951,,0,,1.0,0.9999999914850507,1.0,,
oral_diseases,affine_scale,scale,1,탐색적/exploratory (w13 · 판정 아님 / not a verdict),0.7812030075187969,"[1.0, 0.9333333333333333, 0.8333333333333334, 0.5, 1.0, 0.3684210526315789, 0.8333333333333334]",,0.4563106796116505,,0,,1.3275959491729736,0.9985763998258681,1.0,,
oral_diseases,affine_taunorm,tau=0.1,1,탐색적/exploratory (w13 · 판정 아님 / not a verdict),0.7911900964532543,"[1.0, 0.9333333333333333, 0.8333333333333334, 0.5555555555555556, 0.9090909090909091, 0.47368421052631576, 0.8333333333333334]",,0.44660194174757284,,0,,,,,1.6330780982971191,-0.3571428571428572
oral_diseases,vs,"g=0.2,t=0.5",1,탐색적/exploratory (w13 · 판정 아님 / not a verdict),0.7887218045112782,"[1.0, 0.9333333333333333, 0.8333333333333334, 0.5, 1.0, 0.42105263157894735, 0.8333333333333334]",,0.4368932038834951,,0,1.0,,0.9974777556601024,0.9976091384887695,,
oral_diseases,vs_la_corner,"g=0,t=1",1,탐색적/exploratory (w13 · 판정 아님 / not a verdict),0.8041771094402673,"[1.0, 0.9333333333333333, 0.8333333333333334, 0.5555555555555556, 1.0, 0.47368421052631576, 0.8333333333333334]",,0.4077669902912621,,0,,,0.99714347862062,0.9972043037414551,,
oral_diseases,wd_ce,wd=0.1,1,탐색적/exploratory (w13 · 판정 아님 / not a verdict),0.7962406015037594,"[1.0, 0.9333333333333333, 0.8333333333333334, 0.5, 1.0, 0.47368421052631576, 0.8333333333333334]",,0.44660194174757284,,0,1.0,,,0.9989051818847656,,
oral_diseases,wd_wce,wd=1.0,1,탐색적/exploratory (w13 · 판정 아님 / not a verdict),0.7713488266119846,"[1.0, 0.9333333333333333, 0.8333333333333334, 0.5, 0.9090909090909091, 0.47368421052631576, 0.75]",,0.49514563106796117,,0,1.0,,,0.9331583976745605,,
oral_diseases,A0,ce·wd1e-4,2,탐색적/exploratory (w13 · 판정 아님 / not a verdict),0.7217190704032809,"[0.875, 1.0, 0.6666666666666666, 0.6666666666666666, 0.5454545454545454, 0.631578947368421, 0.6666666666666666]",,0.5048543689320388,,0,1.0,,,,,
oral_diseases,A2,wce·wd1e-4,2,탐색적/exploratory (w13 · 판정 아님 / not a verdict),0.7227111338953444,"[0.9375, 1.0, 0.6666666666666666, 0.6111111111111112, 0.5454545454545454, 0.631578947368421, 0.6666666666666666]",,0.47572815533980584,,0,1.0,,,,,
oral_diseases,affine,full,2,탐색적/exploratory (w13 · 판정 아님 / not a verdict),0.7307378294220399,"[0.875, 1.0, 0.75, 0.5555555555555556, 0.6363636363636364, 0.631578947368421, 0.6666666666666666]",,0.49514563106796117,,0,,1.5700114965438843,0.9952907846087501,1.0,,
oral_diseases,affine_offset,offset,2,탐색적/exploratory (w13 · 판정 아님 / not a verdict),0.7256873243715349,"[0.875, 1.0, 0.75, 0.6111111111111112, 0.5454545454545454, 0.631578947368421, 0.6666666666666666]",,0.4854368932038835,,0,,1.0,0.9999999829701015,1.0,,
oral_diseases,affine_scale,scale,2,탐색적/exploratory (w13 · 판정 아님 / not a verdict),0.7296555783397889,"[0.875, 1.0, 0.8333333333333334, 0.5555555555555556, 0.5454545454545454, 0.631578947368421, 0.6666666666666666]",,0.47572815533980584,,0,,1.3543696403503418,0.9979332997685387,1.0,,
oral_diseases,affine_taunorm,tau=0.6,2,탐색적/exploratory (w13 · 판정 아님 / not a verdict),0.6882262474367737,"[0.875, 1.0, 0.6666666666666666, 0.6666666666666666, 0.36363636363636365, 0.5789473684210527, 0.6666666666666666]",,0.5533980582524272,,0,,,,,1.599462866783142,-0.28571428571428575
oral_diseases,vs,"g=0.3,t=1.5",2,탐색적/exploratory (w13 · 판정 아님 / not a verdict),0.747693096377307,"[0.875, 1.0, 0.8333333333333334, 0.5, 0.7272727272727273, 0.631578947368421, 0.6666666666666666]",,0.46601941747572817,,0,0.9951573849878934,,0.9922052763757252,0.9924817085266113,,
oral_diseases,vs_la_corner,"g=0,t=1",2,탐색적/exploratory (w13 · 판정 아님 / not a verdict),0.713782562466773,"[0.875, 1.0, 0.6666666666666666, 0.6111111111111112, 0.5454545454545454, 0.631578947368421, 0.6666666666666666]",,0.5145631067961165,,0,,,0.9976653030940464,0.997664749622345,,
oral_diseases,wd_ce,wd=0.01,2,탐색적/exploratory (w13 · 판정 아님 / not a verdict),0.7217190704032809,"[0.875, 1.0, 0.6666666666666666, 0.6666666666666666, 0.5454545454545454, 0.631578947368421, 0.6666666666666666]",,0.5048543689320388,,0,1.0,,,0.9999909400939941,,
oral_diseases,wd_wce,wd=0.0001,2,탐색적/exploratory (w13 · 판정 아님 / not a verdict),0.7227111338953444,"[0.9375, 1.0, 0.6666666666666666, 0.6111111111111112, 0.5454545454545454, 0.631578947368421, 0.6666666666666666]",,0.47572815533980584,,0,1.0,,,0.9932698011398315,,
oral_diseases,A0,ce·wd1e-4,3,탐색적/exploratory (w13 · 판정 아님 / not a verdict),0.7454878454878455,"[0.8666666666666667, 0.9333333333333333, 0.6923076923076923, 0.5, 0.6363636363636364, 0.6666666666666666, 0.9230769230769231]",,0.42718446601941745,,0,1.0,,,,,
oral_diseases,A2,wce·wd1e-4,3,탐색적/exploratory (w13 · 판정 아님 / not a verdict),0.7454878454878455,"[0.8666666666666667, 0.9333333333333333, 0.6923076923076923, 0.5, 0.6363636363636364, 0.6666666666666666, 0.9230769230769231]",,0.42718446601941745,,0,1.0,,,,,
oral_diseases,affine,full,3,탐색적/exploratory (w13 · 판정 아님 / not a verdict),0.7584748584748586,"[0.8666666666666667, 0.9333333333333333, 0.6923076923076923, 0.5, 0.7272727272727273, 0.6666666666666666, 0.9230769230769231]",,0.4174757281553398,,0,,1.4146679639816284,0.9978865214756557,1.0,,
oral_diseases,affine_offset,offset,3,탐색적/exploratory (w13 · 판정 아님 / not a verdict),0.7454878454878455,"[0.8666666666666667, 0.9333333333333333, 0.6923076923076923, 0.5, 0.6363636363636364, 0.6666666666666666, 0.9230769230769231]",,0.42718446601941745,,0,,1.0,1.0000000283831643,1.0,,
oral_diseases,affine_scale,scale,3,탐색적/exploratory (w13 · 판정 아님 / not a verdict),0.7505383505383507,"[0.8666666666666667, 0.9333333333333333, 0.6923076923076923, 0.4444444444444444, 0.7272727272727273, 0.6666666666666666, 0.9230769230769231]",,0.4368932038834951,,0,,1.2036876678466797,0.9990437144324893,1.0,,
oral_diseases,affine_taunorm,tau=0.4,3,탐색적/exploratory (w13 · 판정 아님 / not a verdict),0.7344988344988346,"[0.8666666666666667, 0.9333333333333333, 0.6153846153846154, 0.5, 0.6363636363636364, 0.6666666666666666, 0.9230769230769231]",,0.4368932038834951,,0,,,,,1.5684484243392944,0.1785714285714286
oral_diseases,vs,"g=0.3,t=1.0",3,탐색적/exploratory (w13 · 판정 아님 / not a verdict),0.7714618714618716,"[0.8666666666666667, 0.9333333333333333, 0.6923076923076923, 0.5, 0.8181818181818182, 0.6666666666666666, 0.9230769230769231]",,0.3883495145631068,,0,0.9951573849878934,,0.9939646692503066,0.9941995739936829,,
oral_diseases,vs_la_corner,"g=0,t=1",3,탐색적/exploratory (w13 · 판정 아님 / not a verdict),0.7584748584748586,"[0.8666666666666667, 0.9333333333333333, 0.6923076923076923, 0.5, 0.7272727272727273, 0.6666666666666666, 0.9230769230769231]",,0.4174757281553398,,0,,,0.9974398385910761,0.9974424242973328,,
oral_diseases,wd_ce,wd=0.3,3,탐색적/exploratory (w13 · 판정 아님 / not a verdict),0.7534243534243534,"[0.8666666666666667, 0.9333333333333333, 0.6923076923076923, 0.5, 0.6363636363636364, 0.7222222222222222, 0.9230769230769231]",,0.4077669902912621,,0,1.0,,,0.9892135858535767,,
oral_diseases,wd_wce,wd=1.0,3,탐색적/exploratory (w13 · 판정 아님 / not a verdict),0.7692973692973694,"[0.8666666666666667, 0.9333333333333333, 0.6923076923076923, 0.6666666666666666, 0.6363636363636364, 0.6666666666666666, 0.9230769230769231]",,0.4077669902912621,,0,1.0,,,0.9321132898330688,,
oral_diseases,A0,ce·wd1e-4,4,탐색적/exploratory (w13 · 판정 아님 / not a verdict),0.770840562945826,"[0.75, 1.0, 0.6666666666666666, 0.6666666666666666, 0.6, 0.7894736842105263, 0.9230769230769231]",,0.46601941747572817,,0,1.0,,,,,
oral_diseases,A2,wce·wd1e-4,4,탐색적/exploratory (w13 · 판정 아님 / not a verdict),0.7565548486601118,"[0.75, 1.0, 0.6666666666666666, 0.6666666666666666, 0.5, 0.7894736842105263, 0.9230769230769231]",,0.4854368932038835,,0,1.0,,,,,
oral_diseases,affine,full,4,탐색적/exploratory (w13 · 판정 아님 / not a verdict),0.7499518025833815,"[0.75, 1.0, 0.75, 0.6666666666666666, 0.5, 0.7368421052631579, 0.8461538461538461]",,0.49514563106796117,,0,,1.4763509035110474,0.9957622970853534,1.0,,
oral_diseases,affine_offset,offset,4,탐색적/exploratory (w13 · 판정 아님 / not a verdict),0.7609408135723925,"[0.75, 1.0, 0.75, 0.6666666666666666, 0.5, 0.7368421052631579, 0.9230769230769231]",,0.4368932038834951,,0,,1.0,0.9999999829701015,1.0,,
oral_diseases,affine_scale,scale,4,탐색적/exploratory (w13 · 판정 아님 / not a verdict),0.7563010089325878,"[0.75, 1.0, 0.75, 0.6111111111111112, 0.6, 0.7368421052631579, 0.8461538461538461]",,0.4854368932038835,,0,,1.3757041692733765,0.9979541017895653,1.0,,
oral_diseases,affine_taunorm,tau=0.2,4,탐색적/exploratory (w13 · 판정 아님 / not a verdict),0.770840562945826,"[0.75, 1.0, 0.6666666666666666, 0.6666666666666666, 0.6, 0.7894736842105263, 0.9230769230769231]",,0.46601941747572817,,0,,,,,1.6189985275268555,-0.14285714285714288
oral_diseases,vs,"g=0.4,t=1.5",4,탐색적/exploratory (w13 · 판정 아님 / not a verdict),0.7593535119850909,"[0.75, 1.0, 0.75, 0.5555555555555556, 0.6, 0.7368421052631579, 0.9230769230769231]",,0.4368932038834951,,0,0.9951573849878934,,0.9912136282239642,0.9916618466377258,,
oral_diseases,vs_la_corner,"g=0,t=1",4,탐색적/exploratory (w13 · 판정 아님 / not a verdict),0.755385258016837,"[0.75, 1.0, 0.6666666666666666, 0.6111111111111112, 0.6, 0.7368421052631579, 0.9230769230769231]",,0.4854368932038835,,0,,,0.997650751045772,0.997684121131897,,
oral_diseases,wd_ce,wd=1.0,4,탐색적/exploratory (w13 · 판정 아님 / not a verdict),0.7464815885868517,"[0.75, 1.0, 0.75, 0.6666666666666666, 0.5, 0.7894736842105263, 0.7692307692307693]",,0.47572815533980584,,0,1.0,,,0.9349526166915894,,
oral_diseases,wd_wce,wd=0.3,4,탐색적/exploratory (w13 · 판정 아님 / not a verdict),0.7684596105648737,"[0.75, 1.0, 0.75, 0.6666666666666666, 0.5, 0.7894736842105263, 0.9230769230769231]",,0.4077669902912621,,0,1.0,,,0.9836075901985168,,
oral_diseases,A0,ce·wd1e-4,5,탐색적/exploratory (w13 · 판정 아님 / not a verdict),0.7423967845020477,"[1.0, 0.9333333333333333, 0.6666666666666666, 0.5555555555555556, 0.6363636363636364, 0.7894736842105263, 0.6153846153846154]",,0.3942307692307692,,0,1.0,,,,,
oral_diseases,A2,wce·wd1e-4,5,탐색적/exploratory (w13 · 판정 아님 / not a verdict),0.7423967845020477,"[1.0, 0.9333333333333333, 0.6666666666666666, 0.5555555555555556, 0.6363636363636364, 0.7894736842105263, 0.6153846153846154]",,0.3942307692307692,,0,1.0,,,,,
oral_diseases,affine,full,5,탐색적/exploratory (w13 · 판정 아님 / not a verdict),0.7647925174240964,"[1.0, 0.9333333333333333, 0.8333333333333334, 0.4444444444444444, 0.6363636363636364, 0.7368421052631579, 0.7692307692307693]",,0.375,,0,,1.365073800086975,0.9975696007410685,1.0,,
oral_diseases,affine_offset,offset,5,탐색적/exploratory (w13 · 판정 아님 / not a verdict),0.7573540494593126,"[1.0, 0.9333333333333333, 0.75, 0.5, 0.6363636363636364, 0.7894736842105263, 0.6923076923076923]",,0.38461538461538464,,0,,1.0,0.9999999772934687,1.0,,
oral_diseases,affine_scale,scale,5,탐색적/exploratory (w13 · 판정 아님 / not a verdict),0.7647925174240964,"[1.0, 0.9333333333333333, 0.8333333333333334, 0.4444444444444444, 0.6363636363636364, 0.7368421052631579, 0.7692307692307693]",,0.375,,0,,1.2116631269454956,0.9986818574723744,1.0,,
oral_diseases,affine_taunorm,tau=0.1,5,탐색적/exploratory (w13 · 판정 아님 / not a verdict),0.7423967845020477,"[1.0, 0.9333333333333333, 0.6666666666666666, 0.5555555555555556, 0.6363636363636364, 0.7894736842105263, 0.6153846153846154]",,0.3942307692307692,,0,,,,,1.5815311670303345,-0.10714285714285716
oral_diseases,vs,"g=0.4,t=0.0",5,탐색적/exploratory (w13 · 판정 아님 / not a verdict),0.7907665433981224,"[1.0, 0.9333333333333333, 0.8333333333333334, 0.4444444444444444, 0.8181818181818182, 0.7368421052631579, 0.7692307692307693]",,0.3557692307692308,,0,1.0,,0.9968319819087074,0.9970389008522034,,
oral_diseases,vs_la_corner,"g=0,t=1",5,탐색적/exploratory (w13 · 판정 아님 / not a verdict),0.7423967845020477,"[1.0, 0.9333333333333333, 0.6666666666666666, 0.5555555555555556, 0.6363636363636364, 0.7894736842105263, 0.6153846153846154]",,0.3942307692307692,,0,,,0.9974100305920556,0.9972538948059082,,
oral_diseases,wd_ce,wd=0.01,5,탐색적/exploratory (w13 · 판정 아님 / not a verdict),0.7423967845020477,"[1.0, 0.9333333333333333, 0.6666666666666666, 0.5555555555555556, 0.6363636363636364, 0.7894736842105263, 0.6153846153846154]",,0.3942307692307692,,0,1.0,,,0.9999902248382568,,
oral_diseases,wd_wce,wd=0.3,5,탐색적/exploratory (w13 · 판정 아님 / not a verdict),0.7652905573958205,"[1.0, 0.9333333333333333, 0.75, 0.5555555555555556, 0.6363636363636364, 0.7894736842105263, 0.6923076923076923]",,0.38461538461538464,,0,1.0,,,0.983716607093811,,
oral_diseases,A0,ce·wd1e-4,6,탐색적/exploratory (w13 · 판정 아님 / not a verdict),0.7286426293005241,"[0.9375, 0.9333333333333333, 0.6666666666666666, 0.6666666666666666, 0.5454545454545454, 0.6842105263157895, 0.6666666666666666]",,0.44660194174757284,,0,1.0,,,,,
oral_diseases,A2,wce·wd1e-4,6,탐색적/exploratory (w13 · 판정 아님 / not a verdict),0.7286426293005241,"[0.9375, 0.9333333333333333, 0.6666666666666666, 0.6666666666666666, 0.5454545454545454, 0.6842105263157895, 0.6666666666666666]",,0.44660194174757284,,0,1.0,,,,,
oral_diseases,affine,full,6,탐색적/exploratory (w13 · 판정 아님 / not a verdict),0.7246743753322701,"[0.9375, 0.9333333333333333, 0.8333333333333334, 0.5555555555555556, 0.5454545454545454, 0.6842105263157895, 0.5833333333333334]",,0.5242718446601942,,0,,1.460210919380188,0.9961566470918202,1.0,,
oral_diseases,affine_offset,offset,6,탐색적/exploratory (w13 · 판정 아님 / not a verdict),0.7326108832687781,"[0.9375, 0.9333333333333333, 0.6666666666666666, 0.6111111111111112, 0.5454545454545454, 0.6842105263157895, 0.75]",,0.44660194174757284,,0,,1.0,0.9999999772934687,1.0,,
oral_diseases,affine_scale,scale,6,탐색적/exploratory (w13 · 판정 아님 / not a verdict),0.737661388319283,"[0.9375, 0.9333333333333333, 0.8333333333333334, 0.5555555555555556, 0.6363636363636364, 0.6842105263157895, 0.5833333333333334]",,0.5436893203883495,,0,,1.1985989809036255,0.9990066346668062,1.0,,
oral_diseases,affine_taunorm,tau=0.0,6,탐색적/exploratory (w13 · 판정 아님 / not a verdict),0.7286426293005241,"[0.9375, 0.9333333333333333, 0.6666666666666666, 0.6666666666666666, 0.5454545454545454, 0.6842105263157895, 0.6666666666666666]",,0.44660194174757284,,0,,,,,1.6450706720352173,0.07142857142857144
oral_diseases,vs,"g=0.4,t=0.5",6,탐색적/exploratory (w13 · 판정 아님 / not a verdict),0.7536245917824865,"[0.875, 0.9333333333333333, 0.75, 0.5555555555555556, 0.7272727272727273, 0.6842105263157895, 0.75]",,0.5145631067961165,,0,0.9975786924939467,,0.9944187317575727,0.9947040677070618,,
oral_diseases,vs_la_corner,"g=0,t=1",6,탐색적/exploratory (w13 · 판정 아님 / not a verdict),0.7257566264145213,"[0.9375, 0.9333333333333333, 0.6666666666666666, 0.5555555555555556, 0.6363636363636364, 0.6842105263157895, 0.6666666666666666]",,0.49514563106796117,,0,,,0.9971872227532523,0.9972031116485596,,
oral_diseases,wd_ce,wd=1.0,6,탐색적/exploratory (w13 · 판정 아님 / not a verdict),0.749566150224045,"[0.9375, 0.9333333333333333, 0.6666666666666666, 0.7222222222222222, 0.6363636363636364, 0.6842105263157895, 0.6666666666666666]",,0.4174757281553398,,0,1.0,,,0.9395199418067932,,
oral_diseases,wd_wce,wd=0.1,6,탐색적/exploratory (w13 · 판정 아님 / not a verdict),0.7286426293005241,"[0.9375, 0.9333333333333333, 0.6666666666666666, 0.6666666666666666, 0.5454545454545454, 0.6842105263157895, 0.6666666666666666]",,0.44660194174757284,,0,1.0,,,0.9923650622367859,,
oral_diseases,A0,ce·wd1e-4,7,탐색적/exploratory (w13 · 판정 아님 / not a verdict),0.7395192526771474,"[0.75, 1.0, 0.5833333333333334, 0.6666666666666666, 0.9090909090909091, 0.6842105263157895, 0.5833333333333334]",,0.4563106796116505,,0,1.0,,,,,
oral_diseases,A2,wce·wd1e-4,7,탐색적/exploratory (w13 · 판정 아님 / not a verdict),0.7395192526771474,"[0.75, 1.0, 0.5833333333333334, 0.6666666666666666, 0.9090909090909091, 0.6842105263157895, 0.5833333333333334]",,0.4563106796116505,,0,1.0,,,,,
oral_diseases,affine,full,7,탐색적/exploratory (w13 · 판정 아님 / not a verdict),0.737468671679198,"[0.75, 1.0, 0.5833333333333334, 0.6666666666666666, 1.0, 0.5789473684210527, 0.5833333333333334]",,0.47572815533980584,,0,,1.5716803073883057,0.9952871373721531,1.0,,
oral_diseases,affine_offset,offset,7,탐색적/exploratory (w13 · 판정 아님 / not a verdict),0.7320004556846662,"[0.75, 1.0, 0.5833333333333334, 0.6666666666666666, 0.9090909090909091, 0.631578947368421, 0.5833333333333334]",,0.46601941747572817,,0,,1.0,0.9999999574252537,1.0,,
oral_diseases,affine_scale,scale,7,탐색적/exploratory (w13 · 판정 아님 / not a verdict),0.7240639477481583,"[0.75, 1.0, 0.5833333333333334, 0.6111111111111112, 0.9090909090909091, 0.631578947368421, 0.5833333333333334]",,0.4854368932038835,,0,,1.2920305728912354,0.9978927884783063,1.0,,
oral_diseases,affine_taunorm,tau=0.0,7,탐색적/exploratory (w13 · 판정 아님 / not a verdict),0.7395192526771474,"[0.75, 1.0, 0.5833333333333334, 0.6666666666666666, 0.9090909090909091, 0.6842105263157895, 0.5833333333333334]",,0.4563106796116505,,0,,,,,1.684744954109192,0.07142857142857144
oral_diseases,vs,"g=0.4,t=0.0",7,탐색적/exploratory (w13 · 판정 아님 / not a verdict),0.737468671679198,"[0.75, 1.0, 0.5833333333333334, 0.6666666666666666, 1.0, 0.5789473684210527, 0.5833333333333334]",,0.4174757281553398,,0,0.9951573849878934,,0.9965770783878508,0.9968152046203613,,
oral_diseases,vs_la_corner,"g=0,t=1",7,탐색적/exploratory (w13 · 판정 아님 / not a verdict),0.7320004556846662,"[0.75, 1.0, 0.5833333333333334, 0.6666666666666666, 0.9090909090909091, 0.631578947368421, 0.5833333333333334]",,0.46601941747572817,,0,,,0.9972303736777532,0.9972992539405823,,
oral_diseases,wd_ce,wd=1.0,7,탐색적/exploratory (w13 · 판정 아님 / not a verdict),0.7259370015948964,"[0.8125, 0.9333333333333333, 0.5833333333333334, 0.6666666666666666, 0.8181818181818182, 0.6842105263157895, 0.5833333333333334]",,0.44660194174757284,,0,1.0,,,0.9397761225700378,,
oral_diseases,wd_wce,wd=1.0,7,탐색적/exploratory (w13 · 판정 아님 / not a verdict),0.730322966507177,"[0.8125, 0.9333333333333333, 0.6666666666666666, 0.6666666666666666, 0.8181818181818182, 0.631578947368421, 0.5833333333333334]",,0.44660194174757284,,0,1.0,,,0.9355085492134094,,
oral_diseases,A0,ce·wd1e-4,8,탐색적/exploratory (w13 · 판정 아님 / not a verdict),0.7984459984459985,"[0.9333333333333333, 1.0, 0.6923076923076923, 0.6666666666666666, 0.8181818181818182, 0.5555555555555556, 0.9230769230769231]",,0.4563106796116505,,0,1.0,,,,,
oral_diseases,A2,wce·wd1e-4,8,탐색적/exploratory (w13 · 판정 아님 / not a verdict),0.7984459984459985,"[0.9333333333333333, 1.0, 0.6923076923076923, 0.6666666666666666, 0.8181818181818182, 0.5555555555555556, 0.9230769230769231]",,0.4563106796116505,,0,1.0,,,,,
oral_diseases,affine,full,8,탐색적/exploratory (w13 · 판정 아님 / not a verdict),0.8014985014985015,"[0.9333333333333333, 1.0, 0.6923076923076923, 0.6111111111111112, 0.8181818181818182, 0.5555555555555556, 1.0]",,0.46601941747572817,,0,,1.4844894409179688,0.9965146921929859,1.0,,
oral_diseases,affine_offset,offset,8,탐색적/exploratory (w13 · 판정 아님 / not a verdict),0.7984459984459985,"[0.9333333333333333, 1.0, 0.6923076923076923, 0.6666666666666666, 0.8181818181818182, 0.5555555555555556, 0.9230769230769231]",,0.46601941747572817,,0,,1.0,0.9999999943233672,1.0,,
oral_diseases,affine_scale,scale,8,탐색적/exploratory (w13 · 판정 아님 / not a verdict),0.7935619935619936,"[0.9333333333333333, 1.0, 0.6923076923076923, 0.5555555555555556, 0.8181818181818182, 0.5555555555555556, 1.0]",,0.46601941747572817,,0,,1.3836252689361572,0.9975867157890683,1.0,,
oral_diseases,affine_taunorm,tau=0.4,8,탐색적/exploratory (w13 · 판정 아님 / not a verdict),0.7984459984459985,"[0.9333333333333333, 1.0, 0.6923076923076923, 0.6666666666666666, 0.8181818181818182, 0.5555555555555556, 0.9230769230769231]",,0.4563106796116505,,0,,,,,1.649510383605957,-0.3214285714285715
oral_diseases,vs,"g=0.4,t=1.5",8,탐색적/exploratory (w13 · 판정 아님 / not a verdict),0.8014985014985015,"[0.9333333333333333, 1.0, 0.6923076923076923, 0.6666666666666666, 0.8181818181818182, 0.5, 1.0]",,0.42718446601941745,,0,0.9975786924939467,,0.99000331617537,0.9903578758239746,,
oral_diseases,vs_la_corner,"g=0,t=1",8,탐색적/exploratory (w13 · 판정 아님 / not a verdict),0.7984459984459985,"[0.9333333333333333, 1.0, 0.6923076923076923, 0.6666666666666666, 0.8181818181818182, 0.5555555555555556, 0.9230769230769231]",,0.4563106796116505,,0,,,0.9975864518256414,0.997597873210907,,
oral_diseases,wd_ce,wd=1.0,8,탐색적/exploratory (w13 · 판정 아님 / not a verdict),0.7968586968586967,"[0.9333333333333333, 0.9333333333333333, 0.6923076923076923, 0.6666666666666666, 0.8181818181818182, 0.6111111111111112, 0.9230769230769231]",,0.4174757281553398,,0,1.0,,,0.9358618259429932,,
oral_diseases,wd_wce,wd=1.0,8,탐색적/exploratory (w13 · 판정 아님 / not a verdict),0.7968586968586967,"[0.9333333333333333, 0.9333333333333333, 0.6923076923076923, 0.6666666666666666, 0.8181818181818182, 0.6111111111111112, 0.9230769230769231]",,0.4174757281553398,,0,1.0,,,0.9304134249687195,,
oral_diseases,A0,ce·wd1e-4,9,탐색적/exploratory (w13 · 판정 아님 / not a verdict),0.7071476768845191,"[0.875, 1.0, 0.6666666666666666, 0.6666666666666666, 0.6, 0.5263157894736842, 0.6153846153846154]",,0.46601941747572817,,0,1.0,,,,,
oral_diseases,A2,wce·wd1e-4,9,탐색적/exploratory (w13 · 판정 아님 / not a verdict),0.6992111689480112,"[0.875, 1.0, 0.6666666666666666, 0.6111111111111112, 0.6, 0.5263157894736842, 0.6153846153846154]",,0.4854368932038835,,0,1.0,,,,,
oral_diseases,affine,full,9,탐색적/exploratory (w13 · 판정 아님 / not a verdict),0.7062070239701818,"[0.8125, 1.0, 0.6666666666666666, 0.4444444444444444, 0.7, 0.47368421052631576, 0.8461538461538461]",,0.5145631067961165,,0,,1.4640965461730957,0.9958071282931736,1.0,,
oral_diseases,affine_offset,offset,9,탐색적/exploratory (w13 · 판정 아님 / not a verdict),0.6853985926354348,"[0.8125, 1.0, 0.6666666666666666, 0.5, 0.6, 0.5263157894736842, 0.6923076923076923]",,0.5436893203883495,,0,,1.0,1.0000000141915821,1.0,,
oral_diseases,affine_scale,scale,9,탐색적/exploratory (w13 · 판정 아님 / not a verdict),0.7062070239701818,"[0.8125, 1.0, 0.6666666666666666, 0.4444444444444444, 0.7, 0.47368421052631576, 0.8461538461538461]",,0.5145631067961165,,0,,1.365816593170166,0.9979370406695774,1.0,,
oral_diseases,affine_taunorm,tau=0.0,9,탐색적/exploratory (w13 · 판정 아님 / not a verdict),0.7071476768845191,"[0.875, 1.0, 0.6666666666666666, 0.6666666666666666, 0.6, 0.5263157894736842, 0.6153846153846154]",,0.46601941747572817,,0,,,,,1.6223455667495728,0.0
oral_diseases,vs,"g=0.2,t=0.0",9,탐색적/exploratory (w13 · 판정 아님 / not a verdict),0.715557322794165,"[0.8125, 1.0, 0.6666666666666666, 0.6111111111111112, 0.7, 0.5263157894736842, 0.6923076923076923]",,0.5242718446601942,,0,0.9975786924939467,,0.9990912420409066,0.999138593673706,,
oral_diseases,vs_la_corner,"g=0,t=1",9,탐색적/exploratory (w13 · 판정 아님 / not a verdict),0.7071476768845191,"[0.875, 1.0, 0.6666666666666666, 0.6666666666666666, 0.6, 0.5263157894736842, 0.6153846153846154]",,0.46601941747572817,,0,,,0.9978578147434053,0.9978739619255066,,
oral_diseases,wd_ce,wd=0.3,9,탐색적/exploratory (w13 · 판정 아님 / not a verdict),0.7167269134374398,"[0.8125, 1.0, 0.6666666666666666, 0.6666666666666666, 0.6, 0.5789473684210527, 0.6923076923076923]",,0.46601941747572817,,0,1.0,,,0.9882979393005371,,
oral_diseases,wd_wce,wd=0.3,9,탐색적/exploratory (w13 · 판정 아님 / not a verdict),0.7167269134374398,"[0.8125, 1.0, 0.6666666666666666, 0.6666666666666666, 0.6, 0.5789473684210527, 0.6923076923076923]",,0.4563106796116505,,0,1.0,,,0.9831207394599915,,
oral_diseases,A0,ce·wd1e-4,10,탐색적/exploratory (w13 · 판정 아님 / not a verdict),0.8059013355065987,"[0.9375, 1.0, 0.75, 0.5, 0.8181818181818182, 0.7894736842105263, 0.8461538461538461]",,0.3269230769230769,,0,1.0,,,,,
oral_diseases,A2,wce·wd1e-4,10,탐색적/exploratory (w13 · 판정 아님 / not a verdict),0.8059013355065987,"[0.9375, 1.0, 0.75, 0.5, 0.8181818181818182, 0.7894736842105263, 0.8461538461538461]",,0.3173076923076923,,0,1.0,,,,,
oral_diseases,affine,full,10,탐색적/exploratory (w13 · 판정 아님 / not a verdict),0.7992982894298682,"[0.9375, 1.0, 0.8333333333333334, 0.5, 0.8181818181818182, 0.7368421052631579, 0.7692307692307693]",,0.3557692307692308,,0,,1.3331239223480225,0.9975325124604362,1.0,,
oral_diseases,affine_offset,offset,10,탐색적/exploratory (w13 · 판정 아님 / not a verdict),0.8039033335085968,"[0.9375, 1.0, 0.75, 0.5, 0.7272727272727273, 0.7894736842105263, 0.9230769230769231]",,0.3173076923076923,,0,,1.0,1.0000000028383165,1.0,,
oral_diseases,affine_scale,scale,10,탐색적/exploratory (w13 · 판정 아님 / not a verdict),0.7903697180012969,"[0.875, 1.0, 0.8333333333333334, 0.5, 0.8181818181818182, 0.7368421052631579, 0.7692307692307693]",,0.36538461538461536,,0,,1.2322959899902344,0.998926423844837,1.0,,
oral_diseases,affine_taunorm,tau=0.1,10,탐색적/exploratory (w13 · 판정 아님 / not a verdict),0.8059013355065987,"[0.9375, 1.0, 0.75, 0.5, 0.8181818181818182, 0.7894736842105263, 0.8461538461538461]",,0.3269230769230769,,0,,,,,1.615714192390442,-0.07142857142857144
oral_diseases,vs,"g=0.2,t=1.5",10,탐색적/exploratory (w13 · 판정 아님 / not a verdict),0.8212763114078904,"[0.9375, 1.0, 0.8333333333333334, 0.5, 0.8181818181818182, 0.7368421052631579, 0.9230769230769231]",,0.28846153846153844,,0,1.0,,0.9925111588977632,0.9925705194473267,,
oral_diseases,vs_la_corner,"g=0,t=1",10,탐색적/exploratory (w13 · 판정 아님 / not a verdict),0.8059013355065987,"[0.9375, 1.0, 0.75, 0.5, 0.8181818181818182, 0.7894736842105263, 0.8461538461538461]",,0.3173076923076923,,0,,,0.9970622062683105,0.9970018267631531,,
oral_diseases,wd_ce,wd=0.1,10,탐색적/exploratory (w13 · 판정 아님 / not a verdict),0.7929143225195857,"[0.9375, 1.0, 0.75, 0.5, 0.7272727272727273, 0.7894736842105263, 0.8461538461538461]",,0.33653846153846156,,0,1.0,,,0.9988725185394287,,
oral_diseases,wd_wce,wd=0.1,10,탐색적/exploratory (w13 · 판정 아님 / not a verdict),0.7929143225195857,"[0.9375, 1.0, 0.75, 0.5, 0.7272727272727273, 0.7894736842105263, 0.8461538461538461]",,0.3269230769230769,,0,1.0,,,0.9921611547470093,,
oral_diseases,A0,ce·wd1e-4,11,탐색적/exploratory (w13 · 판정 아님 / not a verdict),0.6732579554947976,"[0.9375, 0.9333333333333333, 0.6666666666666666, 0.6111111111111112, 0.45454545454545453, 0.5263157894736842, 0.5833333333333334]",,0.5533980582524272,,0,1.0,,,,,
oral_diseases,A2,wce·wd1e-4,11,탐색적/exploratory (w13 · 판정 아님 / not a verdict),0.6992319814688236,"[0.9375, 0.9333333333333333, 0.6666666666666666, 0.6111111111111112, 0.6363636363636364, 0.5263157894736842, 0.5833333333333334]",,0.5533980582524272,,0,1.0,,,,,
oral_diseases,affine,full,11,탐색적/exploratory (w13 · 판정 아님 / not a verdict),0.6831121364016102,"[0.9375, 0.9333333333333333, 0.75, 0.6111111111111112, 0.5454545454545454, 0.42105263157894735, 0.5833333333333334]",,0.5728155339805825,,0,,1.3436086177825928,0.9968096102987017,1.0,,
oral_diseases,affine_offset,offset,11,탐색적/exploratory (w13 · 판정 아님 / not a verdict),0.6950168983063721,"[0.9375, 0.9333333333333333, 0.75, 0.6111111111111112, 0.5454545454545454, 0.42105263157894735, 0.6666666666666666]",,0.5436893203883495,,0,,1.0,0.9999999886467343,1.0,,
oral_diseases,affine_scale,scale,11,탐색적/exploratory (w13 · 판정 아님 / not a verdict),0.6751756284651022,"[0.9375, 0.9333333333333333, 0.75, 0.5555555555555556, 0.5454545454545454, 0.42105263157894735, 0.5833333333333334]",,0.5825242718446602,,0,,1.3012311458587646,0.998126901331402,1.0,,
oral_diseases,affine_taunorm,tau=0.3,11,탐색적/exploratory (w13 · 판정 아님 / not a verdict),0.6851627173995596,"[0.9375, 0.9333333333333333, 0.6666666666666666, 0.6111111111111112, 0.45454545454545453, 0.5263157894736842, 0.6666666666666666]",,0.5436893203883495,,0,,,,,1.6445560455322266,-0.3214285714285715
oral_diseases,vs,"g=0.1,t=1.5",11,탐색적/exploratory (w13 · 판정 아님 / not a verdict),0.6946893749525328,"[0.875, 0.9333333333333333, 0.75, 0.6111111111111112, 0.6363636363636364, 0.47368421052631576, 0.5833333333333334]",,0.5728155339805825,,0,1.0,,0.9940143085661388,0.9941800236701965,,
oral_diseases,vs_la_corner,"g=0,t=1",11,탐색적/exploratory (w13 · 판정 아님 / not a verdict),0.6817023619655199,"[0.875, 0.9333333333333333, 0.6666666666666666, 0.6111111111111112, 0.5454545454545454, 0.47368421052631576, 0.6666666666666666]",,0.5825242718446602,,0,,,0.9975194987796602,0.9975504875183105,,
oral_diseases,wd_ce,wd=1.0,11,탐색적/exploratory (w13 · 판정 아님 / not a verdict),0.6743402065770487,"[0.9375, 0.9333333333333333, 0.6666666666666666, 0.6111111111111112, 0.5454545454545454, 0.5263157894736842, 0.5]",,0.6116504854368932,,0,1.0,,,0.9353731274604797,,
oral_diseases,wd_wce,wd=1.0,11,탐색적/exploratory (w13 · 판정 아님 / not a verdict),0.6873272195640617,"[0.9375, 0.9333333333333333, 0.6666666666666666, 0.6111111111111112, 0.6363636363636364, 0.5263157894736842, 0.5]",,0.5922330097087378,,0,1.0,,,0.9317933917045593,,
oral_diseases,A0,ce·wd1e-4,12,탐색적/exploratory (w13 · 판정 아님 / not a verdict),0.743724842409053,"[0.875, 1.0, 0.6666666666666666, 0.5555555555555556, 0.7272727272727273, 0.631578947368421, 0.75]",,0.4368932038834951,,0,1.0,,,,,
oral_diseases,A2,wce·wd1e-4,12,탐색적/exploratory (w13 · 판정 아님 / not a verdict),0.7805213792055898,"[0.875, 1.0, 0.8333333333333334, 0.5555555555555556, 0.8181818181818182, 0.631578947368421, 0.75]",,0.3786407766990291,,0,1.0,,,,,
oral_diseases,affine,full,12,탐색적/exploratory (w13 · 판정 아님 / not a verdict),0.7844896331738437,"[0.875, 1.0, 0.8333333333333334, 0.5, 0.8181818181818182, 0.631578947368421, 0.8333333333333334]",,0.3883495145631068,,0,,1.2855744361877441,0.9983139690898714,1.0,,
oral_diseases,affine_offset,offset,12,탐색적/exploratory (w13 · 판정 아님 / not a verdict),0.76068010936432,"[0.875, 1.0, 0.75, 0.5, 0.8181818181818182, 0.631578947368421, 0.75]",,0.4368932038834951,,0,,1.0,1.0000000085149492,1.0,,
oral_diseases,affine_scale,scale,12,탐색적/exploratory (w13 · 판정 아님 / not a verdict),0.7844896331738437,"[0.875, 1.0, 0.8333333333333334, 0.5, 0.8181818181818182, 0.631578947368421, 0.8333333333333334]",,0.3883495145631068,,0,,1.1688387393951416,0.9991270105044047,1.0,,
oral_diseases,affine_taunorm,tau=0.0,12,탐색적/exploratory (w13 · 판정 아님 / not a verdict),0.743724842409053,"[0.875, 1.0, 0.6666666666666666, 0.5555555555555556, 0.7272727272727273, 0.631578947368421, 0.75]",,0.4368932038834951,,0,,,,,1.6822386980056763,-0.07142857142857144
oral_diseases,vs,"g=0.4,t=1.5",12,탐색적/exploratory (w13 · 판정 아님 / not a verdict),0.7844896331738437,"[0.875, 1.0, 0.8333333333333334, 0.5, 0.8181818181818182, 0.631578947368421, 0.8333333333333334]",,0.3883495145631068,,0,0.9951573849878934,,0.9911289300237384,0.9914891123771667,,
oral_diseases,vs_la_corner,"g=0,t=1",12,탐색적/exploratory (w13 · 판정 아님 / not a verdict),0.7805213792055898,"[0.875, 1.0, 0.8333333333333334, 0.5555555555555556, 0.8181818181818182, 0.631578947368421, 0.75]",,0.3883495145631068,,0,,,0.9976917051133656,0.9977350831031799,,
oral_diseases,wd_ce,wd=1.0,12,탐색적/exploratory (w13 · 판정 아님 / not a verdict),0.7512436394015342,"[0.875, 1.0, 0.75, 0.5555555555555556, 0.7272727272727273, 0.6842105263157895, 0.6666666666666666]",,0.4077669902912621,,0,1.0,,,0.9423629641532898,,
oral_diseases,wd_wce,wd=0.0001,12,탐색적/exploratory (w13 · 판정 아님 / not a verdict),0.7805213792055898,"[0.875, 1.0, 0.8333333333333334, 0.5555555555555556, 0.8181818181818182, 0.631578947368421, 0.75]",,0.3786407766990291,,0,1.0,,,0.9934384226799011,,
oral_diseases,A0,ce·wd1e-4,13,탐색적/exploratory (w13 · 판정 아님 / not a verdict),0.7233433233433233,"[0.8666666666666667, 0.9333333333333333, 0.7692307692307693, 0.6666666666666666, 0.5454545454545454, 0.6666666666666666, 0.6153846153846154]",,0.49514563106796117,,0,1.0,,,,,
oral_diseases,A2,wce·wd1e-4,13,탐색적/exploratory (w13 · 판정 아님 / not a verdict),0.7233433233433233,"[0.8666666666666667, 0.9333333333333333, 0.7692307692307693, 0.6666666666666666, 0.5454545454545454, 0.6666666666666666, 0.6153846153846154]",,0.49514563106796117,,0,1.0,,,,,
oral_diseases,affine,full,13,탐색적/exploratory (w13 · 판정 아님 / not a verdict),0.7154068154068154,"[0.8666666666666667, 0.9333333333333333, 0.7692307692307693, 0.6666666666666666, 0.5454545454545454, 0.6111111111111112, 0.6153846153846154]",,0.5242718446601942,,0,,1.452187180519104,0.9962389043399266,1.0,,
oral_diseases,affine_offset,offset,13,탐색적/exploratory (w13 · 판정 아님 / not a verdict),0.7248085248085249,"[0.8, 0.9333333333333333, 0.7692307692307693, 0.6666666666666666, 0.5454545454545454, 0.6666666666666666, 0.6923076923076923]",,0.5242718446601942,,0,,1.0,1.0,1.0,,
oral_diseases,affine_scale,scale,13,탐색적/exploratory (w13 · 판정 아님 / not a verdict),0.7249306249306249,"[0.9333333333333333, 0.9333333333333333, 0.7692307692307693, 0.6666666666666666, 0.5454545454545454, 0.6111111111111112, 0.6153846153846154]",,0.47572815533980584,,0,,1.2782713174819946,0.9986726755187625,1.0,,
oral_diseases,affine_taunorm,tau=0.1,13,탐색적/exploratory (w13 · 판정 아님 / not a verdict),0.7154068154068154,"[0.8666666666666667, 0.9333333333333333, 0.7692307692307693, 0.6666666666666666, 0.5454545454545454, 0.6111111111111112, 0.6153846153846154]",,0.5048543689320388,,0,,,,,1.69440495967865,0.14285714285714288
oral_diseases,vs,"g=0.2,t=0.0",13,탐색적/exploratory (w13 · 판정 아님 / not a verdict),0.7058830058830059,"[0.8, 0.9333333333333333, 0.7692307692307693, 0.6666666666666666, 0.5454545454545454, 0.6111111111111112, 0.6153846153846154]",,0.5631067961165048,,0,0.9975786924939467,,0.9990316657792955,0.9990754127502441,,
oral_diseases,vs_la_corner,"g=0,t=1",13,탐색적/exploratory (w13 · 판정 아님 / not a verdict),0.7058830058830059,"[0.8, 0.9333333333333333, 0.7692307692307693, 0.6666666666666666, 0.5454545454545454, 0.6111111111111112, 0.6153846153846154]",,0.5631067961165048,,0,,,0.9975806020555043,0.9975504875183105,,
oral_diseases,wd_ce,wd=0.3,13,탐색적/exploratory (w13 · 판정 아님 / not a verdict),0.7233433233433233,"[0.8666666666666667, 0.9333333333333333, 0.7692307692307693, 0.6666666666666666, 0.5454545454545454, 0.6666666666666666, 0.6153846153846154]",,0.5048543689320388,,0,1.0,,,0.9891960024833679,,
oral_diseases,wd_wce,wd=0.3,13,탐색적/exploratory (w13 · 판정 아님 / not a verdict),0.7154068154068154,"[0.8666666666666667, 0.9333333333333333, 0.7692307692307693, 0.6666666666666666, 0.5454545454545454, 0.6111111111111112, 0.6153846153846154]",,0.5145631067961165,,0,1.0,,,0.983850359916687,,
oral_diseases,A0,ce·wd1e-4,14,탐색적/exploratory (w13 · 판정 아님 / not a verdict),0.7780918642760748,"[0.8125, 1.0, 0.6666666666666666, 0.6666666666666666, 0.9, 0.631578947368421, 0.7692307692307693]",,0.42718446601941745,,0,1.0,,,,,
oral_diseases,A2,wce·wd1e-4,14,탐색적/exploratory (w13 · 판정 아님 / not a verdict),0.7705730672835935,"[0.8125, 1.0, 0.6666666666666666, 0.6666666666666666, 0.9, 0.5789473684210527, 0.7692307692307693]",,0.44660194174757284,,0,1.0,,,,,
oral_diseases,affine,full,14,탐색적/exploratory (w13 · 판정 아님 / not a verdict),0.7855303322408586,"[0.8125, 1.0, 0.75, 0.6111111111111112, 0.9, 0.5789473684210527, 0.8461538461538461]",,0.44660194174757284,,0,,1.404990315437317,0.9968960682551066,1.0,,
oral_diseases,affine_offset,offset,14,탐색적/exploratory (w13 · 판정 아님 / not a verdict),0.7824778291883555,"[0.8125, 1.0, 0.75, 0.6666666666666666, 0.9, 0.5789473684210527, 0.7692307692307693]",,0.4368932038834951,,0,,1.0,1.0000000141915821,1.0,,
oral_diseases,affine_scale,scale,14,탐색적/exploratory (w13 · 판정 아님 / not a verdict),0.7934668401773665,"[0.8125, 1.0, 0.75, 0.6666666666666666, 0.9, 0.5789473684210527, 0.8461538461538461]",,0.42718446601941745,,0,,1.2746096849441528,0.9984579937798637,1.0,,
oral_diseases,affine_taunorm,tau=0.0,14,탐색적/exploratory (w13 · 판정 아님 / not a verdict),0.7780918642760748,"[0.8125, 1.0, 0.6666666666666666, 0.6666666666666666, 0.9, 0.631578947368421, 0.7692307692307693]",,0.42718446601941745,,0,,,,,1.5778542757034302,-0.07142857142857144
oral_diseases,vs,"g=0.3,t=0.5",14,탐색적/exploratory (w13 · 판정 아님 / not a verdict),0.7704927382558961,"[0.8125, 1.0, 0.75, 0.6111111111111112, 0.9, 0.47368421052631576, 0.8461538461538461]",,0.46601941747572817,,0,0.9975786924939467,,0.9963535042036147,0.9965885877609253,,
oral_diseases,vs_la_corner,"g=0,t=1",14,탐색적/exploratory (w13 · 판정 아님 / not a verdict),0.7824778291883555,"[0.8125, 1.0, 0.75, 0.6666666666666666, 0.9, 0.5789473684210527, 0.7692307692307693]",,0.4368932038834951,,0,,,0.9975895824886504,0.9975746273994446,,
oral_diseases,wd_ce,wd=0.01,14,탐색적/exploratory (w13 · 판정 아님 / not a verdict),0.7671028532870638,"[0.8125, 1.0, 0.6666666666666666, 0.6666666666666666, 0.9, 0.631578947368421, 0.6923076923076923]",,0.4368932038834951,,0,1.0,,,0.9999898076057434,,
oral_diseases,wd_wce,wd=1.0,14,탐색적/exploratory (w13 · 판정 아님 / not a verdict),0.7609938307306728,"[0.875, 1.0, 0.6666666666666666, 0.6666666666666666, 0.9, 0.5263157894736842, 0.6923076923076923]",,0.46601941747572817,,0,1.0,,,0.929471492767334,,
