dataset,arm,fold,selected,inner_mean,exploratory
oral_diseases,affine_taunorm,0,tau=0.0,0.7237598116169545,탐색적/exploratory (w13 · 판정 아님 / not a verdict)
oral_diseases,vs,0,"g=0.3,t=1.5",0.755322693179836,탐색적/exploratory (w13 · 판정 아님 / not a verdict)
oral_diseases,wd_ce,0,wd=1.0,0.7446555032269317,탐색적/exploratory (w13 · 판정 아님 / not a verdict)
oral_diseases,wd_wce,0,wd=0.0001,0.7356401534972964,탐색적/exploratory (w13 · 판정 아님 / not a verdict)
oral_diseases,affine_taunorm,1,tau=0.1,0.7425112982255839,탐색적/exploratory (w13 · 판정 아님 / not a verdict)
oral_diseases,vs,1,"g=0.2,t=0.5",0.7626360147788719,탐색적/exploratory (w13 · 판정 아님 / not a verdict)
oral_diseases,wd_ce,1,wd=0.1,0.7484636791779649,탐색적/exploratory (w13 · 판정 아님 / not a verdict)
oral_diseases,wd_wce,1,wd=1.0,0.7562658769801628,탐색적/exploratory (w13 · 판정 아님 / not a verdict)
oral_diseases,affine_taunorm,2,tau=0.6,0.73781845138988,탐색적/exploratory (w13 · 판정 아님 / not a verdict)
oral_diseases,vs,2,"g=0.3,t=1.5",0.7581029288172145,탐색적/exploratory (w13 · 판정 아님 / not a verdict)
oral_diseases,wd_ce,2,wd=0.01,0.7348479298479298,탐색적/exploratory (w13 · 판정 아님 / not a verdict)
oral_diseases,wd_wce,2,wd=0.0001,0.7377050727050728,탐색적/exploratory (w13 · 판정 아님 / not a verdict)
oral_diseases,affine_taunorm,3,tau=0.4,0.7535269492412349,탐색적/exploratory (w13 · 판정 아님 / not a verdict)
oral_diseases,vs,3,"g=0.3,t=1.0",0.7521171289028432,탐색적/exploratory (w13 · 판정 아님 / not a verdict)
oral_diseases,wd_ce,3,wd=0.3,0.7621624803767661,탐색적/exploratory (w13 · 판정 아님 / not a verdict)
oral_diseases,wd_wce,3,wd=1.0,0.759866562009419,탐색적/exploratory (w13 · 판정 아님 / not a verdict)
oral_diseases,affine_taunorm,4,tau=0.2,0.7182461189604046,탐색적/exploratory (w13 · 판정 아님 / not a verdict)
oral_diseases,vs,4,"g=0.4,t=1.5",0.7321463457177743,탐색적/exploratory (w13 · 판정 아님 / not a verdict)
oral_diseases,wd_ce,4,wd=1.0,0.7288827838827838,탐색적/exploratory (w13 · 판정 아님 / not a verdict)
oral_diseases,wd_wce,4,wd=0.3,0.7383254840397697,탐색적/exploratory (w13 · 판정 아님 / not a verdict)
oral_diseases,affine_taunorm,5,tau=0.1,0.719111285539857,탐색적/exploratory (w13 · 판정 아님 / not a verdict)
oral_diseases,vs,5,"g=0.4,t=0.0",0.7322762951334381,탐색적/exploratory (w13 · 판정 아님 / not a verdict)
oral_diseases,wd_ce,5,wd=0.01,0.7210160474446189,탐색적/exploratory (w13 · 판정 아님 / not a verdict)
oral_diseases,wd_wce,5,wd=0.3,0.7187031222745508,탐색적/exploratory (w13 · 판정 아님 / not a verdict)
oral_diseases,affine_taunorm,6,tau=0.0,0.7295817674389102,탐색적/exploratory (w13 · 판정 아님 / not a verdict)
oral_diseases,vs,6,"g=0.4,t=0.5",0.7498085248085248,탐색적/exploratory (w13 · 판정 아님 / not a verdict)
oral_diseases,wd_ce,6,wd=1.0,0.7369599448170877,탐색적/exploratory (w13 · 판정 아님 / not a verdict)
oral_diseases,wd_wce,6,wd=0.1,0.7413277991849421,탐색적/exploratory (w13 · 판정 아님 / not a verdict)
oral_diseases,affine_taunorm,7,tau=0.0,0.7462170369313226,탐색적/exploratory (w13 · 판정 아님 / not a verdict)
oral_diseases,vs,7,"g=0.4,t=0.0",0.7529534750963323,탐색적/exploratory (w13 · 판정 아님 / not a verdict)
oral_diseases,wd_ce,7,wd=1.0,0.7527267177267177,탐색적/exploratory (w13 · 판정 아님 / not a verdict)
oral_diseases,wd_wce,7,wd=1.0,0.7552437245294388,탐색적/exploratory (w13 · 판정 아님 / not a verdict)
oral_diseases,affine_taunorm,8,tau=0.4,0.7120338391766963,탐색적/exploratory (w13 · 판정 아님 / not a verdict)
oral_diseases,vs,8,"g=0.4,t=1.5",0.7426024768881911,탐색적/exploratory (w13 · 판정 아님 / not a verdict)
oral_diseases,wd_ce,8,wd=1.0,0.7355961102389674,탐색적/exploratory (w13 · 판정 아님 / not a verdict)
oral_diseases,wd_wce,8,wd=1.0,0.7248308041165183,탐색적/exploratory (w13 · 판정 아님 / not a verdict)
oral_diseases,affine_taunorm,9,tau=0.0,0.7187083551369267,탐색적/exploratory (w13 · 판정 아님 / not a verdict)
oral_diseases,vs,9,"g=0.2,t=0.0",0.7385382871097157,탐색적/exploratory (w13 · 판정 아님 / not a verdict)
oral_diseases,wd_ce,9,wd=0.3,0.727699284842142,탐색적/exploratory (w13 · 판정 아님 / not a verdict)
oral_diseases,wd_wce,9,wd=0.3,0.7302389673818246,탐색적/exploratory (w13 · 판정 아님 / not a verdict)
oral_diseases,affine_taunorm,10,tau=0.1,0.7065995115995116,탐색적/exploratory (w13 · 판정 아님 / not a verdict)
oral_diseases,vs,10,"g=0.2,t=1.5",0.7190031397174255,탐색적/exploratory (w13 · 판정 아님 / not a verdict)
oral_diseases,wd_ce,10,wd=0.1,0.7110195360195359,탐색적/exploratory (w13 · 판정 아님 / not a verdict)
oral_diseases,wd_wce,10,wd=0.1,0.7135592185592186,탐색적/exploratory (w13 · 판정 아님 / not a verdict)
oral_diseases,affine_taunorm,11,tau=0.3,0.7442363985221128,탐색적/exploratory (w13 · 판정 아님 / not a verdict)
oral_diseases,vs,11,"g=0.1,t=1.5",0.7571605378748236,탐색적/exploratory (w13 · 판정 아님 / not a verdict)
oral_diseases,wd_ce,11,wd=1.0,0.7748774241631384,탐색적/exploratory (w13 · 판정 아님 / not a verdict)
oral_diseases,wd_wce,11,wd=1.0,0.7743462886320029,탐색적/exploratory (w13 · 판정 아님 / not a verdict)
oral_diseases,affine_taunorm,12,tau=0.0,0.7382125017839303,탐색적/exploratory (w13 · 판정 아님 / not a verdict)
oral_diseases,vs,12,"g=0.4,t=1.5",0.7567300160157304,탐색적/exploratory (w13 · 판정 아님 / not a verdict)
oral_diseases,wd_ce,12,wd=1.0,0.7411273646987933,탐색적/exploratory (w13 · 판정 아님 / not a verdict)
oral_diseases,wd_wce,12,wd=0.0001,0.7476902462616748,탐색적/exploratory (w13 · 판정 아님 / not a verdict)
oral_diseases,affine_taunorm,13,tau=0.1,0.7339185417756846,탐색적/exploratory (w13 · 판정 아님 / not a verdict)
oral_diseases,vs,13,"g=0.2,t=0.0",0.7510047095761381,탐색적/exploratory (w13 · 판정 아님 / not a verdict)
oral_diseases,wd_ce,13,wd=0.3,0.7408006279434851,탐색적/exploratory (w13 · 판정 아님 / not a verdict)
oral_diseases,wd_wce,13,wd=0.3,0.7384650270364557,탐색적/exploratory (w13 · 판정 아님 / not a verdict)
oral_diseases,affine_taunorm,14,tau=0.0,0.7653680446537588,탐색적/exploratory (w13 · 판정 아님 / not a verdict)
oral_diseases,vs,14,"g=0.3,t=0.5",0.7748124890982033,탐색적/exploratory (w13 · 판정 아님 / not a verdict)
oral_diseases,wd_ce,14,wd=0.01,0.7721140763997905,탐색적/exploratory (w13 · 판정 아님 / not a verdict)
oral_diseases,wd_wce,14,wd=1.0,0.769394732251875,탐색적/exploratory (w13 · 판정 아님 / not a verdict)
