bacc,mcc,macro_mae,per_class_recall,arm,dataset,fold,n_train,n_test,head,feats,lever,rank_violation_rows,bias_ordered,biases
0.6945449340783865,0.6889457172180967,0.2551159618008186,"[0.9473684210526315, 0.6756756756756757, 0.615, 0.6923076923076923, 0.5423728813559322]",B3_legacy_repro,aptos2019,0,2929,733,legacy,panderm,rebalance,550,True,"[0.38364318013191223, -0.6837833523750305, -1.437422752380371, -1.4783607721328735]"
0.6695709392230355,0.6735035603496918,0.27967257844474763,"[0.9473684210526315, 0.7027027027027027, 0.6, 0.5384615384615384, 0.559322033898305]",B3_legacy_repro,aptos2019,1,2929,733,legacy,panderm,rebalance,549,True,"[0.40892601013183594, -0.6822022199630737, -1.4363950490951538, -1.4817084074020386]"
0.6723366685150806,0.6609607619246742,0.28688524590163933,"[0.9473684210526315, 0.7297297297297297, 0.52, 0.6052631578947368, 0.559322033898305]",B3_legacy_repro,aptos2019,2,2930,732,legacy,panderm,rebalance,546,True,"[0.3904171288013458, -0.7354162335395813, -1.4406734704971313, -1.4799261093139648]"
0.6642890606461667,0.650442753173908,0.29508196721311475,"[0.9279778393351801, 0.7297297297297297, 0.55, 0.6052631578947368, 0.5084745762711864]",B3_legacy_repro,aptos2019,3,2930,732,legacy,panderm,rebalance,557,True,"[0.4182949364185333, -0.7306767702102661, -1.4327991008758545, -1.4816895723342896]"
0.6442905882279614,0.6562431305614627,0.2814207650273224,"[0.9445983379501385, 0.581081081081081, 0.5979899497487438, 0.5384615384615384, 0.559322033898305]",B3_legacy_repro,aptos2019,4,2930,732,legacy,panderm,rebalance,544,True,"[0.3845796585083008, -0.6750624179840088, -1.4453320503234863, -1.4835233688354492]"
0.6482167057644779,0.6503005764410357,0.28512960436562074,"[0.9529085872576177, 0.6486486486486487, 0.55, 0.5641025641025641, 0.5254237288135594]",B3_legacy_repro,aptos2019,5,2929,733,legacy,panderm,rebalance,537,True,"[0.36120325326919556, -0.7342507243156433, -1.449181079864502, -1.4847317934036255]"
0.6986790627535734,0.6972650121665909,0.2592087312414734,"[0.9501385041551247, 0.7027027027027027, 0.615, 0.6153846153846154, 0.6101694915254238]",B3_legacy_repro,aptos2019,6,2929,733,legacy,panderm,rebalance,544,True,"[0.4222162365913391, -0.7039893865585327, -1.442454218864441, -1.4801069498062134]"
0.6610944911764669,0.6613999931037893,0.2923497267759563,"[0.9362880886426593, 0.7432432432432432, 0.58, 0.6052631578947368, 0.4406779661016949]",B3_legacy_repro,aptos2019,7,2930,732,legacy,panderm,rebalance,539,True,"[0.41238585114479065, -0.7046354413032532, -1.4352688789367676, -1.4842547178268433]"
0.6831477711807304,0.669400410904098,0.27595628415300544,"[0.9418282548476454, 0.6621621621621622, 0.57, 0.631578947368421, 0.6101694915254238]",B3_legacy_repro,aptos2019,8,2930,732,legacy,panderm,rebalance,543,True,"[0.4133630692958832, -0.7322525978088379, -1.4368937015533447, -1.4774147272109985]"
0.612489678210012,0.6300029481794517,0.31420765027322406,"[0.9335180055401662, 0.6081081081081081, 0.592964824120603, 0.48717948717948717, 0.4406779661016949]",B3_legacy_repro,aptos2019,9,2930,732,legacy,panderm,rebalance,557,True,"[0.3791917860507965, -0.6324716806411743, -1.439928650856018, -1.475257158279419]"
0.6833396972004419,0.6757166556940809,0.27012278308321963,"[0.9362880886426593, 0.6891891891891891, 0.6, 0.5641025641025641, 0.6271186440677966]",B3_legacy_repro,aptos2019,10,2929,733,legacy,panderm,rebalance,548,True,"[0.3932480812072754, -0.7286557555198669, -1.441578984260559, -1.4799538850784302]"
0.6405587536490397,0.6373347360811683,0.31105047748976805,"[0.9168975069252078, 0.7567567567567568, 0.55, 0.5384615384615384, 0.4406779661016949]",B3_legacy_repro,aptos2019,11,2929,733,legacy,panderm,rebalance,553,True,"[0.4121909439563751, -0.6705529093742371, -1.4365565776824951, -1.4822461605072021]"
0.6465779131871436,0.6487230458254761,0.3087431693989071,"[0.9418282548476454, 0.7027027027027027, 0.55, 0.631578947368421, 0.4067796610169492]",B3_legacy_repro,aptos2019,12,2930,732,legacy,panderm,rebalance,552,True,"[0.400292307138443, -0.6409815549850464, -1.433613896369934, -1.482024073600769]"
0.671303277783629,0.6769740273619783,0.26366120218579236,"[0.9445983379501385, 0.6486486486486487, 0.625, 0.5789473684210527, 0.559322033898305]",B3_legacy_repro,aptos2019,13,2930,732,legacy,panderm,rebalance,530,True,"[0.4021344780921936, -0.729252278804779, -1.4415152072906494, -1.480032205581665]"
0.6643687307845462,0.6843218640560937,0.25546448087431695,"[0.961218836565097, 0.6351351351351351, 0.628140703517588, 0.48717948717948717, 0.6101694915254238]",B3_legacy_repro,aptos2019,14,2930,732,legacy,panderm,rebalance,539,True,"[0.36962056159973145, -0.7329034209251404, -1.4404860734939575, -1.480474591255188]"
0.5120047579822218,0.462933117783259,0.519781718963165,"[0.7617728531855956, 0.4864864864864865, 0.37, 0.1282051282051282, 0.8135593220338984]",B3c,aptos2019,0,2929,733,coral_true,panderm,rebalance,0,True,"[1.0814437866210938, -0.33610859513282776, -1.38619863986969, -1.7025140523910522]"
0.5504392239628635,0.5135333285765906,0.46248294679399726,"[0.7894736842105263, 0.6891891891891891, 0.4, 0.07692307692307693, 0.7966101694915254]",B3c,aptos2019,1,2929,733,coral_true,panderm,rebalance,0,True,"[1.087377905845642, -0.33495843410491943, -1.3873473405838013, -1.7029567956924438]"
0.5294808295783459,0.48233673392853554,0.5095628415300546,"[0.7700831024930748, 0.581081081081081, 0.385, 0.13157894736842105, 0.7796610169491526]",B3c,aptos2019,2,2930,732,coral_true,panderm,rebalance,0,True,"[1.0830292701721191, -0.3380754888057709, -1.3885960578918457, -1.703201174736023]"
0.5308940135496781,0.4998212059536552,0.4959016393442623,"[0.7894736842105263, 0.5405405405405406, 0.415, 0.07894736842105263, 0.8305084745762712]",B3c,aptos2019,3,2930,732,coral_true,panderm,rebalance,0,True,"[1.081046223640442, -0.3450203537940979, -1.3924750089645386, -1.705163836479187]"
0.5240426967081508,0.48775599209612835,0.4849726775956284,"[0.7700831024930748, 0.47297297297297297, 0.4271356783919598, 0.10256410256410256, 0.847457627118644]",B3c,aptos2019,4,2930,732,coral_true,panderm,rebalance,0,True,"[1.081694483757019, -0.3406986892223358, -1.3898626565933228, -1.704227089881897]"
0.5360532071544326,0.5015180462485038,0.48840381991814463,"[0.7867036011080333, 0.5945945945945946, 0.425, 0.1282051282051282, 0.7457627118644068]",B3c,aptos2019,5,2929,733,coral_true,panderm,rebalance,0,True,"[1.0772844552993774, -0.34554171562194824, -1.3938015699386597, -1.7058433294296265]"
0.5467352211558513,0.5085615339195495,0.4815825375170532,"[0.7922437673130194, 0.47297297297297297, 0.425, 0.1282051282051282, 0.9152542372881356]",B3c,aptos2019,6,2929,733,coral_true,panderm,rebalance,0,True,"[1.0794256925582886, -0.34269094467163086, -1.3885931968688965, -1.7031153440475464]"
0.5241908692579147,0.4810806458963747,0.5040983606557377,"[0.7534626038781164, 0.5675675675675675, 0.415, 0.10526315789473684, 0.7796610169491526]",B3c,aptos2019,7,2930,732,coral_true,panderm,rebalance,0,True,"[1.0915541648864746, -0.327244371175766, -1.3859739303588867, -1.7034142017364502]"
0.5200903227280051,0.49195014859820285,0.49863387978142076,"[0.7728531855955678, 0.6216216216216216, 0.4, 0.02631578947368421, 0.7796610169491526]",B3c,aptos2019,8,2930,732,coral_true,panderm,rebalance,0,True,"[1.079202651977539, -0.3439137935638428, -1.3880600929260254, -1.7025039196014404]"
0.5207545664839883,0.48136708913728493,0.5040983606557377,"[0.7506925207756233, 0.5675675675675675, 0.4371859296482412, 0.10256410256410256, 0.7457627118644068]",B3c,aptos2019,9,2930,732,coral_true,panderm,rebalance,0,True,"[1.0867549180984497, -0.3345249891281128, -1.3894933462142944, -1.7039293050765991]"
0.5434159261704217,0.5004546769284576,0.48567530695770805,"[0.7673130193905817, 0.5675675675675675, 0.44, 0.1794871794871795, 0.7627118644067796]",B3c,aptos2019,10,2929,733,coral_true,panderm,rebalance,0,True,"[1.084348201751709, -0.33823180198669434, -1.3894490003585815, -1.704122543334961]"
0.5372768180026737,0.4804907595832308,0.4870395634379263,"[0.7562326869806094, 0.5540540540540541, 0.4, 0.1794871794871795, 0.7966101694915254]",B3c,aptos2019,11,2929,733,coral_true,panderm,rebalance,0,True,"[1.0919914245605469, -0.3284761905670166, -1.386689305305481, -1.7033240795135498]"
0.5112500866047511,0.46580967944664453,0.5396174863387978,"[0.7451523545706371, 0.5405405405405406, 0.395, 0.07894736842105263, 0.7966101694915254]",B3c,aptos2019,12,2930,732,coral_true,panderm,rebalance,0,True,"[1.0874230861663818, -0.3307163119316101, -1.385512113571167, -1.7021794319152832]"
0.5538252931554964,0.5353364186662088,0.43989071038251365,"[0.8060941828254847, 0.6081081081081081, 0.47, 0.10526315789473684, 0.7796610169491526]",B3c,aptos2019,13,2930,732,coral_true,panderm,rebalance,0,True,"[1.0796782970428467, -0.34254249930381775, -1.3884304761886597, -1.7029776573181152]"
0.5112612179088747,0.48491879683307443,0.47540983606557374,"[0.814404432132964, 0.4594594594594595, 0.39195979899497485, 0.07692307692307693, 0.8135593220338984]",B3c,aptos2019,14,2930,732,coral_true,panderm,rebalance,0,True,"[1.0748720169067383, -0.35150280594825745, -1.3948471546173096, -1.7058587074279785]"
0.5465661507213223,0.6123927423800882,0.3956343792633015,"[0.9944598337950139, 0.28378378378378377, 0.505, 0.05128205128205128, 0.8983050847457628]",B3nc,aptos2019,0,2929,733,coral_true,panderm,none,0,True,"[0.22865256667137146, -0.4980786442756653, -1.6145581007003784, -1.673431396484375]"
0.5496687786610318,0.6141203611306353,0.3888130968622101,"[0.9806094182825484, 0.43243243243243246, 0.53, 0.02564102564102564, 0.7796610169491526]",B3nc,aptos2019,1,2929,733,coral_true,panderm,none,0,True,"[0.2293333262205124, -0.5006847381591797, -1.6163798570632935, -1.6749258041381836]"
0.524126031802026,0.5784881933483091,0.43579234972677594,"[0.9778393351800554, 0.36486486486486486, 0.455, 0.02631578947368421, 0.7966101694915254]",B3nc,aptos2019,2,2930,732,coral_true,panderm,none,0,True,"[0.22412312030792236, -0.5048669576644897, -1.6165016889572144, -1.6752249002456665]"
0.5357259318100203,0.5905813841439467,0.42213114754098363,"[0.9750692520775623, 0.33783783783783783, 0.475, 0.02631578947368421, 0.864406779661017]",B3nc,aptos2019,3,2930,732,coral_true,panderm,none,0,True,"[0.23678065836429596, -0.49380168318748474, -1.614761233329773, -1.6740039587020874]"
0.5543860645663617,0.6276035082502902,0.37841530054644806,"[0.9944598337950139, 0.3108108108108108, 0.542713567839196, 0.02564102564102564, 0.8983050847457628]",B3nc,aptos2019,4,2930,732,coral_true,panderm,none,0,True,"[0.22036637365818024, -0.50657719373703, -1.6168428659439087, -1.6751664876937866]"
0.5517252560212793,0.6109505706733037,0.39017735334242837,"[0.9833795013850416, 0.40540540540540543, 0.505, 0.05128205128205128, 0.8135593220338984]",B3nc,aptos2019,5,2929,733,coral_true,panderm,none,0,True,"[0.22603560984134674, -0.5010430812835693, -1.616503119468689, -1.6750874519348145]"
0.5486279180725399,0.6161551453058125,0.4024556616643929,"[0.9916897506925207, 0.2972972972972973, 0.505, 0.0, 0.9491525423728814]",B3nc,aptos2019,6,2929,733,coral_true,panderm,none,0,True,"[0.21517808735370636, -0.5112536549568176, -1.6162750720977783, -1.6745779514312744]"
0.5479511346174101,0.620829469683161,0.3948087431693989,"[0.9889196675900277, 0.3783783783783784, 0.525, 0.0, 0.847457627118644]",B3nc,aptos2019,7,2930,732,coral_true,panderm,none,0,True,"[0.2411922961473465, -0.4880423843860626, -1.6141728162765503, -1.6736561059951782]"
0.5487811114086056,0.6124175208777223,0.40710382513661203,"[0.9916897506925207, 0.3108108108108108, 0.515, 0.07894736842105263, 0.847457627118644]",B3nc,aptos2019,8,2930,732,coral_true,panderm,none,0,True,"[0.22315792739391327, -0.5072957277297974, -1.6165250539779663, -1.6751972436904907]"
0.513292831210463,0.5795906576492983,0.4275956284153005,"[0.9750692520775623, 0.2972972972972973, 0.49748743718592964, 0.0, 0.7966101694915254]",B3nc,aptos2019,9,2930,732,coral_true,panderm,none,0,True,"[0.2339806854724884, -0.4954338073730469, -1.6157091856002808, -1.6743862628936768]"
0.5619774532213144,0.627947238059049,0.3888130968622101,"[0.9861495844875346, 0.4864864864864865, 0.515, 0.02564102564102564, 0.7966101694915254]",B3nc,aptos2019,10,2929,733,coral_true,panderm,none,0,True,"[0.22141103446483612, -0.5056711435317993, -1.6167576313018799, -1.6751856803894043]"
0.538827526479482,0.5996125748296026,0.40654843110504774,"[0.9833795013850416, 0.35135135135135137, 0.495, 0.0, 0.864406779661017]",B3nc,aptos2019,11,2929,733,coral_true,panderm,none,0,True,"[0.23407615721225739, -0.4960360825061798, -1.6153736114501953, -1.674116611480713]"
0.5330388040042484,0.5866386866559374,0.43306010928961747,"[0.9750692520775623, 0.35135135135135137, 0.465, 0.02631578947368421, 0.847457627118644]",B3nc,aptos2019,12,2930,732,coral_true,panderm,none,0,True,"[0.24389885365962982, -0.48666131496429443, -1.6134332418441772, -1.6729627847671509]"
0.5594489983668819,0.6382702433786611,0.3620218579234973,"[0.9944598337950139, 0.3783783783783784, 0.56, 0.0, 0.864406779661017]",B3nc,aptos2019,13,2930,732,coral_true,panderm,none,0,True,"[0.2174767106771469, -0.5093494653701782, -1.6166796684265137, -1.6753572225570679]"
0.5101330686536636,0.5905538474625587,0.4030054644808743,"[0.9916897506925207, 0.20270270270270271, 0.542713567839196, 0.0, 0.8135593220338984]",B3nc,aptos2019,14,2930,732,coral_true,panderm,none,0,True,"[0.22508549690246582, -0.5033160448074341, -1.6165965795516968, -1.6750223636627197]"
0.5126154611418708,0.457991243822005,0.5525238744884038,"[0.7479224376731302, 0.6216216216216216, 0.32, 0.07692307692307693, 0.7966101694915254]",B3dc,aptos2019,0,2929,733,coral_true,dinov2,rebalance,0,True,"[1.1012895107269287, -0.32224297523498535, -1.3940743207931519, -1.707292914390564]"
0.549664734047522,0.4976054557068061,0.49113233287858116,"[0.8005540166204986, 0.5675675675675675, 0.345, 0.15384615384615385, 0.8813559322033898]",B3dc,aptos2019,1,2929,733,coral_true,dinov2,rebalance,0,True,"[1.112216591835022, -0.3137194812297821, -1.3928430080413818, -1.7070674896240234]"
0.5112068108767953,0.4722655987377505,0.5,"[0.7950138504155124, 0.5135135135135135, 0.355, 0.07894736842105263, 0.8135593220338984]",B3dc,aptos2019,2,2930,732,coral_true,dinov2,rebalance,0,True,"[1.1000592708587646, -0.3283810615539551, -1.3990284204483032, -1.7098639011383057]"
0.4795777076198223,0.42563724283499305,0.5669398907103825,"[0.7063711911357341, 0.5405405405405406, 0.345, 0.02631578947368421, 0.7796610169491526]",B3dc,aptos2019,3,2930,732,coral_true,dinov2,rebalance,0,True,"[1.0986590385437012, -0.33136430382728577, -1.402221441268921, -1.7112239599227905]"
0.4601066617201095,0.4219859414878085,0.5887978142076503,"[0.7229916897506925, 0.40540540540540543, 0.36683417085427134, 0.02564102564102564, 0.7796610169491526]",B3dc,aptos2019,4,2930,732,coral_true,dinov2,rebalance,0,True,"[1.104188084602356, -0.3191165328025818, -1.3975791931152344, -1.7099121809005737]"
0.5218337071320309,0.447973696163362,0.538881309686221,"[0.7285318559556787, 0.5, 0.345, 0.20512820512820512, 0.8305084745762712]",B3dc,aptos2019,5,2929,733,coral_true,dinov2,rebalance,0,True,"[1.0996053218841553, -0.3265150785446167, -1.3987915515899658, -1.7100043296813965]"
0.4953164643839324,0.4409843755822166,0.5634379263301501,"[0.7506925207756233, 0.4189189189189189, 0.34, 0.10256410256410256, 0.864406779661017]",B3dc,aptos2019,6,2929,733,coral_true,dinov2,rebalance,0,True,"[1.1068276166915894, -0.3188023269176483, -1.3945627212524414, -1.7081397771835327]"
0.5283008338165857,0.4593300626163674,0.5573770491803278,"[0.7008310249307479, 0.5540540540540541, 0.4, 0.10526315789473684, 0.8813559322033898]",B3dc,aptos2019,7,2930,732,coral_true,dinov2,rebalance,0,True,"[1.1115213632583618, -0.31375065445899963, -1.3940726518630981, -1.7080081701278687]"
0.5066869336588573,0.4534567938723522,0.5314207650273224,"[0.739612188365651, 0.5, 0.375, 0.10526315789473684, 0.8135593220338984]",B3dc,aptos2019,8,2930,732,coral_true,dinov2,rebalance,0,True,"[1.0913002490997314, -0.33799177408218384, -1.400930404663086, -1.7097889184951782]"
0.5024403520444456,0.4533114623605085,0.5491803278688525,"[0.7728531855955678, 0.5405405405405406, 0.3165829145728643, 0.10256410256410256, 0.7796610169491526]",B3dc,aptos2019,9,2930,732,coral_true,dinov2,rebalance,0,True,"[1.1041263341903687, -0.32407090067863464, -1.3981975317001343, -1.7092061042785645]"
0.5019294507139007,0.4555001925467179,0.557980900409277,"[0.775623268698061, 0.527027027027027, 0.3, 0.02564102564102564, 0.8813559322033898]",B3dc,aptos2019,10,2929,733,coral_true,dinov2,rebalance,0,True,"[1.1066356897354126, -0.3189968764781952, -1.3958802223205566, -1.7086312770843506]"
0.5041791707919226,0.4438114213673977,0.5566166439290586,"[0.6731301939058172, 0.5405405405405406, 0.425, 0.10256410256410256, 0.7796610169491526]",B3dc,aptos2019,11,2929,733,coral_true,dinov2,rebalance,0,True,"[1.1044965982437134, -0.3213602602481842, -1.397566318511963, -1.7094813585281372]"
0.5114549255579821,0.464769039599013,0.5218579234972678,"[0.739612188365651, 0.5540540540540541, 0.405, 0.07894736842105263, 0.7796610169491526]",B3dc,aptos2019,12,2930,732,coral_true,dinov2,rebalance,0,True,"[1.1006865501403809, -0.3266149163246155, -1.3978084325790405, -1.7092013359069824]"
0.526078563515861,0.47673900909548,0.4972677595628415,"[0.7590027700831025, 0.5675675675675675, 0.385, 0.10526315789473684, 0.8135593220338984]",B3dc,aptos2019,13,2930,732,coral_true,dinov2,rebalance,0,True,"[1.1011124849319458, -0.32517009973526, -1.3979721069335938, -1.7093636989593506]"
0.5049894723082484,0.4576059389124818,0.5286885245901639,"[0.7340720221606648, 0.4594594594594595, 0.40703517587939697, 0.07692307692307693, 0.847457627118644]",B3dc,aptos2019,14,2930,732,coral_true,dinov2,rebalance,0,True,"[1.1015981435775757, -0.32799866795539856, -1.399218201637268, -1.7098383903503418]"
